course_code,course_name,course_type,credits,total_hours,major
BIO0786,细胞生物学,必修,2.5,48,中西医临床医学
BMS0514,系统解剖学,必修,4.5,96,中西医临床医学
BMS0533,病理生理学,必修,3,48,中西医临床医学
BMS0544,病理学,必修,4,80,中西医临床医学
BMS0553,病原生物学,必修,3.5,72,中西医临床医学
BMS0563,组织学与胚胎学,必修,2.5,56,中西医临床医学
BMS0587,药理学,必修,3,48,中西医临床医学
BMS0599,生物化学与分子生物学,必修,5,104,中西医临床医学
BMS0671,机能实验1,必修,1,32,中西医临床医学
BMS0681,机能实验2,必修,2,64,中西医临床医学
BMS0747,生理学,必修,4.5,72,中西医临床医学
BMS0806,医学免疫学,必修,2,36,中西医临床医学
CHE0721,基础化学（一）,必修,4.5,72,中西医临床医学
CHE0821,有机化学（一）,必修,6,96,中西医临床医学
CHI0001,中国语文,必修,2,32,中西医临床医学
CLF0582,手术学,必修,1,32,中西医临床医学
CLF0603,物理诊断学,必修,4,80,中西医临床医学
CLS0005,选科实习,必修,1,2w,中西医临床医学
CLS0221,针灸推拿学实习（8-10学期）,必修,1,2w,中西医临床医学
CLS0511,方剂学,必修,3.5,56,中西医临床医学
CLS0561,实验诊断学,必修,2,40,中西医临床医学
CLS0602,医古文,必修,2,32,中西医临床医学
CLS0631,医学影像学,必修,2,32,中西医临床医学
CLS0651,中药学,必修,5,80,中西医临床医学
CLS0662,中医基础理论,必修,4.5,70,中西医临床医学
CLS0672,中医诊断学,必修,2.5,38,中西医临床医学
CLS2022,传染病学,必修,1.5,27,中西医临床医学
CLS2031,儿科学,必修,2.5,40,中西医临床医学
CLS2051,耳鼻咽喉科学,必修,1.5,24,中西医临床医学
CLS2061,妇产科学,必修,2.5,40,中西医临床医学
CLS2091,金匮要略选读,必修,2,32,中西医临床医学
CLS2221,内经选读,必修,2,32,中西医临床医学
CLS2231,内科学,必修,6,96,中西医临床医学
CLS2251,皮肤性病学,必修,1.5,24,中西医临床医学
CLS2261,伤寒论选读,必修,3.5,56,中西医临床医学
CLS2272,神经及精神病学,必修,1.5,27,中西医临床医学
CLS2291,外科学,必修,6,96,中西医临床医学
CLS2301,温病学,必修,2,32,中西医临床医学
CLS2371,眼科学,必修,1.5,24,中西医临床医学
CLS2391,针灸学,必修,4.5,72,中西医临床医学
CLS2401,中医儿科学,必修,1.5,24,中西医临床医学
CLS2411,中医妇产科学,必修,2.5,40,中西医临床医学
CLS2421,中医骨伤科学,必修,2,32,中西医临床医学
CLS2432,中医内科学,必修,5.5,88,中西医临床医学
CLS2441,中医外科学,必修,2.5,40,中西医临床医学
CLS3521,毕业考试,必修,0.5,1w,中西医临床医学
CLS3532,传染科实习（8-10学期）,必修,1,2w,中西医临床医学
CLS3542,儿科实习（8-10学期）,必修,2,4w,中西医临床医学
CLS3551,耳鼻咽喉科实习（8-10学期）,必修,0.5,1w,中西医临床医学
CLS3572,妇产科实习（8-10学期）,必修,2.5,5w,中西医临床医学
CLS3621,内科实习（8-10学期）,必修,6,12w,中西医临床医学
CLS3652,皮肤科实习（8-10学期）,必修,0.5,1w,中西医临床医学
CLS3672,神经及精神病科实习（8-10学期）,必修,1,2w,中西医临床医学
CLS3691,外科实习#（8-10学期）,必修,5,10w,中西医临床医学
CLS3741,眼科实习（8-10学期）,必修,0.5,1w,中西医临床医学
CLS3781,中医儿科学实习（8-10学期）,必修,1.5,3w,中西医临床医学
CLS3791,中医妇产科学实习（8-10学期）,必修,1.5,3w,中西医临床医学
CLS3801,中医骨伤科学实习（8-10学期）,必修,1,2w,中西医临床医学
CLS3811,中医内科学实习（8-10学期）,必修,1.5,3w,中西医临床医学
CLS3821,中医外科学实习（8-10学期）,必修,1.5,3w,中西医临床医学
EIC0008,人工智能概论（B）,必修,2,32,中西医临床医学
MAT0051,微积分（D）,必修,4,64,中西医临床医学
MAX0013,马克思主义基本原理,必修,2.5,40,中西医临床医学
MAX0022,思想道德与法治,必修,2.5,40,中西医临床医学
MAX0033,形势与政策（1-8学期）,必修,2,64,中西医临床医学
MAX0042,中国近现代史纲要,必修,2.5,40,中西医临床医学
MAX0064,毛泽东思想和中国特色社会主义理论体系概论,必修,2.5,40,中西医临床医学
MAX0072,习近平新时代中国特色社会主义思想概论,必修,3,48,中西医临床医学
MHM0692,医学伦理学,必修,1.5,24,中西医临床医学
NCC0051,计算机及程序设计基础（Python）,必修,3,48,中西医临床医学
PHE0003,大学体育（一）（1-2学期）,必修,1.8,60,中西医临床医学
PHE0013,大学体育（二）（3-4学期）,必修,1.8,60,中西医临床医学
PHE0023,大学体育（三）（5-6学期）,必修,0.4,24,中西医临床医学
PHY0211,大学物理（B）,必修,4,64,中西医临床医学
PHY0561,物理实验（二）,必修,0.75,24,中西医临床医学
PUH0585,医学统计学,必修,1.5,32,中西医临床医学
PUH0606,预防医学,必修,2,36,中西医临床医学
PUH2091,循证医学,必修,1,16,中西医临床医学
SFL0004,综合英语（一）,必修,2.5,40,中西医临床医学
SFL0014,综合英语（二）,必修,2.5,40,中西医临床医学
SFL0202,医学英语基础,必修,1.5,24,中西医临床医学
BIO0021,大学计算机基础,必修,2.0,32,临床医学（MBBS）
BIO0781,细胞生物学,必修,3,48,临床医学（MBBS）
BIO0841,生命科学导论,必修,1,16,临床医学（MBBS）
BMS0003,生物化学与分子生物学,必修,7,112,临床医学（MBBS）
BMS0515,系统解剖学,必修,8,128,临床医学（MBBS）
BMS0521,局部解剖学,必修,2,72,临床医学（MBBS）
BMS0533,病理生理学,必修,3,48,临床医学（MBBS）
BMS0544,病理学,必修,4,80,临床医学（MBBS）
BMS0562,组织学与胚胎学,必修,5.5,112,临床医学（MBBS）
BMS0582,药理学,必修,5,80,临床医学（MBBS）
BMS0671,机能实验1,必修,1,32,临床医学（MBBS）
BMS0681,机能实验2,必修,2,64,临床医学（MBBS）
BMS0744,生理学,必修,7,112,临床医学（MBBS）
BMS0806,医学免疫学,必修,2,36,临床医学（MBBS）
BMS0832,医学遗传学,必修,1.5,32,临床医学（MBBS）
BMS0953,病原生物学（一）,必修,1.5,24,临床医学（MBBS）
BMS0961,病原生物学（二）,必修,3.5,72,临床医学（MBBS）
CHE0711,基础化学（二）,必修,5.5,88,临床医学（MBBS）
CHE0821,有机化学（一）,必修,6,96,临床医学（MBBS）
CHI0021,中国概况,必修,2,32,临床医学（MBBS）
CHI0081,初级汉语（一）,必修,8.5,136,临床医学（MBBS）
CHI0091,初级汉语听力（一）,必修,3.0,48,临床医学（MBBS）
CHI0101,初级汉语听力（二）,必修,3,48,临床医学（MBBS）
CHI0111,初级汉语（二）,必修,5,80,临床医学（MBBS）
CHI0121,中级汉语（一）,必修,5,80,临床医学（MBBS）
CHI0131,中级汉语（二）,必修,4,64,临床医学（MBBS）
CHI0141,中级汉语（三）,必修,4,64,临床医学（MBBS）
CHI0151,中级汉语（四）,必修,4,64,临床医学（MBBS）
CHI0161,医学汉语（一）,必修,4,64,临床医学（MBBS）
CHI0171,医学汉语（二）,必修,2,32,临床医学（MBBS）
CHI0181,医学汉语（三）,必修,2,32,临床医学（MBBS）
CHI0191,医学汉语（四）,必修,2,32,临床医学（MBBS）
CHI0201,HSK强化,必修,2,32,临床医学（MBBS）
CHI0211,初级汉语口语（一）,必修,3.0,48,临床医学（MBBS）
CHI0222,初级汉语阅读（一）,必修,3.0,48,临床医学（MBBS）
CLF0571,实验诊断学,必修,2,40,临床医学（MBBS）
CLF0581,手术学,必修,2,32,临床医学（MBBS）
CLF0603,物理诊断学,必修,4,80,临床医学（MBBS）
CLF2021,传染病学,必修,2,32,临床医学（MBBS）
CLF2032,儿科学（8-9学期）,必修,6,96,临床医学（MBBS）
CLF2041,耳鼻咽喉科学,必修,1.5,24,临床医学（MBBS）
CLF2071,妇产科学（8-9学期）,必修,6,96,临床医学（MBBS）
CLF2081,核医学,必修,1.5,24,临床医学（MBBS）
CLF2091,急诊医学,必修,1.5,24,临床医学（MBBS）
CLF2111,康复医学,必修,1.5,24,临床医学（MBBS）
CLF2121,口腔医学,必修,1.5,24,临床医学（MBBS）
CLF2212,内科学（8-9学期）,必修,12,192,临床医学（MBBS）
CLF2221,皮肤性病学,必修,1.5,24,临床医学（MBBS）
CLF2231,神经及精神病学,必修,2,32,临床医学（MBBS）
CLF2241,外科学（8-9学期）,必修,12,192,临床医学（MBBS）
CLF2251,眼科学,必修,1.5,24,临床医学（MBBS）
CLF2261,中医学(含针灸学),必修,3.5,56,临床医学（MBBS）
CLF3521,毕业考试,必修,0.5,1w,临床医学（MBBS）
CLF3561,传染病学实习（10-12学期）,必修,2,4w,临床医学（MBBS）
CLF3582,儿科学实习（10-12学期）,必修,4,8w,临床医学（MBBS）
CLF3591,耳鼻咽喉科学实习（10-12学期）,必修,1,2w,临床医学（MBBS）
CLF3612,妇产科学实习（10-12学期）,必修,4,8w,临床医学（MBBS）
CLF3722,内科学实习（含社区医学实习2周））（10-12学期）,必修,8,16w,临床医学（MBBS）
CLF3731,皮肤性病学实习（10-12学期）,必修,1,2w,临床医学（MBBS）
CLF3751,神经及精神病学实习（10-12学期）,必修,2,4w,临床医学（MBBS）
CLF3762,外科学实习（10-12学期）,必修,8,16w,临床医学（MBBS）
CLF3771,眼科学实习（10-12学期）,必修,1,2w,临床医学（MBBS）
CLF3781,医学影像学实习（10-12学期）,必修,1,2w,临床医学（MBBS）
DFM2031,法医学,必修,1.5,24,临床医学（MBBS）
MAN2661,计算机网络技术及应用,必修,3,48,临床医学（MBBS）
MAT0671,微积分（四）,必修,3.5,56,临床医学（MBBS）
MHM0651,卫生管理综合,必修,3,48,临床医学（MBBS）
MHM0692,医学伦理学,必修,1.5,24,临床医学（MBBS）
PHY0211,大学物理（B）,必修,4,64,临床医学（MBBS）
PHY0611,基础物理实验（一）,必修,1,32,临床医学（MBBS）
PUH0571,循证医学,必修,1.5,24,临床医学（MBBS）
PUH0592,医学心理学,必修,1.5,24,临床医学（MBBS）
PUH0602,预防医学,必修,4.5,72,临床医学（MBBS）
PUH2051,社会医学,必修,2,32,临床医学（MBBS）
PUH2081,卫生统计学,必修,4.5,72,临床医学（MBBS）
SIE0001,国际学生新生导入课,必修,1.0,16,临床医学（MBBS）
BIO0786,细胞生物学,必修,2.5,48,临床医学（中德实验班）
BIO2171,生命科学前沿课程,必修,1,16,临床医学（中德实验班）
BMS0004,生物化学,必修,2.5,40,临床医学（中德实验班）
BMS0201,免疫系统,必修,3,64,临床医学（中德实验班）
BMS0521,局部解剖学,必修,2,72,临床医学（中德实验班）
BMS0604,PBL专题教学（一）,必修,1,16,临床医学（中德实验班）
BMS0616,PBL专题教学（二）,必修,1,18,临床医学（中德实验班）
BMS0623,PBL专题教学（三）,必修,1,18,临床医学（中德实验班）
BMS0633,PBL专题教学（四）,必修,1,18,临床医学（中德实验班）
BMS0671,机能实验1,必修,1,32,临床医学（中德实验班）
BMS0684,机能实验2,必修,1.5,40,临床医学（中德实验班）
BMS0952,病原生物学（一）,必修,2,47,临床医学（中德实验班）
BMS0962,病原生物学（二）,必修,3,62,临床医学（中德实验班）
BMS0991,分子细胞生物学和遗传学,必修,4,64,临床医学（中德实验班）
BMS1004,分子细胞生物学和遗传学实验,必修,1.5,54,临床医学（中德实验班）
BMS1012,人体形态学I,必修,4.5,90,临床医学（中德实验班）
BMS1022,人体形态学II,必修,3,62,临床医学（中德实验班）
BMS1031,疾病基础与治疗总论Ⅰ,必修,7.5,144,临床医学（中德实验班）
BMS1062,人体功能学,必修,4.5,72,临床医学（中德实验班）
BMS3562,基础科研,必修,2,4w,临床医学（中德实验班）
CHE0721,基础化学（一）,必修,4.5,72,临床医学（中德实验班）
CHE0821,有机化学（一）,必修,6,96,临床医学（中德实验班）
CHI0001,中国语文,必修,2,32,临床医学（中德实验班）
CLS0002,内分泌系统,必修,2,32,临床医学（中德实验班）
CLS0011,生殖系统,必修,3.5,64,临床医学（中德实验班）
CLS0022,泌尿系统,必修,2.5,48,临床医学（中德实验班）
CLS0051,血液系统,必修,1.5,32,临床医学（中德实验班）
CLS0062,神经及精神系统,必修,5,96,临床医学（中德实验班）
CLS0071,消化系统,必修,4,72,临床医学（中德实验班）
CLS0111,影像科见习,必修,1,2w,临床医学（中德实验班）
CLS0121,眼科见习,必修,1,2w,临床医学（中德实验班）
CLS0131,耳鼻咽喉科见习,必修,1,2w,临床医学（中德实验班）
CLS0141,皮肤性病科见习,必修,1,2w,临床医学（中德实验班）
CLS0151,神经及精神科见习,必修,2,4w,临床医学（中德实验班）
CLS0161,感染科见习,必修,2,4w,临床医学（中德实验班）
CLS0171,床旁见习（一）,必修,3,6w,临床医学（中德实验班）
CLS0181,床旁见习（二）,必修,3,6w,临床医学（中德实验班）
CLS0191,床旁见习（三）,必修,3,6w,临床医学（中德实验班）
CLS0591,物理诊断学,必修,3.5,80,临床医学（中德实验班）
CLS0612,医学导论,必修,1,16,临床医学（中德实验班）
CLS0712,全科医学概论,必修,1.5,24,临床医学（中德实验班）
CLS2051,耳鼻咽喉科学,必修,1.5,24,临床医学（中德实验班）
CLS2073,感染性疾病,必修,2.5,48,临床医学（中德实验班）
CLS2182,临床模拟技能训练,必修,1,24,临床医学（中德实验班）
CLS2191,临床模拟思维训练,必修,1,16,临床医学（中德实验班）
CLS2251,皮肤性病学,必修,1.5,24,临床医学（中德实验班）
CLS2371,眼科学,必修,1.5,24,临床医学（中德实验班）
CLS2383,运动系统疾病,必修,1.5,24,临床医学（中德实验班）
CLS2461,中医学（含针灸学）,必修,3.5,56,临床医学（中德实验班）
CLS2493,PBL专题教学（五）,必修,1,18,临床医学（中德实验班）
CLS2503,PBL专题教学（六）,必修,1,18,临床医学（中德实验班）
CLS2512,PBL专题教学（七）（11-12学期）,必修,1,18,临床医学（中德实验班）
CLS2611,儿童生长发育及儿童疾病,必修,3,48,临床医学（中德实验班）
CLS2692,心血管系统,必修,3.5,64,临床医学（中德实验班）
CLS2702,呼吸系统,必修,3,56,临床医学（中德实验班）
CLS2713,疾病基础与治疗总论Ⅱ,必修,1.5,28,临床医学（中德实验班）
CLS2721,手术学,必修,1,32,临床医学（中德实验班）
CLS3521,毕业考试,必修,0.5,1w,临床医学（中德实验班）
CLS3541,儿科实习（11-12学期）,必修,4,8w,临床医学（中德实验班）
CLS3571,妇产科实习（11-12学期）,必修,4,8w,临床医学（中德实验班）
CLS3631,内科实习(含社区医学实习2周)（11-12学期）,必修,8,16w,临床医学（中德实验班）
CLS3681,外科实习（11-12学期）,必修,8,16w,临床医学（中德实验班）
EIC0008,人工智能概论（B）,必修,2,32,临床医学（中德实验班）
MAT0051,微积分（D）,必修,4,64,临床医学（中德实验班）
MAX0013,马克思主义基本原理,必修,2.5,40,临床医学（中德实验班）
MAX0022,思想道德与法治,必修,2.5,40,临床医学（中德实验班）
MAX0033,形势与政策（1-8学期）,必修,2,64,临床医学（中德实验班）
MAX0042,中国近现代史纲要,必修,2.5,40,临床医学（中德实验班）
MAX0064,毛泽东思想和中国特色社会主义理论体系概论,必修,2.5,40,临床医学（中德实验班）
MAX0072,习近平新时代中国特色社会主义思想概论,必修,3,48,临床医学（中德实验班）
MHM0692,医学伦理学,必修,1.5,24,临床医学（中德实验班）
NCC0051,计算机及程序设计基础（Python）,必修,3,48,临床医学（中德实验班）
PHE0003,大学体育（一）（1-2学期）,必修,1.8,60,临床医学（中德实验班）
PHE0013,大学体育（二）（3-4学期）,必修,1.8,60,临床医学（中德实验班）
PHE0023,大学体育（三）（5-6学期）,必修,0.4,24,临床医学（中德实验班）
PHY0211,大学物理（B）,必修,4,64,临床医学（中德实验班）
PHY0561,物理实验（二）,必修,0.75,24,临床医学（中德实验班）
PUH0002,全球健康,必修,1.5,24,临床医学（中德实验班）
PUH0141,公共卫生应急管理,必修,1,16,临床医学（中德实验班）
PUH0585,医学统计学,必修,1.5,32,临床医学（中德实验班）
PUH0592,医学心理学,必修,1.5,24,临床医学（中德实验班）
PUH0606,预防医学,必修,2,36,临床医学（中德实验班）
PUH2091,循证医学,必修,1,16,临床医学（中德实验班）
SFL0004,综合英语（一）,必修,2.5,40,临床医学（中德实验班）
SFL0014,综合英语（二）,必修,2.5,40,临床医学（中德实验班）
SFL0241,德语（一）,必修,22,352,临床医学（中德实验班）
SFL0251,德语（二）,必修,22,352,临床医学（中德实验班）
SFL0261,德语（三）,必修,10,160,临床医学（中德实验班）
SFL0271,德语（四）,必修,9.5,152,临床医学（中德实验班）
SFL0281,德语（五）,必修,3.5,56,临床医学（中德实验班）
SFL0291,德语（六）,必修,3.5,56,临床医学（中德实验班）
SFL0301,德语（七）,必修,2,32,临床医学（中德实验班）
BIO0786,细胞生物学,必修,2.5,48,临床医学（五年制）
BMS0514,系统解剖学,必修,4.5,96,临床医学（五年制）
BMS0521,局部解剖学,必修,2,72,临床医学（五年制）
BMS0533,病理生理学,必修,3,48,临床医学（五年制）
BMS0544,病理学,必修,4,80（24）,临床医学（五年制）
BMS0561,组织学与胚胎学,必修,3.5,80,临床医学（五年制）
BMS0585,药理学,必修,4,64（16）,临床医学（五年制）
BMS0599,生物化学与分子生物学,必修,5,104(16),临床医学（五年制）
BMS0603,PBL专题教学（一）,必修,1,14（18）,临床医学（五年制）
BMS0615,PBL专题教学（二）,必修,1,12（20）,临床医学（五年制）
BMS0671,机能实验1,必修,1,32,临床医学（五年制）
BMS0681,机能实验2,必修,2,64,临床医学（五年制）
BMS0747,生理学,必修,4.5,72（24）,临床医学（五年制）
BMS0802,医学免疫学,必修,2.5,48,临床医学（五年制）
BMS0832,医学遗传学,必修,1.5,32,临床医学（五年制）
BMS0952,病原生物学（一）,必修,2,47（9）,临床医学（五年制）
BMS0962,病原生物学（二）,必修,3,62（10）,临床医学（五年制）
CHE0721,基础化学（一）,必修,4.5,72,临床医学（五年制）
CHE0821,有机化学（一）,必修,6,96,临床医学（五年制）
CHI0001,中国语文,必修,2,32,临床医学（五年制）
CLF0001,眼科见习,必修,1,2w,临床医学（五年制）
CLF0011,皮肤性病科见习,必修,1,2w,临床医学（五年制）
CLF0021,感染科见习,必修,2,4w,临床医学（五年制）
CLF0031,耳鼻咽喉科见习,必修,1,2w,临床医学（五年制）
CLF0041,神经及精神科见习,必修,2,4w,临床医学（五年制）
CLF0091,影像科见习,必修,1,2w,临床医学（五年制）
CLF0191,PBL专题教学（三）（6-7学期）,必修,1,16,临床医学（五年制）
CLF0201,床旁见习专题（内外妇儿）（6-7学期）,必修,9,36w,临床医学（五年制）
CLF0522,儿科学（6-7学期）,必修,2.5,40,临床医学（五年制）
CLF0531,妇产科学（6-7学期）,必修,2.5,40,临床医学（五年制）
CLF0542,核医学,必修,1.5,27（5）,临床医学（五年制）
CLF0571,实验诊断学,必修,2,40,临床医学（五年制）
CLF0582,手术学,必修,1,32,临床医学（五年制）
CLF0603,物理诊断学,必修,4,80,临床医学（五年制）
CLF0611,医学影像学,必修,2,32,临床医学（五年制）
CLF0631,全科医学概论,必修,2,32,临床医学（五年制）
CLF2021,传染病学,必修,2,32,临床医学（五年制）
CLF2041,耳鼻咽喉科学,必修,1.5,24,临床医学（五年制）
CLF2214,内科学（6-7学期）,必修,5.5,88,临床医学（五年制）
CLF2221,皮肤性病学,必修,1.5,24,临床医学（五年制）
CLF2231,神经及精神病学,必修,2,32,临床医学（五年制）
CLF2244,外科学（6-7学期）,必修,5.5,88,临床医学（五年制）
CLF2251,眼科学,必修,1.5,24,临床医学（五年制）
CLF2262,中医学（含针灸学）,必修,3,48（8）,临床医学（五年制）
CLF2282,临床模拟技能训练,必修,1,24,临床医学（五年制）
CLF2291,临床模拟思维训练,必修,1,16,临床医学（五年制）
CLF3582,儿科学实习（9-10学期）,必修,4,8w,临床医学（五年制）
CLF3612,妇产科学实习（9-10学期）,必修,4,8w,临床医学（五年制）
CLF3722,内科学实习（含社区医学实习2周））（9-10学期）,必修,8,16w,临床医学（五年制）
CLF3762,外科学实习（9-10学期）,必修,8,16w,临床医学（五年制）
CLF3831,临床实践考试,必修,0.5,1w,临床医学（五年制）
CLS0612,医学导论,必修,1,16,临床医学（五年制）
CLS3521,毕业考试,必修,0.5,1w,临床医学（五年制）
EIC0008,人工智能概论（B）,必修,2,32,临床医学（五年制）
GEC1861,急诊医学,选修,1,16,临床医学（五年制）
GEC1881,口腔医学,选修,1,16,临床医学（五年制）
GEC1891,老年病学,选修,1,16,临床医学（五年制）
GEC2121,肿瘤医学,选修,1,16,临床医学（五年制）
GEC2141,糖尿病足,选修,1,16,临床医学（五年制）
GEC2151,足外科学,选修,1,16,临床医学（五年制）
GEC2621,CT诊断学,选修,1,16,临床医学（五年制）
GEC2631,超声诊断学,选修,1.5,24,临床医学（五年制）
GEC2651,医疗质量与安全,选修,1,16,临床医学（五年制）
GEC2741,肿瘤学,选修,2,32,临床医学（五年制）
GEC2751,常用急救知识与技能,选修,1,16,临床医学（五年制）
GEC2761,老年医学,选修,2,32,临床医学（五年制）
GEC2771,麻醉学,选修,1,16,临床医学（五年制）
GEC3001,临床变态反应学,选修,1,16,临床医学（五年制）
GEC3051,康复医学（公选课）,选修,1.5,24,临床医学（五年制）
GEC3341,临床医学沟通,选修,1,16,临床医学（五年制）
GEC3741,心脏移植与心室辅助,选修,1.5,24,临床医学（五年制）
GEC3801,重症医学,选修,1.5,24,临床医学（五年制）
GEC4031,健康管理,选修,1.5,24,临床医学（五年制）
GEC4041,整形美容外科学,选修,2,32,临床医学（五年制）
GEC4061,创面修复学,选修,1.5,24,临床医学（五年制）
GEC4721,缓和医疗,选修,1.5,24,临床医学（五年制）
GEC4891,科学应对微生物耐药,选修,1,16,临床医学（五年制）
GEC4961,医学营养学,选修,2,32,临床医学（五年制）
GEC4981,多学科综合临床技能模拟训练,选修,1,16,临床医学（五年制）
GEC5401,生命教育与临终关怀,选修,1,16,临床医学（五年制）
GEC6121,结构化医学沟通技能,选修,2,32,临床医学（五年制）
GEC6131,精准制导——脊柱外科微创的精与美,选修,2,32,临床医学（五年制）
GEC6141,Adobe Illustrator 科研绘图,选修,1,16,临床医学（五年制）
GEC6161,平衡的美学——脊柱畸形矫形的艺术,选修,2,32,临床医学（五年制）
MAT0051,微积分（D）,必修,4,64,临床医学（五年制）
MAX0013,马克思主义基本原理,必修,2.5,40,临床医学（五年制）
MAX0022,思想道德与法治,必修,2.5,40,临床医学（五年制）
MAX0033,形势与政策（1-8学期）,必修,2,64,临床医学（五年制）
MAX0042,中国近现代史纲要,必修,2.5,40,临床医学（五年制）
MAX0064,毛泽东思想和中国特色社会主义理论体系概论,必修,2.5,40,临床医学（五年制）
MAX0072,习近平新时代中国特色社会主义思想概论,必修,3,48,临床医学（五年制）
MHM0692,医学伦理学,必修,1.5,24,临床医学（五年制）
NCC0051,计算机及程序设计基础（Python）,必修,3,48,临床医学（五年制）
PHE0003,大学体育（一）（1-2学期）,必修,1.8,60,临床医学（五年制）
PHE0013,大学体育（二）（3-4学期）,必修,1.8,60,临床医学（五年制）
PHE0023,大学体育（三）（5-6学期）,必修,0.4,24,临床医学（五年制）
PHY0211,大学物理（B）,必修,4,64,临床医学（五年制）
PHY0561,物理实验（二）,必修,0.75,24,临床医学（五年制）
PUH0002,全球健康,必修,1.5,24（8）,临床医学（五年制）
PUH0141,公共卫生应急管理,必修,1,16（16）,临床医学（五年制）
PUH0585,医学统计学,必修,1.5,32,临床医学（五年制）
PUH0592,医学心理学,必修,1.5,24,临床医学（五年制）
PUH0606,预防医学,必修,2,36,临床医学（五年制）
PUH2091,循证医学,必修,1,16（8）,临床医学（五年制）
SFL0004,综合英语（一）,必修,2.5,40（16）,临床医学（五年制）
SFL0014,综合英语（二）,必修,2.5,40（16）,临床医学（五年制）
SFL0202,医学英语基础,必修,1.5,24,临床医学（五年制）
510111003,医学实验动物学,选修,2.0,32,临床医学（八年制）
510111004,现代神经生物学,选修,2.0,32,临床医学（八年制）
510111007,医学研究方法与技术,选修,2.0,32,临床医学（八年制）
510111009,高级医学免疫学,选修,2.0,32,临床医学（八年制）
510111011,细胞与分子生物学,选修,2.0,32,临床医学（八年制）
510111013,疾病的分子病理基础,选修,2.0,32,临床医学（八年制）
510111014,Introduction to Medical Research,选修,2.0,32,临床医学（八年制）
510111018,高级病理生理学,选修,3.0,48,临床医学（八年制）
510111021,分子病理学,选修,2.0,32,临床医学（八年制）
510111022,医学生物化学与分子生物学,选修,2.0,32,临床医学（八年制）
510111023,高级药理学,选修,2.0,32,临床医学（八年制）
510111024,心、肺、血液疾病病理生理及其研究进展,选修,2.0,32,临床医学（八年制）
510111030,表观基因组学与精准医学,选修,2.0,32,临床医学（八年制）
510111032,生物信息学应用及实践,选修,2.0,32,临床医学（八年制）
510111034,医学实验大数据的可视化分析,选修,2.0,32,临床医学（八年制）
510111036,医学生理学进展,选修,2.0,32,临床医学（八年制）
510111037,高级组织胚胎学,选修,2.0,32,临床医学（八年制）
510111038,高级医学微生物学,选修,2.0,32,临床医学（八年制）
510111039,高级医学遗传学,选修,2.0,32,临床医学（八年制）
510111040,基础医学模块化实验,选修,3.0,48,临床医学（八年制）
510130001,细胞与分子生物学高级实验技术,选修,2.0,32,临床医学（八年制）
510130002,生物化学高级实验技术,选修,2.0,32,临床医学（八年制）
510131001,肿瘤生物学基础,选修,2.0,32,临床医学（八年制）
510211002,现代免疫学进展,选修,2.0,32,临床医学（八年制）
510211003,医学分子生物学进展,选修,2.0,32,临床医学（八年制）
510211005,临床病理生理学,选修,2.0,32,临床医学（八年制）
510212001,医学科研设计与写作（高级）,选修,2.0,32,临床医学（八年制）
510231001,高等肿瘤生物学,选修,2.0,32,临床医学（八年制）
510231002,高级生物化学,选修,2.0,32,临床医学（八年制）
510231003,生物成像和图像处理基础,选修,2.0,32,临床医学（八年制）
510231005,现代生物医药技术,选修,2.0,32,临床医学（八年制）
510231006,医学细胞生物学进展,选修,2.0,32,临床医学（八年制）
510231007,医学与生物组学,选修,2.0,32,临床医学（八年制）
513111001,统计群体遗传学,选修,2.0,32,临床医学（八年制）
513130002,医学统计学,选修,3.0,48,临床医学（八年制）
513131004,流行病学原理与方法,选修,2.0,32,临床医学（八年制）
513131007,队列研究的原理与方法,选修,1.0,16,临床医学（八年制）
513131013,生物标记和检测技术,选修,2.0,32,临床医学（八年制）
513131022,多元统计分析,选修,2.0,32,临床医学（八年制）
513131023,R语言软件基础教学及实践,选修,2.0,32,临床医学（八年制）
513231003,医学研究中的统计学方法,选修,2.0,32,临床医学（八年制）
513231004,遗传和分子流行病学,选修,2.0,32,临床医学（八年制）
513232001,学术规范与医学科技论文写作,选修,2.0,32,临床医学（八年制）
514131008,临床药物动力学,选修,2.0,32,临床医学（八年制）
514131011,高等有机化学,选修,2.0,32,临床医学（八年制）
514131012,生物偶联技术,选修,2.0,32,临床医学（八年制）
514131018,分离科学,选修,3.0,48,临床医学（八年制）
514131019,药物设计学,选修,2.0,32,临床医学（八年制）
514131020,结构解析,选修,3.0,48,临床医学（八年制）
515111003,复杂样品分离分析,选修,2.0,32,临床医学（八年制）
516131003,数据挖掘,选修,2.0,32,临床医学（八年制）
519110001,学术规范与论文写作,选修,1.0,16,临床医学（八年制）
519111002,生殖医学实验技术,选修,2.0,32,临床医学（八年制）
519111004,临床生殖医学,选修,2.0,32,临床医学（八年制）
519131002,医学+X（医工前沿融合）,选修,2.0,32,临床医学（八年制）
530111001,临床肿瘤转化研究热点及科研思维,选修,2.0,32,临床医学（八年制）
530111002,实验室细胞培养及处理规范,选修,1.0,16,临床医学（八年制）
530121005,医学影像仿真实践,选修,2.0,32,临床医学（八年制）
530131001,药物临床试验与GCP指导原则,选修,1.5,24,临床医学（八年制）
530221002,细胞免疫治疗,选修,2.0,32,临床医学（八年制）
540111001,医学实验技术前沿,选修,3.0,48,临床医学（八年制）
540131003,中西医结合研究思路与方法,选修,2.0,32,临床医学（八年制）
540131006,医学科学研究基础与前沿,选修,2.0,32,临床医学（八年制）
540131007,医工交叉融合概述,选修,2.0,32,临床医学（八年制）
540131010,膜解剖,选修,1.0,18,临床医学（八年制）
540221001,医学前沿,选修,2.0,32,临床医学（八年制）
BI00786,细胞生物学,必修,2.5,48,临床医学（八年制）
BIO0931,生物信息学,必修,1.5,32,临床医学（八年制）
BIO2161,科学研究方法讲座,必修,1.0,16,临床医学（八年制）
BMS0004,生物化学,必修,2.5,40,临床医学（八年制）
BMS0201,免疫系统,必修,3.0,64,临床医学（八年制）
BMS0521,局部解剖学,必修,2.0,72,临床医学（八年制）
BMS0604,PBL专题教学（一）,必修,1.0,16,临床医学（八年制）
BMS0616,PBL专题教学（二）,必修,1.0,18,临床医学（八年制）
BMS0623,PBL专题教学（三）,必修,1.0,18,临床医学（八年制）
BMS0633,PBL专题教学（四）,必修,1.0,18,临床医学（八年制）
BMS0671,机能实验1,必修,1.0,32,临床医学（八年制）
BMS0684,机能实验2,必修,1.5,40,临床医学（八年制）
BMS0952,病原生物学（一）,必修,2.0,47,临床医学（八年制）
BMS0962,病原生物学（二）,必修,3.0,62,临床医学（八年制）
BMS0991,分子细胞生物学和遗传学,必修,4.0,64,临床医学（八年制）
BMS1004,分子细胞生物学和遗传学实验,必修,1.5,54,临床医学（八年制）
BMS1012,人体形态学Ⅰ,必修,4.5,90,临床医学（八年制）
BMS1022,人体形态学Ⅱ,必修,3.0,62,临床医学（八年制）
BMS1031,疾病基础与治疗总论Ⅰ,必修,7.5,141,临床医学（八年制）
BMS1062,人体功能学,必修,4.5,72,临床医学（八年制）
CHE0031,有机化学（含实验）,必修,6.0,96,临床医学（八年制）
CHE0721,基础化学（一）,必修,4.5,72,临床医学（八年制）
CHE0862,物理化学,必修,4.0,64,临床医学（八年制）
CHI0001,中国语文,必修,2.0,32,临床医学（八年制）
CLS0002,内分泌系统,必修,2.0,32,临床医学（八年制）
CLS0003,临床二级学科实习（11-12学期）,必修,26.5,53w,临床医学（八年制）
CLS0004,临床研究（博士论文）（13-16学期）,必修,44,88w,临床医学（八年制）
CLS0011,生殖系统,必修,3.5,64,临床医学（八年制）
CLS0022,泌尿系统,必修,2.5,48,临床医学（八年制）
CLS0051,血液系统,必修,1.5,32,临床医学（八年制）
CLS0062,神经及精神系统,必修,5.0,96,临床医学（八年制）
CLS0071,消化系统,必修,4.0,72,临床医学（八年制）
CLS0111,影像科见习,必修,1.0,2w,临床医学（八年制）
CLS0121,眼科见习,必修,1.0,2w,临床医学（八年制）
CLS0131,耳鼻咽喉科见习,必修,1.0,2w,临床医学（八年制）
CLS0141,皮肤性病科见习,必修,1.0,2w,临床医学（八年制）
CLS0151,神经及精神科见习,必修,2.0,4w,临床医学（八年制）
CLS0161,感染科见习,必修,2.0,4w,临床医学（八年制）
CLS0171,床旁见习（一）,必修,3.0,6w,临床医学（八年制）
CLS0181,床旁见习（二）,必修,3.0,6w,临床医学（八年制）
CLS0191,床旁见习（三）,必修,3.0,6w,临床医学（八年制）
CLS0591,物理诊断学,必修,3.5,80,临床医学（八年制）
CLS0612,医学导论,必修,1.0,16,临床医学（八年制）
CLS0712,全科医学概论,必修,1.5,24,临床医学（八年制）
CLS2051,耳鼻咽喉科学,必修,1.5,24,临床医学（八年制）
CLS2073,感染性疾病,必修,2.5,48,临床医学（八年制）
CLS2182,临床模拟技能训练（9-10学期）,必修,1,24,临床医学（八年制）
CLS2191,临床模拟思维训练（9-10学期）,必修,1,16,临床医学（八年制）
CLS2251,皮肤性病学,必修,1.5,24,临床医学（八年制）
CLS2371,眼科学,必修,1.5,24,临床医学（八年制）
CLS2383,运动系统疾病,必修,1.5,24,临床医学（八年制）
CLS2461,中医学（含针灸学）,必修,3.5,54,临床医学（八年制）
CLS2493,PBL专题教学（五）,必修,1.0,18,临床医学（八年制）
CLS2503,PBL专题教学（六）,必修,1.0,18,临床医学（八年制）
CLS2512,PBL专题教学（七）（9-10学期）,必修,1,18,临床医学（八年制）
CLS2531,急诊医学,必修,1.5,24,临床医学（八年制）
CLS2541,康复医学,必修,1.5,24,临床医学（八年制）
CLS2611,儿童生长发育及儿童疾病,必修,3.0,48,临床医学（八年制）
CLS2692,心血管系统,必修,3.5,64,临床医学（八年制）
CLS2702,呼吸系统,必修,3.0,56,临床医学（八年制）
CLS2713,疾病基础与治疗总论Ⅱ,必修,1.5,28,临床医学（八年制）
CLS2721,手术学,必修,1.0,32,临床医学（八年制）
CLS3541,儿科实习（9-10学期）,必修,4,8w,临床医学（八年制）
CLS3571,妇产科实习（9-10学期）,必修,4,8w,临床医学（八年制）
CLS3631,内科实习（含社区医学实习2周）（9-10学期）,必修,8,16w,临床医学（八年制）
CLS3681,外科实习（9-10学期）,必修,8,16w,临床医学（八年制）
DEN0000,口腔医学,必修,1.0,16,临床医学（八年制）
DFM2031,法医学,必修,1.0,16,临床医学（八年制）
EIC0008,人工智能概论（B）,必修,2.0,32,临床医学（八年制）
MAT0051,微积分（D）,必修,4.0,64,临床医学（八年制）
MAT0591,概率论与数理统计B,必修,2.5,40,临床医学（八年制）
MAX0013,马克思主义基本原理,必修,2.5,40,临床医学（八年制）
MAX0022,思想道德与法治,必修,2.5,40,临床医学（八年制）
MAX0033,形势与政策（1-8学期）,必修,2,64,临床医学（八年制）
MAX0042,中国近现代史纲要,必修,2.5,40,临床医学（八年制）
MAX0064,毛泽东思想和中国特色社会主义理论体系概论,必修,2.5,40,临床医学（八年制）
MAX0072,习近平新时代中国特色社会主义思想概论,必修,3.0,48,临床医学（八年制）
MHM0692,医学伦理学,必修,1.5,24,临床医学（八年制）
MHM0701,医学文献检索,必修,1.5,24,临床医学（八年制）
NCC0051,计算机及程序设计基础（Python）,必修,3.0,48,临床医学（八年制）
PHE0003,大学体育（一）（1-2学期）,必修,1.8,60,临床医学（八年制）
PHE0013,大学体育（二）（3-4学期）,必修,1.8,60,临床医学（八年制）
PHE0023,大学体育（三）（5-6学期）,必修,0.4,24,临床医学（八年制）
PHY0211,大学物理（B）,必修,4.0,64,临床医学（八年制）
PHY0561,物理实验（二）,必修,0.75,24,临床医学（八年制）
PUH0000,医学统计学,必修,2.0,40,临床医学（八年制）
PUH0002,全球健康,必修,1.5,24,临床医学（八年制）
PUH0141,公共卫生应急管理,必修,1.0,16,临床医学（八年制）
PUH0151,社会医学,必修,1.0,16,临床医学（八年制）
PUH0513,临床流行病学,必修,1.5,24,临床医学（八年制）
PUH0592,医学心理学,必修,1.5,24,临床医学（八年制）
PUH0607,预防医学,必修,2.5,40,临床医学（八年制）
PUH2091,循证医学,必修,1.0,16,临床医学（八年制）
SFL0071,学术英语读写,必修,2.0,32,临床医学（八年制）
SFL0081,学术英语听说,必修,2.0,32,临床医学（八年制）
519110001,学术规范与论文写作,必修,1,16,临床医学（卓越医师启明实验班）
BIO0786,细胞生物学,必修,2.5,48,临床医学（卓越医师启明实验班）
BMS0514,系统解剖学,必修,4.5,96,临床医学（卓越医师启明实验班）
BMS0521,局部解剖学,必修,2,72,临床医学（卓越医师启明实验班）
BMS0533,病理生理学,必修,3,48（8）,临床医学（卓越医师启明实验班）
BMS0544,病理学,必修,4,80（24）,临床医学（卓越医师启明实验班）
BMS0561,组织学与胚胎学,必修,3.5,80,临床医学（卓越医师启明实验班）
BMS0585,药理学,必修,4,64（16）,临床医学（卓越医师启明实验班）
BMS0599,生物化学与分子生物学,必修,5,104（16）,临床医学（卓越医师启明实验班）
BMS0603,PBL专题教学（一）,必修,1,14（18）,临床医学（卓越医师启明实验班）
BMS0615,PBL专题教学（二）,必修,1,12（20）,临床医学（卓越医师启明实验班）
BMS0671,机能实验1,必修,1,32,临床医学（卓越医师启明实验班）
BMS0681,机能实验2,必修,2,64,临床医学（卓越医师启明实验班）
BMS0747,生理学,必修,4.5,72（24）,临床医学（卓越医师启明实验班）
BMS0802,医学免疫学,必修,2.5,48,临床医学（卓越医师启明实验班）
BMS0832,医学遗传学,必修,1.5,32,临床医学（卓越医师启明实验班）
BMS0892,生物信息学,必修,2,32,临床医学（卓越医师启明实验班）
BMS0952,病原生物学（一）,必修,2,47（9）,临床医学（卓越医师启明实验班）
BMS0962,病原生物学（二）,必修,3,62（10）,临床医学（卓越医师启明实验班）
CHE0721,基础化学（一）,必修,4.5,72,临床医学（卓越医师启明实验班）
CHE0821,有机化学（一）,必修,6,96,临床医学（卓越医师启明实验班）
CHI0001,中国语文,必修,2,32,临床医学（卓越医师启明实验班）
CLF0001,眼科见习,必修,1,2w,临床医学（卓越医师启明实验班）
CLF0011,皮肤性病科见习,必修,1,2w,临床医学（卓越医师启明实验班）
CLF0021,感染科见习,必修,2,4w,临床医学（卓越医师启明实验班）
CLF0031,耳鼻咽喉科见习,必修,1,2w,临床医学（卓越医师启明实验班）
CLF0041,神经及精神科见习,必修,2,4w,临床医学（卓越医师启明实验班）
CLF0091,影像科见习,必修,1,2w,临床医学（卓越医师启明实验班）
CLF0191,PBL专题教学（三）（6-7学期）,必修,1,16,临床医学（卓越医师启明实验班）
CLF0201,床旁见习专题（内外妇儿）（6-7学期）,必修,9,36w,临床医学（卓越医师启明实验班）
CLF0522,儿科学（6-7学期）,必修,2.5,40,临床医学（卓越医师启明实验班）
CLF0531,妇产科学（6-7学期）,必修,2.5,40,临床医学（卓越医师启明实验班）
CLF0542,核医学,必修,1.5,27（5）,临床医学（卓越医师启明实验班）
CLF0571,实验诊断学,必修,2,40,临床医学（卓越医师启明实验班）
CLF0582,手术学,必修,1,32,临床医学（卓越医师启明实验班）
CLF0603,物理诊断学,必修,4,80,临床医学（卓越医师启明实验班）
CLF0611,医学影像学,必修,2,32,临床医学（卓越医师启明实验班）
CLF0631,全科医学概论,必修,2,32,临床医学（卓越医师启明实验班）
CLF2041,耳鼻咽喉科学,必修,1.5,24,临床医学（卓越医师启明实验班）
CLF2214,内科学（6-7学期）,必修,5.5,88,临床医学（卓越医师启明实验班）
CLF2221,皮肤性病学,必修,1.5,24,临床医学（卓越医师启明实验班）
CLF2231,神经及精神病学,必修,2,32,临床医学（卓越医师启明实验班）
CLF2244,外科学（6-7学期）,必修,5.5,88,临床医学（卓越医师启明实验班）
CLF2251,眼科学,必修,1.5,24,临床医学（卓越医师启明实验班）
CLF2262,中医学（含针灸学）,必修,3,48（8）,临床医学（卓越医师启明实验班）
CLF3521,毕业考试,必修,0.5,1w,临床医学（卓越医师启明实验班）
CLF3582,儿科学实习（9-10学期）,必修,4,8w,临床医学（卓越医师启明实验班）
CLF3612,妇产科学实习（9-10学期）,必修,4,8w,临床医学（卓越医师启明实验班）
CLF3722,内科学实习（含社区医学实习2周））（9-10学期）,必修,8,16w,临床医学（卓越医师启明实验班）
CLF3762,外科学实习（9-10学期）,必修,8,16w,临床医学（卓越医师启明实验班）
CLS0612,医学导论,必修,1,16,临床医学（卓越医师启明实验班）
CLS2021,传染病学,必修,2,32,临床医学（卓越医师启明实验班）
CLS2182,临床模拟技能训练,必修,1,24,临床医学（卓越医师启明实验班）
CLS2191,临床模拟思维训练,必修,1,16,临床医学（卓越医师启明实验班）
CLS3831,临床实践考试,必修,0.5,1w,临床医学（卓越医师启明实验班）
EIC0008,人工智能概论（B）,必修,2,32,临床医学（卓越医师启明实验班）
GEC0108,创新管理（公选课）,选修,2,32,临床医学（卓越医师启明实验班）
GEC1861,急诊医学,选修,1,16,临床医学（卓越医师启明实验班）
GEC1881,口腔医学,选修,1,16,临床医学（卓越医师启明实验班）
GEC1891,老年病学,选修,1,16,临床医学（卓越医师启明实验班）
GEC2121,肿瘤医学,选修,1,16,临床医学（卓越医师启明实验班）
GEC2141,糖尿病足,选修,1,16,临床医学（卓越医师启明实验班）
GEC2151,足外科学,选修,1,16,临床医学（卓越医师启明实验班）
GEC2621,CT诊断学,选修,1,16,临床医学（卓越医师启明实验班）
GEC2631,超声诊断学,选修,1.5,24,临床医学（卓越医师启明实验班）
GEC2651,医疗质量与安全,选修,1,16,临床医学（卓越医师启明实验班）
GEC2741,肿瘤学,选修,2,32,临床医学（卓越医师启明实验班）
GEC2751,常用急救知识与技能,选修,1,16,临床医学（卓越医师启明实验班）
GEC2761,老年医学,选修,2,32,临床医学（卓越医师启明实验班）
GEC2771,麻醉学,选修,1,16,临床医学（卓越医师启明实验班）
GEC3001,临床变态反应学,选修,1,16,临床医学（卓越医师启明实验班）
GEC3051,康复医学（公选课）,选修,1.5,24,临床医学（卓越医师启明实验班）
GEC3091,批判性思维（公选课）,选修,2,32,临床医学（卓越医师启明实验班）
GEC3341,临床医学沟通,选修,1,16,临床医学（卓越医师启明实验班）
GEC3741,心脏移植与心室辅助,选修,1.5,24,临床医学（卓越医师启明实验班）
GEC3801,重症医学,选修,1.5,24,临床医学（卓越医师启明实验班）
GEC4031,健康管理,选修,1.5,24,临床医学（卓越医师启明实验班）
GEC4041,整形美容外科学,选修,2,32,临床医学（卓越医师启明实验班）
GEC4061,创面修复学,选修,1.5,24,临床医学（卓越医师启明实验班）
GEC4721,缓和医疗,选修,1.5,24,临床医学（卓越医师启明实验班）
GEC4891,科学应对微生物耐药,选修,1,16,临床医学（卓越医师启明实验班）
GEC4961,医学营养学,选修,2,32,临床医学（卓越医师启明实验班）
GEC4981,多学科综合临床技能模拟训练,选修,1,16,临床医学（卓越医师启明实验班）
GEC5401,生命教育与临终关怀,选修,1,16,临床医学（卓越医师启明实验班）
GEC6121,结构化医学沟通技能,选修,2,32,临床医学（卓越医师启明实验班）
GEC6131,精准制导——脊柱外科微创的精与美,选修,2,32,临床医学（卓越医师启明实验班）
GEC6141,Adobe Illustrator 科研绘图,选修,1,16,临床医学（卓越医师启明实验班）
GEC6161,平衡的美学——脊柱畸形矫形的艺术,选修,2,32,临床医学（卓越医师启明实验班）
MAT0051,微积分（D）,必修,4,64,临床医学（卓越医师启明实验班）
MAX0013,马克思主义基本原理,必修,2.5,40,临床医学（卓越医师启明实验班）
MAX0022,思想道德与法治,必修,2.5,40,临床医学（卓越医师启明实验班）
MAX0033,形势与政策（1-8学期）,必修,2,64,临床医学（卓越医师启明实验班）
MAX0042,中国近现代史纲要,必修,2.5,40,临床医学（卓越医师启明实验班）
MAX0064,毛泽东思想和中国特色社会主义理论体系概论,必修,2.5,40,临床医学（卓越医师启明实验班）
MAX0072,习近平新时代中国特色社会主义思想概论,必修,3,48,临床医学（卓越医师启明实验班）
MHM0692,医学伦理学,必修,1.5,24,临床医学（卓越医师启明实验班）
NCC0051,计算机及程序设计基础（Python）,必修,3,48,临床医学（卓越医师启明实验班）
PHE0003,大学体育（一）（1-2学期）,必修,1.8,60,临床医学（卓越医师启明实验班）
PHE0013,大学体育（二）（3-4学期）,必修,1.8,60,临床医学（卓越医师启明实验班）
PHE0023,大学体育（三）（5-6学期）,必修,0.4,24,临床医学（卓越医师启明实验班）
PHY0211,大学物理（B）,必修,4,64,临床医学（卓越医师启明实验班）
PHY0561,物理实验（二）,必修,0.75,24,临床医学（卓越医师启明实验班）
PUH0002,全球健康,必修,1.5,24（8）,临床医学（卓越医师启明实验班）
PUH0141,公共卫生应急管理,必修,1,16（16）,临床医学（卓越医师启明实验班）
PUH0585,医学统计学,必修,1.5,32,临床医学（卓越医师启明实验班）
PUH0592,医学心理学,必修,1.5,24,临床医学（卓越医师启明实验班）
PUH0606,预防医学,必修,2,36,临床医学（卓越医师启明实验班）
PUH2091,循证医学,必修,1,16（8）,临床医学（卓越医师启明实验班）
SFL0004,综合英语（一）,必修,2.5,40（16）,临床医学（卓越医师启明实验班）
SFL0014,综合英语（二）,必修,2.5,40（16）,临床医学（卓越医师启明实验班）
SFL0202,医学英语基础,必修,1.5,24,临床医学（卓越医师启明实验班）
BMS0516,系统解剖学,必修,2.5,40,临床药学
BMS0533,病理生理学,必修,3,48,临床药学
BMS0544,病理学,必修,4,80,临床药学
BMS0563,组织学与胚胎学,必修,2.5,56,临床药学
BMS0745,生理学,必修,3.5,56,临床药学
BMS0804,医学免疫学,必修,1.5,32,临床药学
CHI0001,中国语文,必修,2,32,临床药学
CLF0522,儿科学,必修,2.5,40,临床药学
CLF0531,妇产科学,必修,2.5,40,临床药学
CLF0562,内科学,必修,6,96,临床药学
CLF0571,实验诊断学,必修,2,40,临床药学
CLF0593,外科学,必修,3.5,56,临床药学
CLF0603,物理诊断学,必修,4,80,临床药学
EIC0008,人工智能概论（B）,必修,2,32,临床药学
GEC1751,医药商品质量管理,选修,2,32,临床药学
GEC1991,体内药物分析,选修,1,16,临床药学
GEC2021,新药设计,选修,1,16,临床药学
GEC2041,药用辅料,选修,1,16,临床药学
GEC2501,医药市场管理,选修,2,32,临床药学
GEC2791,色谱仪器的使用及性能评价,选修,2,32,临床药学
GEC2801,有机合成化学与路线设计,选修,2,32,临床药学
GEC3311,分子模拟与计算药物设计基础,选修,1,16,临床药学
GEC3441,临床药动学,选修,2,32,临床药学
GEC3451,药品质量控制,选修,2,32,临床药学
GEC3461,天然药物化学研究方法,选修,2,32,临床药学
GEC3471,生物偶联技术,选修,2,32,临床药学
GEC3751,天然药物资源学,选修,2,32,临床药学
GEC3851,药物合成,选修,2,32,临床药学
GEC4851,微流控芯片与医学检验,选修,1,16,临床药学
MAT0051,微积分（D）,必修,4,64,临床药学
MAX0013,马克思主义基本原理,必修,2.5,40,临床药学
MAX0022,思想道德与法治,必修,2.5,40,临床药学
MAX0033,形势与政策（1-8学期）,必修,2,64,临床药学
MAX0042,中国近现代史纲要,必修,2.5,40,临床药学
MAX0064,毛泽东思想和中国特色社会主义理论体系概论,必修,2.5,40,临床药学
MAX0072,习近平新时代中国特色社会主义思想概论,必修,3,48,临床药学
NCC0051,计算机及程序设计基础（Python）,必修,3,48,临床药学
PHA0021,临床药物动力学,必修,2,32,临床药学
PHA0031,药物毒理学,必修,3,48,临床药学
PHA0043,临床药理学,必修,2.5,40,临床药学
PHA0051,药物不良反应与药物警戒,必修,1.5,24,临床药学
PHA0061,药物临床试验概论,必修,1.5,24,临床药学
PHA0071,药学部门实习,必修,6,12w,临床药学
PHA0081,见习,必修,1,2w,临床药学
PHA0092,药学服务与沟通技巧,必修,1.5,24,临床药学
PHA0101,临床实习（9-10学期）,必修,15,30w,临床药学
PHA0111,临床药学导论,必修,2,32,临床药学
PHA0131,医学微生物学,必修,1,16,临床药学
PHA0141,药学信息检索与论文写作,必修,1,16,临床药学
PHA0151,药学实验安全与创新实验设计（1-5学期）,必修,2,64,临床药学
PHA0191,药学生物化学与分子生物学实验,必修,1.5,48,临床药学
PHA0201,临床药物化学,必修,3,48,临床药学
PHA0211,医药伦理学,必修,1.5,24,临床药学
PHA0221,精准药学理论与实践,必修,2.5,40,临床药学
PHA0524,分析化学,必修,4.5,72,临床药学
PHA0562,无机化学,必修,2,32,临床药学
PHA0573,物理化学,必修,4,64,临床药学
PHA0593,药用植物学,必修,2,32,临床药学
PHA0611,有机化学（一）,必修,2.5,40,临床药学
PHA0625,有机化学（二）,必修,2.5,40,临床药学
PHA0651,分析化学实验,必修,2,64,临床药学
PHA0662,生物化学,必修,3,48,临床药学
PHA0681,物理化学实验,必修,1.5,48,临床药学
PHA0691,药学分子生物学,必修,3,48,临床药学
PHA0711,药用植物学实验,必修,0.5,16,临床药学
PHA0722,医学统计学,必修,2.5,40,临床药学
PHA0731,有机化学（二）实验,必修,2,64,临床药学
PHA2062,临床药物治疗学,必修,6,96,临床药学
PHA2141,药剂学,必修,3,48,临床药学
PHA2154,药理学,必修,3.5,56,临床药学
PHA2171,药事管理学,必修,2,32,临床药学
PHA2192,药物分析学,必修,3,48,临床药学
PHA2301,生物药剂学与药物动力学,必修,2.5,40,临床药学
PHA2311,生物药剂学与药物动力学实验,必修,0.5,16,临床药学
PHA2381,药剂学实验,必修,2,64,临床药学
PHA2391,药理学实验,必修,1,32,临床药学
PHA2401,药物分析学实验,必修,1.5,48,临床药学
PHA3531,野外实习,必修,1,2w,临床药学
PHA3542,综合实习,必修,1,2w,临床药学
PHE0003,大学体育（一）（1-2学期）,必修,1.8,60,临床药学
PHE0013,大学体育（二）（3-4学期）,必修,1.8,60,临床药学
PHE0023,大学体育（三）（5-6学期）,必修,0.4,24,临床药学
PHY0211,大学物理（B）,必修,4,64,临床药学
PHY0561,物理实验（二）,必修,0.75,24,临床药学
SFL0004,综合英语（一）,必修,2.5,40,临床药学
SFL0014,综合英语（二）,必修,2.5,40,临床药学
AE0052,材料力学（三）,选修,2.5,40,交通工程
AE0651,理论力学（三）,必修,3,48,交通工程
CEM0581,学科（专业）概论,必修,1,16,交通工程
CEM0621,结构力学,选修,4,64,交通工程
CEM2202,工程地质,必修,2,32,交通工程
CEM2241,道路勘测设计,必修,3,48,交通工程
CEM2411,交通管理与控制,必修,2,32,交通工程
CEM2421,交通规划,必修,2,32,交通工程
CEM2451,交通设计,必修,2.5,40,交通工程
CEM2481,路基路面工程,选修,2,32,交通工程
CEM2501,运筹学,必修,4,64,交通工程
CEM2571,交通地理信息系统,必修,2,32,交通工程
CEM3591,城市规划原理课程设计,必修,0.5,1w,交通工程
CEM3611,道路勘测设计课程设计,必修,0.5,1w,交通工程
CEM3741,交通管理与控制课程设计,必修,0.5,1w,交通工程
CEM3751,交通设计课程设计,必修,0.5,1w,交通工程
CEM3761,交通枢纽设计课程设计,必修,0.5,1w,交通工程
CEM3771,交通运输组织学课程设计,必修,0.5,1w,交通工程
CEM3881,生产与运作管理课程设计,选修,0.5,1w,交通工程
CEM3991,智慧物流与工程课程设计,必修,0.5,1w,交通工程
CEM5211,数学实验,选修,1.5,24,交通工程
CEM5281,城市规划原理,必修,2,32,交通工程
CEM5291,城市轨道交通规划与设计,选修,1.5,24,交通工程
CEM5301,道路建筑材料,选修,2,32,交通工程
CEM5711,交通枢纽规划与设计,必修,1.5,24,交通工程
CEM5721,交通系统网络分析,必修,2,32,交通工程
CEM5731,交通心理与安全,必修,2,32,交通工程
CEM5741,交通运输法规,选修,2,32,交通工程
CEM5761,交通运输组织学,必修,2,32,交通工程
CEM5911,生产与运作管理,选修,2,32,交通工程
CEM6041,运输经济学,选修,2,32,交通工程
CEM6131,工程测量,必修,2.5,40,交通工程
CEM6211,交通项目评估与管理,选修,2,32,交通工程
CEM6421,公交与轨道交通系统运营与管理,必修,2.5,40,交通工程
CEM6451,智能交通,必修,2,32,交通工程
CEM6461,人类移动的科学与智慧,选修,2,32,交通工程
CEM6471,智慧物流与工程,必修,2,32,交通工程
CEM6491,智能物联网技术,必修,2,32,交通工程
CHI0001,中国语文,必修,2,32,交通工程
CST0048,人工智能概论（A）,必修,2,32,交通工程
MAT0021,微积分（B）（上）,必修,5.5,88,交通工程
MAT0031,微积分（B）（下）,必修,5.5,88,交通工程
MAT0121,线性代数（B）,必修,2.5,40,交通工程
MAT0131,概率论与数理统计（B）,必修,2.5,40,交通工程
MAX0013,马克思主义基本原理,必修,2.5,40,交通工程
MAX0022,思想道德与法治,必修,2.5,40,交通工程
MAX0033,形势与政策（1-8学期）,必修,2,64,交通工程
MAX0042,中国近现代史纲要,必修,2.5,40,交通工程
MAX0064,毛泽东思想和中国特色社会主义理论体系概论,必修,2.5,40,交通工程
MAX0072,习近平新时代中国特色社会主义思想概论,必修,3,48,交通工程
PHE0003,大学体育（一）（1-2学期）,必修,1.8,60,交通工程
PHE0013,大学体育（二）（3-4学期）,必修,1.8,60,交通工程
PHE0023,大学体育（三）（5-6学期）,必修,0.4,24,交通工程
PHY0171,大学物理（A）（上）,必修,4,64,交通工程
PHY0181,大学物理（A）（下）,必修,4,64,交通工程
PHY0191,物理实验（上）,必修,2,32,交通工程
PHY0201,物理实验（下）,必修,1.5,24,交通工程
SCHE0003,数据库技术及应用,选修,2,32,交通工程
SCHE0004,交通工程导论,必修,2,32,交通工程
SCHE0005,交通工程导论实验,必修,1,24,交通工程
SCHE0006,交通工程导论课程设计,必修,0.5,1w,交通工程
SCHE0015,工程制图与CAD软件,必修,3,48,交通工程
SCHE0032,毕业设计（论文）,必修,12,18w,交通工程
SCHE0066,智能物联网技术实验,必修,1,24,交通工程
SCHE0067,交通建模与仿真,必修,1.5,24,交通工程
SCHE0068,交通大数据与人工智能,必修,2,32,交通工程
SCHE0087,交通运输组织实验,必修,1,24,交通工程
SCHE0090,交通新能源,选修,2,32,交通工程
SCHE0091,交通环境保护与计算模拟,选修,1,16,交通工程
SCHE0092,交通新能源课程设计,选修,0.5,1w,交通工程
SCHE0093,现代市场营销,选修,2,32,交通工程
SCHE0094,现代市场营销课程设计,选修,0.5,1w,交通工程
SCHE0095,生产实习,必修,5,5w,交通工程
SCHE0096,道路与交通工程CAD,必修,1,16,交通工程
SCHE0097,交通规划课程设计,必修,0.5,1w,交通工程
SCHE0098,交通安全实验,必修,1,24,交通工程
SCHE0099,交通工程创新与实践,必修,1.5,24,交通工程
SCHE0100,路基路面工程课程设计,选修,0.5,1w,交通工程
SCHE0102,运输经济学课程设计,选修,0.5,1w,交通工程
SCHE0103,认知实习,必修,1,1w,交通工程
SCHE0117,交通规划实验,必修,1,24,交通工程
SCHE0118,交通信号控制实验,必修,1,24,交通工程
SCHE0127,现代供应链裂变与博弈,选修,1,16,交通工程
SCHE0571,计算机与程序设计基础(C++),必修,3,48,交通工程
SCHE0771,自动驾驶与车路协同,选修,2,32,交通工程
SCHE0881,Python程序设计(二）,选修,2,32,交通工程
SCHE2012,交通大数据与人工智能课程设计,必修,0.5,1w,交通工程
SFL0004,综合英语（一）,必修,2.5,40,交通工程
SFL0014,综合英语（二）,必修,2.5,40,交通工程
CHI0001,中国语文,必修,2,32,产品设计
ENG3541,工程训练（三）,必修,1,2w,产品设计
MAX0013,马克思主义基本原理,必修,2.5,40,产品设计
MAX0022,思想道德与法治,必修,2.5,40,产品设计
MAX0033,形势与政策（1-8学期）,必修,2,64,产品设计
MAX0042,中国近现代史纲要,必修,2.5,40,产品设计
MAX0064,毛泽东思想和中国特色社会主义理论体系概论,必修,2.5,40,产品设计
MAX0072,习近平新时代中国特色社会主义思想概论,必修,3,48,产品设计
MESE0001,计算机及程序设计基础（二）,必修,2,32,产品设计
MESE0002,毕业设计（论文）,必修,12,18w,产品设计
MESE0512,表现技法,必修,3,48,产品设计
MESE0522,产品形态设计,必修,3,48,产品设计
MESE0591,工业设计简史,必修,2,32,产品设计
MESE0601,视觉传达基础（一）,必修,2.5,40,产品设计
MESE0651,人机工程学,必修,2.5,40,产品设计
MESE0681,造型材料与工艺,必修,2.5,40,产品设计
MESE0701,设计概论,必修,1.5,24,产品设计
MESE0731,设计科学基础,必修,2,32,产品设计
MESE0742,设计美学,必修,2,32,产品设计
MESE0761,设计色彩（一）,必修,2.5,40,产品设计
MESE0781,设计素描（一）,必修,2.5,40,产品设计
MESE0891,工程制图（一）,必修,2.5,40,产品设计
MESE0912,设计初步（二）,必修,3,48,产品设计
MESE0922,设计初步（一）,必修,3,48,产品设计
MESE0932,人机工程实验,必修,0.5,8,产品设计
MESE1081,设计思维与创作,必修,2,32,产品设计
MESE1171,二维形式设计,必修,4,64,产品设计
MESE1181,三维形式设计,必修,3.5,56,产品设计
MESE1301,单元空间设计,必修,3,48,产品设计
MESE1321,用户洞察基础,必修,2.5,40,产品设计
MESE1331,感性构成与设计,必修,2.5,40,产品设计
MESE1341,现代展示设计,选修,3,48,产品设计
MESE1351,信息产品建构与设计,选修,3,48,产品设计
MESE1371,可视化设计与创作,选修,2.5,40,产品设计
MESE1381,学科交叉创新训练,必修,1,2w,产品设计
MESE2012,产品设计（一）,必修,3,48,产品设计
MESE2102,界面设计,必修,3,48,产品设计
MESE2131,快题设计（一）,必修,2.5,40,产品设计
MESE2252,设计工程基础,必修,2,32,产品设计
MESE2462,设计工程基础实验,必修,0.5,8,产品设计
MESE3641,写生实习,必修,1,2w,产品设计
MESE3671,专业社会实践,必修,0.5,1w,产品设计
MESE3731,创新设计实践（六）,必修,2,4w,产品设计
MESE3761,创新设计实践（五）,必修,2,4w,产品设计
MESE3831,设计实习（一）,必修,1,2w,产品设计
MESE3841,设计实习（二）,必修,2,4w,产品设计
MESE5032,产品开发设计（一）,选修,3,48,产品设计
MESE5042,产品设计（二）,选修,3,48,产品设计
MESE5071,创新设计,选修,2,32,产品设计
MESE5121,雕塑与陶艺,选修,2.5,40,产品设计
MESE5172,工业设计管理,选修,2,32,产品设计
MESE5181,工业设计专业英语,选修,2,32,产品设计
MESE5212,广告设计,选修,2,32,产品设计
MESE5422,民间工艺传承与创新设计,选修,2.5,40,产品设计
MESE5712,摄影,选修,2.5,40,产品设计
MESE5972,视觉传达基础（二）,选修,3,48,产品设计
MESE5992,服务设计,选修,3,48,产品设计
MESE6002,公共设施设计,选修,2.5,40,产品设计
MESE6431,智能可穿戴设计,选修,2.5,40,产品设计
MESE6441,包容性设计,选修,2.5,40,产品设计
MESE6451,包装设计,选修,2.5,40,产品设计
MESE6461,品牌体验设计,选修,2.5,40,产品设计
MESE6481,家具设计,选修,2.5,40,产品设计
PHE0003,大学体育（一）（1-2学期）,必修,1.8,60,产品设计
PHE0013,大学体育（二）（3-4学期）,必修,1.8,60,产品设计
PHE0023,大学体育（三）（5-6学期）,必修,0.4,24,产品设计
SFL0004,综合英语（一）,必修,2.5,40,产品设计
SFL0014,综合英语（二）,必修,2.5,40,产品设计
SOD0000,人工智能概论（C）,必修,2,32,产品设计
CHI0001,中国语文,必修,2,32,会计学（数智会计方向，税收方向）
EIC0008,人工智能概论（B）,必修,2,32,会计学（数智会计方向，税收方向）
ENG3541,工程训练（三）,必修,1,2w,会计学（数智会计方向，税收方向）
MAN0011,计算机与程序设计基础（C++）,必修,3,48,会计学（数智会计方向，税收方向）
MAN0041,数据库原理及应用,必修,2,32,会计学（数智会计方向，税收方向）
MAN0201,大数据分析与可视化,选修,2,32,会计学（数智会计方向，税收方向）
MAN0221,营销科学原理,必修,2,32,会计学（数智会计方向，税收方向）
MAN0231,公司金融,必修,2.5,40,会计学（数智会计方向，税收方向）
MAN0321,大数据税收监管,选修,2,32,会计学（数智会计方向，税收方向）
MAN0471,智能财务与共享服务,选修,2,32,会计学（数智会计方向，税收方向）
MAN0491,智能财务机器人实践,必修,4,4w,会计学（数智会计方向，税收方向）
MAN0501,政府与非营利组织会计,选修,2,32,会计学（数智会计方向，税收方向）
MAN0521,宏观经济学,必修,2.5,40,会计学（数智会计方向，税收方向）
MAN0541,会计学原理,必修,3,48,会计学（数智会计方向，税收方向）
MAN0601,学科发展前沿专题研究,必修,1,16,会计学（数智会计方向，税收方向）
MAN0611,学科（专业）概论,必修,1,16,会计学（数智会计方向，税收方向）
MAN0651,运筹学（一）,必修,2.5,40,会计学（数智会计方向，税收方向）
MAN0691,管理经济学,必修,3,48,会计学（数智会计方向，税收方向）
MAN0701,管理信息系统,必修,2.5,40,会计学（数智会计方向，税收方向）
MAN0741,组织行为学,必修,2,32,会计学（数智会计方向，税收方向）
MAN0751,管理学,必修,1.5,24,会计学（数智会计方向，税收方向）
MAN0771,运营管理,必修,2.5,40,会计学（数智会计方向，税收方向）
MAN0901,税收经济学,选修,2,32,会计学（数智会计方向，税收方向）
MAN0961,跨国公司税收实务,选修,2.5,40,会计学（数智会计方向，税收方向）
MAN0991,数智商务与模式创新,选修,2,32,会计学（数智会计方向，税收方向）
MAN1001,大数据与会计信息系统（数智会计方向）,选修,4,4w,会计学（数智会计方向，税收方向）
MAN1031,数学建模与智能决策,选修,2,32,会计学（数智会计方向，税收方向）
MAN1131,企业数智化税务管理,选修,2.5,40,会计学（数智会计方向，税收方向）
MAN1161,企业数据价值链理论与实务,选修,2.5,40,会计学（数智会计方向，税收方向）
MAN1261,税务稽查仿真与模拟（税收方向）,选修,2,2w,会计学（数智会计方向，税收方向）
MAN1331,数智化审计,必修,4,64,会计学（数智会计方向，税收方向）
MAN2041,创新管理,选修,2,32,会计学（数智会计方向，税收方向）
MAN2081,供应链管理,选修,2,32,会计学（数智会计方向，税收方向）
MAN2114,管理会计,必修,2.5,40,会计学（数智会计方向，税收方向）
MAN2221,企业税收与战略,选修,1.5,24,会计学（数智会计方向，税收方向）
MAN2311,外汇交易与管理,选修,2,32,会计学（数智会计方向，税收方向）
MAN2341,税收筹划,选修,2,32,会计学（数智会计方向，税收方向）
MAN2452,中级财务会计,必修,4,64,会计学（数智会计方向，税收方向）
MAN2461,中国税制,必修,3,48,会计学（数智会计方向，税收方向）
MAN2541,财务报表分析,必修,2,32,会计学（数智会计方向，税收方向）
MAN2582,成本会计,必修,2.5,40,会计学（数智会计方向，税收方向）
MAN2651,计量经济学,选修,3,48,会计学（数智会计方向，税收方向）
MAN2681,面向对象的程序设计（JAVA）,选修,2.5,40,会计学（数智会计方向，税收方向）
MAN2761,中级宏观经济学,选修,2.5,40,会计学（数智会计方向，税收方向）
MAN2901,机器学习与数据挖掘,选修,2,32,会计学（数智会计方向，税收方向）
MAN2922,计算机网络,选修,3,48,会计学（数智会计方向，税收方向）
MAN3521,毕业设计（论文）,必修,8,16w,会计学（数智会计方向，税收方向）
MAN3541,管理类综合实验（ERP）,必修,1,2w,会计学（数智会计方向，税收方向）
MAN3581,生产实习,必修,2,4w,会计学（数智会计方向，税收方向）
MAN3602,税收综合实验（税收方向）,选修,2,2w,会计学（数智会计方向，税收方向）
MAN5011,博弈论,选修,2,32,会计学（数智会计方向，税收方向）
MAN5081,公司战略与风险管理,必修,3,48,会计学（数智会计方向，税收方向）
MAN5101,管理统计学,选修,2,32,会计学（数智会计方向，税收方向）
MAN5131,金融市场与金融机构,选修,2,32,会计学（数智会计方向，税收方向）
MAN5151,人力资源管理,选修,2,32,会计学（数智会计方向，税收方向）
MAN5181,行为经济与管理,选修,2,32,会计学（数智会计方向，税收方向）
MAN5241,商业伦理,选修,2,32,会计学（数智会计方向，税收方向）
MAN5251,商务沟通与谈判,选修,2,32,会计学（数智会计方向，税收方向）
MAN5401,货币银行学,选修,2,32,会计学（数智会计方向，税收方向）
MAN5421,金融经济学,选修,2.5,40,会计学（数智会计方向，税收方向）
MAN5441,企业内部控制,必修,2,32,会计学（数智会计方向，税收方向）
MAN5501,证券投资学,选修,2,32,会计学（数智会计方向，税收方向）
MAN5552,高级财务会计,必修,3,48,会计学（数智会计方向，税收方向）
MAN5581,中级微观经济学,选修,2,32,会计学（数智会计方向，税收方向）
MAN5661,计算机与程序设计基础（Python）,选修,2,32,会计学（数智会计方向，税收方向）
MAN5691,创业管理,选修,2,32,会计学（数智会计方向，税收方向）
MAN5701,商法,选修,2,32,会计学（数智会计方向，税收方向）
MAN5731,税务会计,选修,2,32,会计学（数智会计方向，税收方向）
MAT0021,微积分（B）（上）,必修,5.5,88,会计学（数智会计方向，税收方向）
MAT0031,微积分（B）（下）,必修,5.5,88,会计学（数智会计方向，税收方向）
MAT0121,线性代数（B）,必修,2.5,40,会计学（数智会计方向，税收方向）
MAT0131,概率论与数理统计（B）,必修,2.5,40,会计学（数智会计方向，税收方向）
MAX0013,马克思主义基本原理,必修,2.5,40,会计学（数智会计方向，税收方向）
MAX0022,思想道德与法治,必修,2.5,40,会计学（数智会计方向，税收方向）
MAX0033,形势与政策（1-8学期）,必修,2,64,会计学（数智会计方向，税收方向）
MAX0042,中国近现代史纲要,必修,2.5,40,会计学（数智会计方向，税收方向）
MAX0064,毛泽东思想和中国特色社会主义理论体系概论,必修,2.5,40,会计学（数智会计方向，税收方向）
MAX0072,习近平新时代中国特色社会主义思想概论,必修,3,48,会计学（数智会计方向，税收方向）
PHE0003,大学体育（一）（1-2学期）,必修,1.8,60,会计学（数智会计方向，税收方向）
PHE0013,大学体育（二）（3-4学期）,必修,1.8,60,会计学（数智会计方向，税收方向）
PHE0023,大学体育（三）（5-6学期）,必修,0.4,24,会计学（数智会计方向，税收方向）
SFL0004,综合英语（一）,必修,2.5,40,会计学（数智会计方向，税收方向）
SFL0014,综合英语（二）,必修,2.5,40,会计学（数智会计方向，税收方向）
CHI0001,中国语文,必修,2,32,传播学
ECN0572,经济学原理,必修,2,32,传播学
EIC0008,人工智能概论（B）,必修,2,32,传播学
JOU0000,经典阅读导引,必修,1,16,传播学
JOU0004,公共关系实务,选修,2,32,传播学
JOU0005,新媒体应用模式创新设计,必修,2,32,传播学
JOU0006,WEB信息架构设计,必修,2,32,传播学
JOU0026,创意新媒体开发设计实验,必修,2.5,40,传播学
JOU0035,专业实习,必修,10,12w,传播学
JOU0036,新媒体内容创意生产,必修,2,32,传播学
JOU0081,游戏开发,选修,3,48,传播学
JOU0131,科学与健康传播,选修,2,32,传播学
JOU0521,传播学研究方法,必修,3,48,传播学
JOU0531,传播学原理,必修,2.5,40,传播学
JOU0581,品牌传播概论,必修,2,32,传播学
JOU0591,数字传播技术基础,必修,3,48,传播学
JOU0612,新闻传播伦理与法制,必修,2,32,传播学
JOU0621,新闻学原理,必修,2.5,40,传播学
JOU0631,学术规范与论文写作,必修,1,16,传播学
JOU0661,新媒体概论,必修,2,32,传播学
JOU0701,中外新闻传播史,必修,2.5,40,传播学
JOU2041,传播心理学,必修,2,32,传播学
JOU2301,新媒体经典产品赏析,必修,1,16,传播学
JOU2331,新媒体营销,选修,2,32,传播学
JOU2341,新媒体用户分析,必修,2,32,传播学
JOU2351,新媒体与社会,必修,2,32,传播学
JOU2461,交互设计,必修,3,48,传播学
JOU2472,新媒体运营,必修,2,32,传播学
JOU2491,计算广告学,选修,2,32,传播学
JOU3511,毕业设计（论文）,必修,8,16w,传播学
JOU3522,认知实习,必修,1,4w,传播学
JOU5061,传播统计学,选修,3,48,传播学
JOU5251,口语表达与形象造型,选修,2,32,传播学
JOU5341,摄像及编辑技术,选修,3,48,传播学
JOU5411,数据挖掘,选修,3,48,传播学
JOU5641,Python语言,选修,2,32,传播学
JOU5861,智能传播,必修,2,32,传播学
JOU6071,创新思维与能力训练,选修,2,32,传播学
MAT0021,微积分（B）（上）,必修,5.5,88,传播学
MAT0031,微积分（B）（下）,必修,5.5,88,传播学
MAT0121,线性代数（B）,必修,2.5,40,传播学
MAT0131,概率论与数理统计（B）,必修,2.5,40,传播学
MAX0013,马克思主义基本原理,必修,2.5,40,传播学
MAX0022,思想道德与法治,必修,2.5,40,传播学
MAX0033,形势与政策（1-8学期）,必修,2,64,传播学
MAX0042,中国近现代史纲要,必修,2.5,40,传播学
MAX0064,毛泽东思想和中国特色社会主义理论体系概论,必修,2.5,40,传播学
MAX0072,习近平新时代中国特色社会主义思想概论,必修,3,48,传播学
PHE0003,大学体育（一）（1-2学期）,必修,1.8,60,传播学
PHE0013,大学体育（二）（3-4学期）,必修,1.8,60,传播学
PHE0023,大学体育（三）（5-6学期）,必修,0.4,24,传播学
PHI0521,哲学导论,必修,3,48,传播学
PUBA0015,国家安全教育,必修,0,16,传播学
SFL0004,综合英语（一）,必修,2.5,40,传播学
SFL0014,综合英语（二）,必修,2.5,40,传播学
SSE0601,C语言程序设计,必修,3,48,传播学
CHI0001,中国语文,必修,2,32,供应链管理（工业工程双学位）
CST0048,人工智能概论（A）,必修,2,32,供应链管理（工业工程双学位）
ENG3541,工程训练（三）,必修,1,2w,供应链管理（工业工程双学位）
MAN0009,学科（专业）概论（供应链管理+工业工程）,必修,2,32,供应链管理（工业工程双学位）
MAN0010,动态规划与序贯决策（Matlab）,选修,3,48,供应链管理（工业工程双学位）
MAN0014,供应链竞合博弈,必修,2,32,供应链管理（工业工程双学位）
MAN0015,生产运作管理综合实验,必修,4,4w,供应链管理（工业工程双学位）
MAN0016,机器学习综合实践,必修,2,2w,供应链管理（工业工程双学位）
MAN0032,C语言程序设计,必修,3,48,供应链管理（工业工程双学位）
MAN0043,数据库原理及应用,必修,2.5,40,供应链管理（工业工程双学位）
MAN0201,大数据分析与可视化,必修,2,32,供应链管理（工业工程双学位）
MAN0221,营销科学原理,选修,2,32,供应链管理（工业工程双学位）
MAN0231,公司金融,选修,2.5,40,供应链管理（工业工程双学位）
MAN0261,数据驱动的智能决策,必修,2,32,供应链管理（工业工程双学位）
MAN0301,采购与供应管理,选修,1.5,24,供应链管理（工业工程双学位）
MAN0341,智能优化算法,必修,2,32,供应链管理（工业工程双学位）
MAN0421,供应链管理实践,必修,2,32,供应链管理（工业工程双学位）
MAN0691,管理经济学,必修,3,48,供应链管理（工业工程双学位）
MAN0742,组织行为学,选修,1.5,24,供应链管理（工业工程双学位）
MAN0751,管理学,必修,1.5,24,供应链管理（工业工程双学位）
MAN0761,系统工程导论,必修,1,16,供应链管理（工业工程双学位）
MAN0771,运营管理,必修,2.5,40,供应链管理（工业工程双学位）
MAN0841,行为运营管理,必修,2.5,40,供应链管理（工业工程双学位）
MAN0851,云计算与分布式系统,选修,2,32,供应链管理（工业工程双学位）
MAN1081,物流管理,必修,2,32,供应链管理（工业工程双学位）
MAN1141,文本分析与挖掘,选修,1.5,24,供应链管理（工业工程双学位）
MAN1181,供应链管理综合实验,必修,2,2w,供应链管理（工业工程双学位）
MAN1201,网络设计与调度优化,必修,2,32,供应链管理（工业工程双学位）
MAN1231,排队论,选修,2,32,供应链管理（工业工程双学位）
MAN1241,供应链金融,必修,2,32,供应链管理（工业工程双学位）
MAN1251,随机过程,必修,2,32,供应链管理（工业工程双学位）
MAN1511,基于Python的商业数据分析与挖掘实训,必修,2,2w,供应链管理（工业工程双学位）
MAN1541,管理学前沿与实践,必修,2,2w,供应链管理（工业工程双学位）
MAN2081,供应链管理,必修,2,32,供应链管理（工业工程双学位）
MAN2231,企业战略管理,选修,2,32,供应链管理（工业工程双学位）
MAN2382,消费者行为学,选修,2,32,供应链管理（工业工程双学位）
MAN2391,项目管理,选修,2,32,供应链管理（工业工程双学位）
MAN2651,计量经济学,必修,3,48,供应链管理（工业工程双学位）
MAN2701,数据结构,选修,2.5,40,供应链管理（工业工程双学位）
MAN2961,数智化仓储管理,必修,2.5,40,供应链管理（工业工程双学位）
MAN3521,毕业设计（论文）,必修,8,16w,供应链管理（工业工程双学位）
MAN3541,管理类综合实验（ERP）,必修,1,2w,供应链管理（工业工程双学位）
MAN3581,生产实习,必修,2,4w,供应链管理（工业工程双学位）
MAN3722,物流系统仿真实验,必修,2,2w,供应链管理（工业工程双学位）
MAN5101,管理统计学,选修,2,32,供应链管理（工业工程双学位）
MAN5111,国际物流学,选修,2,32,供应链管理（工业工程双学位）
MAN5151,人力资源管理,选修,2,32,供应链管理（工业工程双学位）
MAN5691,创业管理,选修,2,32,供应链管理（工业工程双学位）
MAT0021,微积分（B）（上）,必修,5.5,88,供应链管理（工业工程双学位）
MAT0031,微积分（B）（下）,必修,5.5,88,供应链管理（工业工程双学位）
MAT0121,线性代数（B）,必修,2.5,40,供应链管理（工业工程双学位）
MAT0131,概率论与数理统计（B）,必修,2.5,40,供应链管理（工业工程双学位）
MAX0013,马克思主义基本原理,必修,2.5,40,供应链管理（工业工程双学位）
MAX0022,思想道德与法治,必修,2.5,40,供应链管理（工业工程双学位）
MAX0033,形势与政策（1-8学期）,必修,2,64,供应链管理（工业工程双学位）
MAX0042,中国近现代史纲要,必修,2.5,40,供应链管理（工业工程双学位）
MAX0064,毛泽东思想和中国特色社会主义理论体系概论,必修,2.5,40,供应链管理（工业工程双学位）
MAX0072,习近平新时代中国特色社会主义思想概论,必修,3,48,供应链管理（工业工程双学位）
MESE0003,人因工程与工作研究实验,必修,0.5,8,供应链管理（工业工程双学位）
MESE0181,智能制造系统,选修,2,32,供应链管理（工业工程双学位）
MESE0371,人因工程（全英语）,选修,3,48,供应链管理（工业工程双学位）
MESE0611,机械原理,必修,2,32,供应链管理（工业工程双学位）
MESE0831,机械设计,必修,2,32,供应链管理（工业工程双学位）
MESE1142,智能制造装备与工艺（一）,必修,2,32,供应链管理（工业工程双学位）
MESE1261,机械设计课程设计,必修,2,2w,供应链管理（工业工程双学位）
MESE1281,专业工程实践（二）,必修,2,2w,供应链管理（工业工程双学位）
MESE1291,机械工程学科导论,必修,1,18,供应链管理（工业工程双学位）
MESE2071,基础工业工程,必修,2,32,供应链管理（工业工程双学位）
MESE2161,运筹学,必修,3.5,56,供应链管理（工业工程双学位）
MESE2281,生产系统建模与仿真,必修,2,32,供应链管理（工业工程双学位）
MESE2481,质量管理与可靠性,选修,4,64,供应链管理（工业工程双学位）
MESE5251,机器视觉及应用,选修,1.5,24,供应链管理（工业工程双学位）
MESE5331,计算机辅助制造技术,选修,1.5,24,供应链管理（工业工程双学位）
MESE5621,先进制造技术,选修,1.5,24,供应链管理（工业工程双学位）
MESE6371,知识工程与应用,选修,1.5,24,供应链管理（工业工程双学位）
MESE6391,数字孪生与边缘计算技术,选修,1.5,24,供应链管理（工业工程双学位）
MESE6402,工业物联网及应用,选修,2,32,供应链管理（工业工程双学位）
PHE0003,大学体育（一）（1-2学期）,必修,1.8,60,供应链管理（工业工程双学位）
PHE0013,大学体育（二）（3-4学期）,必修,1.8,60,供应链管理（工业工程双学位）
PHE0023,大学体育（三）（5-6学期）,必修,0.4,24,供应链管理（工业工程双学位）
SFL0004,综合英语（一）,必修,2.5,40,供应链管理（工业工程双学位）
SFL0014,综合英语（二）,必修,2.5,40,供应链管理（工业工程双学位）
CHI0001,中国语文,必修,2,32,信息与计算科学
CST0048,人工智能概论（A）,必修,2,32,信息与计算科学
MAT0008,数学分析（三）实践,必修,0,32,信息与计算科学
MAT0012,数学分析（一）实践,必修,0,32,信息与计算科学
MAT0013,数学分析（二）实践,必修,0,32,信息与计算科学
MAT0015,高等代数与解析几何（一）实践,必修,0,32,信息与计算科学
MAT0016,高等代数与解析几何（二）实践,必修,0,32,信息与计算科学
MAT0017,科技创新活动（一）,选修,1.5,2w,信息与计算科学
MAT0018,科技创新活动（二）,选修,1.5,2w,信息与计算科学
MAT0019,科技创新活动（三）,选修,1.5,2w,信息与计算科学
MAT0020,科技创新活动（四）,选修,1.5,2w,信息与计算科学
MAT0022,科技创新活动（五）,选修,1.5,2w,信息与计算科学
MAT0023,Python数据分析,选修,2,32,信息与计算科学
MAT0024,交换代数,选修,3,48,信息与计算科学
MAT0025,机器学习基础,必修,4,64,信息与计算科学
MAT0042,数理统计,选修,3.5,56,信息与计算科学
MAT0043,毕业设计（论文）,必修,12,18w,信息与计算科学
MAT0044,软件实习,必修,1.5,2w,信息与计算科学
MAT0045,生产实习,必修,3,4w,信息与计算科学
MAT0046,有限元方法,选修,3,48,信息与计算科学
MAT0047,调和分析,选修,4,64,信息与计算科学
MAT0049,非参数统计,选修,2.5,40,信息与计算科学
MAT0522,泛函分析,必修,4,64,信息与计算科学
MAT0582,概率论,必修,4,64,信息与计算科学
MAT0601,高等代数与解析几何（二）,必修,5.5,88,信息与计算科学
MAT0611,高等代数与解析几何（一）,必修,5,80,信息与计算科学
MAT0621,数学分析（一）,必修,5,80,信息与计算科学
MAT0631,数学分析（二）,必修,5.5,88,信息与计算科学
MAT0641,数学分析（三）,必修,5.5,88,信息与计算科学
MAT0652,常微分方程,必修,4,64,信息与计算科学
MAT0662,复变函数（一）,必修,4,64,信息与计算科学
MAT0682,实变函数,必修,4,64,信息与计算科学
MAT0731,学科（专业）概论,必修,1,16,信息与计算科学
MAT2011,近世代数,选修,4,64,信息与计算科学
MAT2021,拓扑学,选修,4,64,信息与计算科学
MAT2031,微分几何,选修,4,64,信息与计算科学
MAT2041,偏微分方程,选修,4,64,信息与计算科学
MAT2051,数值逼近,必修,4,64,信息与计算科学
MAT2061,数值代数,必修,4,64,信息与计算科学
MAT2071,数学建模,必修,2,32,信息与计算科学
MAT5041,并行计算,选修,3,48,信息与计算科学
MAT5051,测度论,选修,3,48,信息与计算科学
MAT5061,抽样调查,选修,3,48,信息与计算科学
MAT5071,代数几何,选修,3,48,信息与计算科学
MAT5111,分形几何,选修,3,48,信息与计算科学
MAT5121,高等数值方法,选修,3,48,信息与计算科学
MAT5161,微分方程数值解,必修,4,64,信息与计算科学
MAT5171,最优化方法,选修,2.5,40,信息与计算科学
MAT5201,控制论基础,选修,2.5,40,信息与计算科学
MAT5211,离散数学,选修,3,48,信息与计算科学
MAT5231,数据结构与算法,选修,3,48,信息与计算科学
MAT5241,数据挖掘,选修,2.5,40,信息与计算科学
MAT5261,数论,选修,3,48,信息与计算科学
MAT5301,随机过程,选修,4,64,信息与计算科学
MAT5321,信息论基础,必修,3,48,信息与计算科学
MAT5341,运筹学,选修,3.5,56,信息与计算科学
MAT5351,数学实验,选修,1.5,24,信息与计算科学
MAT5361,代数学,选修,4,64,信息与计算科学
MAT5371,泛函分析 II,选修,4,64,信息与计算科学
MAT5401,高等概率论,选修,4,64,信息与计算科学
MAT5411,高等数理统计,选修,4,64,信息与计算科学
MAT5421,回归分析,选修,3,48,信息与计算科学
MAX0013,马克思主义基本原理,必修,2.5,40,信息与计算科学
MAX0022,思想道德与法治,必修,2.5,40,信息与计算科学
MAX0033,形势与政策（1-8学期）,必修,2,64,信息与计算科学
MAX0042,中国近现代史纲要,必修,2.5,40,信息与计算科学
MAX0064,毛泽东思想和中国特色社会主义理论体系概论,必修,2.5,40,信息与计算科学
MAX0072,习近平新时代中国特色社会主义思想概论,必修,3,48,信息与计算科学
NCC0001,计算机及程序设计基础（C++）,必修,3,48,信息与计算科学
PHE0003,大学体育（一）（1-2学期）,必修,1.8,60,信息与计算科学
PHE0013,大学体育（二）（3-4学期）,必修,1.8,60,信息与计算科学
PHE0023,大学体育（三）（5-6学期）,必修,0.4,24,信息与计算科学
PHY0171,大学物理（A）（上）,必修,4,64,信息与计算科学
PHY0181,大学物理（A）（下）,必修,4,64,信息与计算科学
PHY0191,物理实验（上）,必修,2,32,信息与计算科学
PHY0201,物理实验（下）,必修,1.5,24,信息与计算科学
SFL0004,综合英语（一）,必修,2.5,40,信息与计算科学
SFL0014,综合英语（二）,必修,2.5,40,信息与计算科学
BMS0181,疾病基础,必修,3,48,信息管理与信息系统（医药卫生管理学院）
BMS0517,系统解剖学,必修,2,32,信息管理与信息系统（医药卫生管理学院）
BMS0564,组织学与胚胎学,必修,1,24,信息管理与信息系统（医药卫生管理学院）
BMS0598,生物化学与分子生物学,必修,1.5,24,信息管理与信息系统（医药卫生管理学院）
BMS0746,生理学,必修,2,32,信息管理与信息系统（医药卫生管理学院）
CHI0001,中国语文,必修,2,32,信息管理与信息系统（医药卫生管理学院）
CLS0583,外科学,必修,2.5,42,信息管理与信息系统（医药卫生管理学院）
CLS0643,诊断学,必修,2.5,40,信息管理与信息系统（医药卫生管理学院）
CLS0682,内科学,必修,3.5,56,信息管理与信息系统（医药卫生管理学院）
CLS0692,妇产科学,必修,1.5,24,信息管理与信息系统（医药卫生管理学院）
CLS0702,儿科学,必修,1.5,24,信息管理与信息系统（医药卫生管理学院）
CLS2021,传染病学,必修,2,32,信息管理与信息系统（医药卫生管理学院）
EIC0008,人工智能概论（B）,必修,2,32,信息管理与信息系统（医药卫生管理学院）
EIC0691,数据结构与算法,必修,3.5,56,信息管理与信息系统（医药卫生管理学院）
MAT0051,微积分（D）,必修,4,64,信息管理与信息系统（医药卫生管理学院）
MAT0121,线性代数（B）,必修,2.5,40,信息管理与信息系统（医药卫生管理学院）
MAT0131,概率论与数理统计（B）,必修,2.5,40,信息管理与信息系统（医药卫生管理学院）
MAX0013,马克思主义基本原理,必修,2.5,40,信息管理与信息系统（医药卫生管理学院）
MAX0022,思想道德与法治,必修,2.5,40,信息管理与信息系统（医药卫生管理学院）
MAX0033,形势与政策（1-8学期）,必修,2,64,信息管理与信息系统（医药卫生管理学院）
MAX0042,中国近现代史纲要,必修,2.5,40,信息管理与信息系统（医药卫生管理学院）
MAX0064,毛泽东思想和中国特色社会主义理论体系概论,必修,2.5,40,信息管理与信息系统（医药卫生管理学院）
MAX0072,习近平新时代中国特色社会主义思想概论,必修,3,48,信息管理与信息系统（医药卫生管理学院）
MHM0017,医学知识组织,必修,4,64,信息管理与信息系统（医药卫生管理学院）
MHM0023,学科导论,必修,1.5,24,信息管理与信息系统（医药卫生管理学院）
MHM0032,微观经济学,选修,2,32,信息管理与信息系统（医药卫生管理学院）
MHM0042,病案信息学,必修,2,40,信息管理与信息系统（医药卫生管理学院）
MHM0052,健康数据科学概论,必修,2,40,信息管理与信息系统（医药卫生管理学院）
MHM0122,数据库设计,必修,3,56,信息管理与信息系统（医药卫生管理学院）
MHM0131,Python语言程序设计,必修,2,32,信息管理与信息系统（医药卫生管理学院）
MHM0141,智能医疗实践,必修,1,24,信息管理与信息系统（医药卫生管理学院）
MHM0151,科技写作,必修,1,24,信息管理与信息系统（医药卫生管理学院）
MHM0541,管理信息系统,必修,2,40,信息管理与信息系统（医药卫生管理学院）
MHM0551,管理学基础,必修,3,48,信息管理与信息系统（医药卫生管理学院）
MHM0623,网络设计与应用,必修,3,56,信息管理与信息系统（医药卫生管理学院）
MHM0632,卫生管理统计学,必修,4,72,信息管理与信息系统（医药卫生管理学院）
MHM0642,卫生管理运筹学,必修,3,48,信息管理与信息系统（医药卫生管理学院）
MHM0671,信息管理概论,必修,3.5,56,信息管理与信息系统（医药卫生管理学院）
MHM0761,知识产权,选修,2,32,信息管理与信息系统（医药卫生管理学院）
MHM2041,临床信息系统,必修,2,40,信息管理与信息系统（医药卫生管理学院）
MHM2082,卫生管理学,必修,2,32,信息管理与信息系统（医药卫生管理学院）
MHM2112,卫生信息学,必修,3,48,信息管理与信息系统（医药卫生管理学院）
MHM2164,医学文献检索,必修,2,48,信息管理与信息系统（医药卫生管理学院）
MHM2173,医学信息分析与预测,必修,4,64,信息管理与信息系统（医药卫生管理学院）
MHM2183,医院管理学,必修,2,32,信息管理与信息系统（医药卫生管理学院）
MHM2211,IT项目管理,必修,2.5,40,信息管理与信息系统（医药卫生管理学院）
MHM3521,毕业考试,必修,0.5,1w,信息管理与信息系统（医药卫生管理学院）
MHM3532,毕业设计（论文）,必修,8,16w,信息管理与信息系统（医药卫生管理学院）
MHM3541,毕业实习,必修,6,12w,信息管理与信息系统（医药卫生管理学院）
NCC0001,计算机及程序设计基础（C++),必修,3,48,信息管理与信息系统（医药卫生管理学院）
PHE0003,大学体育（一）（1-2学期）,必修,1.8,60,信息管理与信息系统（医药卫生管理学院）
PHE0013,大学体育（二）（3-4学期）,必修,1.8,60,信息管理与信息系统（医药卫生管理学院）
PHE0023,大学体育（三）（5-6学期）,必修,0.4,24,信息管理与信息系统（医药卫生管理学院）
PUH0003,卫生学,必修,1.5,24,信息管理与信息系统（医药卫生管理学院）
PUH0542,流行病学,必修,3,48,信息管理与信息系统（医药卫生管理学院）
SFL0004,综合英语（一）,必修,2.5,40,信息管理与信息系统（医药卫生管理学院）
SFL0014,综合英语（二）,必修,2.5,40,信息管理与信息系统（医药卫生管理学院）
CHI0001,中国语文,必修,2,32,信息管理与信息系统（管理学院）
CST0048,人工智能概论（A）,必修,2,32,信息管理与信息系统（管理学院）
MAN0002,专业实验（企业竞争模拟）,必修,1,2w,信息管理与信息系统（管理学院）
MAN0008,课程设计（企业数字化管理综合实训）,必修,2,4w,信息管理与信息系统（管理学院）
MAN0032,C语言程序设计,必修,3,48,信息管理与信息系统（管理学院）
MAN0043,数据库原理及应用,必修,2.5,40,信息管理与信息系统（管理学院）
MAN0201,大数据分析与可视化,选修,2,32,信息管理与信息系统（管理学院）
MAN0221,营销科学原理,选修,2,32,信息管理与信息系统（管理学院）
MAN0231,公司金融,选修,2.5,40,信息管理与信息系统（管理学院）
MAN0261,数据驱动的智能决策,选修,2,32,信息管理与信息系统（管理学院）
MAN0271,社会网络分析学,选修,1.5,24,信息管理与信息系统（管理学院）
MAN0281,AB实验设计与因果推断,选修,2,32,信息管理与信息系统（管理学院）
MAN0291,IT项目管理,选修,2,32,信息管理与信息系统（管理学院）
MAN0371,低代码开发,选修,1,16,信息管理与信息系统（管理学院）
MAN0411,多模态数据分析,选修,2,32,信息管理与信息系统（管理学院）
MAN0431,智能决策算法实训,必修,1,1w,信息管理与信息系统（管理学院）
MAN0441,管理决策定量分析与软件应用,选修,1,16,信息管理与信息系统（管理学院）
MAN0521,宏观经济学,必修,2.5,40,信息管理与信息系统（管理学院）
MAN0533,会计学,必修,2,32,信息管理与信息系统（管理学院）
MAN0601,学科发展前沿专题研究,必修,1,16,信息管理与信息系统（管理学院）
MAN0611,学科（专业）概论,必修,1,16,信息管理与信息系统（管理学院）
MAN0653,运筹学（一）,必修,3,48,信息管理与信息系统（管理学院）
MAN0661,运筹学（二）,选修,2.5,40,信息管理与信息系统（管理学院）
MAN0691,管理经济学,必修,3,48,信息管理与信息系统（管理学院）
MAN0701,管理信息系统,必修,2.5,40,信息管理与信息系统（管理学院）
MAN0742,组织行为学,必修,1.5,24,信息管理与信息系统（管理学院）
MAN0751,管理学,必修,1.5,24,信息管理与信息系统（管理学院）
MAN0761,系统工程导论,必修,1,16,信息管理与信息系统（管理学院）
MAN0771,运营管理,必修,2.5,40,信息管理与信息系统（管理学院）
MAN0821,程序设计综合实训,必修,2,2w,信息管理与信息系统（管理学院）
MAN0951,信息系统分析与设计,必修,2.5,40,信息管理与信息系统（管理学院）
MAN0971,数字产品与市场机制设计,选修,2,32,信息管理与信息系统（管理学院）
MAN0991,数智商务与模式创新,选修,2,32,信息管理与信息系统（管理学院）
MAN1011,数值分析与智能算法设计,选修,2,32,信息管理与信息系统（管理学院）
MAN1031,数学建模与智能决策,选修,2,32,信息管理与信息系统（管理学院）
MAN1051,数据要素与数据治理,选修,1,16,信息管理与信息系统（管理学院）
MAN1061,数据安全与人工智能伦理,选修,1,16,信息管理与信息系统（管理学院）
MAN1121,分布式计算实践,必修,1,1w,信息管理与信息系统（管理学院）
MAN1281,数字化系统开发工具实训,必修,4,4w,信息管理与信息系统（管理学院）
MAN1411,人工智能大模型应用实践,必修,1,1w,信息管理与信息系统（管理学院）
MAN1451,离散数学,必修,2,32,信息管理与信息系统（管理学院）
MAN1461,科技论文写作,必修,1,1w,信息管理与信息系统（管理学院）
MAN1511,基于Python的商业数据分析与挖掘实训,必修,2,2w,信息管理与信息系统（管理学院）
MAN1521,机器学习与深度学习,必修,2.5,40,信息管理与信息系统（管理学院）
MAN1571,推荐方法与技术,选修,1,16,信息管理与信息系统（管理学院）
MAN2041,创新管理,选修,2,32,信息管理与信息系统（管理学院）
MAN2081,供应链管理,选修,2,32,信息管理与信息系统（管理学院）
MAN2172,决策分析,必修,2,32,信息管理与信息系统（管理学院）
MAN2231,企业战略管理,选修,2,32,信息管理与信息系统（管理学院）
MAN2431,软件测试与质量控制,选修,2,32,信息管理与信息系统（管理学院）
MAN2651,计量经济学,选修,3,48,信息管理与信息系统（管理学院）
MAN2681,面向对象的程序设计（JAVA）,必修,2.5,40,信息管理与信息系统（管理学院）
MAN2701,数据结构,必修,2.5,40,信息管理与信息系统（管理学院）
MAN2912,管理系统仿真与数字孪生,选修,2.5,40,信息管理与信息系统（管理学院）
MAN2922,计算机网络,必修,3,48,信息管理与信息系统（管理学院）
MAN3521,毕业设计（论文）,必修,8,16w,信息管理与信息系统（管理学院）
MAN3541,管理类综合实验（ERP）,必修,1,2w,信息管理与信息系统（管理学院）
MAN3581,生产实习,必修,2,4w,信息管理与信息系统（管理学院）
MAN5011,博弈论,选修,2,32,信息管理与信息系统（管理学院）
MAN5101,管理统计学,必修,2,32,信息管理与信息系统（管理学院）
MAN5151,人力资源管理,选修,2,32,信息管理与信息系统（管理学院）
MAN5241,商业伦理,选修,2,32,信息管理与信息系统（管理学院）
MAN5481,信息资源管理,必修,2,32,信息管理与信息系统（管理学院）
MAN5691,创业管理,选修,2,32,信息管理与信息系统（管理学院）
MAT0021,微积分（B）（上）,必修,5.5,88,信息管理与信息系统（管理学院）
MAT0031,微积分（B）（下）,必修,5.5,88,信息管理与信息系统（管理学院）
MAT0121,线性代数（B）,必修,2.5,40,信息管理与信息系统（管理学院）
MAT0131,概率论与数理统计（B）,必修,2.5,40,信息管理与信息系统（管理学院）
MAX0013,马克思主义基本原理,必修,2.5,40,信息管理与信息系统（管理学院）
MAX0022,思想道德与法治,必修,2.5,40,信息管理与信息系统（管理学院）
MAX0033,形势与政策（1-8学期）,必修,2,64,信息管理与信息系统（管理学院）
MAX0042,中国近现代史纲要,必修,2.5,40,信息管理与信息系统（管理学院）
MAX0064,毛泽东思想和中国特色社会主义理论体系概论,必修,2.5,40,信息管理与信息系统（管理学院）
MAX0072,习近平新时代中国特色社会主义思想概论,必修,3,48,信息管理与信息系统（管理学院）
PHE0003,大学体育（一）（1-2学期）,必修,1.8,60,信息管理与信息系统（管理学院）
PHE0013,大学体育（二）（3-4学期）,必修,1.8,60,信息管理与信息系统（管理学院）
PHE0023,大学体育（三）（5-6学期）,必修,0.4,24,信息管理与信息系统（管理学院）
SFL0004,综合英语（一）,必修,2.5,40,信息管理与信息系统（管理学院）
SFL0014,综合英语（二）,必修,2.5,40,信息管理与信息系统（管理学院）
AE0054,流体力学（三）,必修,3.5,56,储能科学与工程
AE0611,理论力学（二）,必修,3.5,56,储能科学与工程
AE0662,材料力学,必修,3.5,56,储能科学与工程
CHE0532,工程化学,必修,2,32,储能科学与工程
CHI0001,中国语文,必修,2,32,储能科学与工程
CST0048,人工智能概论（A）,必修,2,32,储能科学与工程
EEE0701,电路理论,必修,2.5,40,储能科学与工程
ENG3511,工程训练（一）,必修,2,4w,储能科学与工程
EPE0006,生产实习（社会实践）,必修,2,2w,储能科学与工程
EPE0007,专业课程设计,必修,4,4w,储能科学与工程
EPE0008,科学研究与创新实践（二）,必修,5,5w,储能科学与工程
EPE0010,储能专业实验,选修,1,16,储能科学与工程
EPE0031,储能科学与工程概论,必修,1,16,储能科学与工程
EPE0041,化学储能基础,必修,2,32,储能科学与工程
EPE0051,物理储能基础,必修,2,32,储能科学与工程
EPE0062,热储能基础,必修,3,48,储能科学与工程
EPE0091,储能系统热管理与安全,选修,2,32,储能科学与工程
EPE0151,科学研究与创新实践（一）,必修,1,16,储能科学与工程
EPE0211,新能源与电力系统,选修,2,32,储能科学与工程
EPE0541,学科基础引论,必修,1,16,储能科学与工程
EPE0551,工程控制基础,必修,2,32,储能科学与工程
EPE2011,工程传热学（二）,必修,3.5,56,储能科学与工程
EPE2031,工程热力学(二),必修,4,64,储能科学与工程
EPE2072,工程测试技术,必修,1.5,24,储能科学与工程
EPE2112,工程传热学实验,必修,0.5,8,储能科学与工程
EPE2122,工程测试技术实验,必修,0.5,8,储能科学与工程
EPE2171,能源器件设计,选修,2,32,储能科学与工程
EPE3513,毕业设计（论文）,必修,13,13w,储能科学与工程
EPE5011,CFD技术及应用,选修,2,32,储能科学与工程
EPE5141,风力发电原理及技术,选修,2,32,储能科学与工程
EPE5341,可再生能源概论,选修,2,32,储能科学与工程
EPE5541,能源与动力工程专业英语,选修,2,32,储能科学与工程
EPE5691,新能源材料,选修,2,32,储能科学与工程
EPE5721,生物质基新材料,选修,2,32,储能科学与工程
EPE5861,有限元方法在热能工程中的应用,选修,2,32,储能科学与工程
EPE5911,太阳能利用原理与技术,选修,2,32,储能科学与工程
EPE5951,化石能源低碳利用概论,选修,2,32,储能科学与工程
EPE5971,能源互联网与智慧能源,选修,2,32,储能科学与工程
EPE5991,能源动力装备数值模拟,选修,2,32,储能科学与工程
EPE6011,碳中和理论和技术,选修,2,32,储能科学与工程
EPE6061,电池技术基础,必修,2,32,储能科学与工程
EPE6131,材料分析与表征,选修,2,32,储能科学与工程
MASE0541,材料科学基础（上）,必修,3,48,储能科学与工程
MAT0021,微积分（B）（上）,必修,5.5,88,储能科学与工程
MAT0031,微积分（B）（下）,必修,5.5,88,储能科学与工程
MAT0121,线性代数（B）,必修,2.5,40,储能科学与工程
MAT0131,概率论与数理统计（B）,必修,2.5,40,储能科学与工程
MAT0561,复变函数与积分变换,必修,2.5,40,储能科学与工程
MAX0013,马克思主义基本原理,必修,2.5,40,储能科学与工程
MAX0022,思想道德与法治,必修,2.5,40,储能科学与工程
MAX0033,形势与政策（1-8学期）,必修,2,64,储能科学与工程
MAX0042,中国近现代史纲要,必修,2.5,40,储能科学与工程
MAX0064,毛泽东思想和中国特色社会主义理论体系概论,必修,2.5,40,储能科学与工程
MAX0072,习近平新时代中国特色社会主义思想概论,必修,3,48,储能科学与工程
MESE0611,机械原理,必修,2,32,储能科学与工程
MESE0831,机械设计,必修,2,32,储能科学与工程
MESE1111,机械设计理论与方法（一）上,必修,2.5,40,储能科学与工程
MESE1122,机械设计理论与方法（一）下,必修,1.5,24,储能科学与工程
MESE3581,机械基础工程训练（二）,必修,1.5,3w,储能科学与工程
NCC0001,计算机及程序设计基础（C++),必修,3,48,储能科学与工程
PHE0003,大学体育（一）（1-2学期）,必修,1.8,60,储能科学与工程
PHE0013,大学体育（二）（3-4学期）,必修,1.8,60,储能科学与工程
PHE0023,大学体育（三）（5-6学期）,必修,0.4,24,储能科学与工程
PHY0171,大学物理（A）（上）,必修,4,64,储能科学与工程
PHY0181,大学物理（A）（下）,必修,4,64,储能科学与工程
PHY0191,物理实验（上）,必修,2,32,储能科学与工程
PHY0201,物理实验（下）,必修,1.5,24,储能科学与工程
SFL0004,综合英语（一）,必修,2.5,40,储能科学与工程
SFL0014,综合英语（二）,必修,2.5,40,储能科学与工程
BIO0786,细胞生物学,必修,2.5,48,儿科学
BMS0514,系统解剖学,必修,4.5,96,儿科学
BMS0521,局部解剖学,必修,2,72,儿科学
BMS0533,病理生理学,必修,3,48,儿科学
BMS0544,病理学,必修,4,80,儿科学
BMS0561,组织学与胚胎学,必修,3.5,80,儿科学
BMS0585,药理学,必修,4,64,儿科学
BMS0599,生物化学与分子生物学,必修,5,104,儿科学
BMS0603,PBL专题教学（一）,必修,1,14,儿科学
BMS0615,PBL专题教学（二）,必修,1,12,儿科学
BMS0671,机能实验1,必修,1,32,儿科学
BMS0681,机能实验2,必修,2,64,儿科学
BMS0747,生理学,必修,4.5,72,儿科学
BMS0802,医学免疫学,必修,2.5,48,儿科学
BMS0832,医学遗传学,必修,1.5,32,儿科学
BMS0952,病原生物学（一）,必修,2,47,儿科学
BMS0962,病原生物学（二）,必修,3,62,儿科学
CHE0721,基础化学（一）,必修,4.5,72,儿科学
CHE0821,有机化学（一）,必修,6,96,儿科学
CHI0001,中国语文,必修,2,32,儿科学
CLF0582,手术学,必修,1,32,儿科学
CLF0603,物理诊断学,必修,4,80,儿科学
CLS0522,核医学,必修,1.5,27,儿科学
CLS0561,实验诊断学,必修,2,40,儿科学
CLS0612,医学导论,必修,1,16,儿科学
CLS0631,医学影像学,必修,2,32,儿科学
CLS2013,PBL专题教学（三）,必修,1.5,24,儿科学
CLS2022,传染病学,必修,1.5,27,儿科学
CLS2051,耳鼻咽喉科学,必修,1.5,24,儿科学
CLS2061,妇产科学,必修,2.5,40,儿科学
CLS2182,临床模拟技能训练,必修,1,24,儿科学
CLS2191,临床模拟思维训练,必修,1,16,儿科学
CLS2231,内科学,必修,6,96,儿科学
CLS2251,皮肤性病学,必修,1.5,24,儿科学
CLS2272,神经及精神病学,必修,1.5,27,儿科学
CLS2291,外科学,必修,6,96,儿科学
CLS2371,眼科学,必修,1.5,24,儿科学
CLS2461,中医学（含针灸学）,必修,3.5,56,儿科学
CLS2561,小儿内科学,必修,6,96,儿科学
CLS2571,小儿外科学,必修,3.5,56,儿科学
CLS2582,小儿传染病学,必修,2.5,40,儿科学
CLS2592,儿童保健学,必修,2.5,40,儿科学
CLS2601,儿科人文与医患沟通,必修,1.5,24,儿科学
CLS3521,毕业考试,必修,0.5,1w,儿科学
CLS3532,传染科实习（8-10学期）,必修,1,2w,儿科学
CLS3544,儿科实习（8-10学期）,必修,9,18w,儿科学
CLS3562,耳鼻咽喉科学见习,必修,0.5,1w,儿科学
CLS3573,妇产科实习（8-10学期）,必修,2,4w,儿科学
CLS3623,内科实习（8-10学期）,必修,7,14w,儿科学
CLS3662,皮肤性病学见习,必修,0.5,1w,儿科学
CLS3671,神经及精神病科实习（8-10学期）,必修,2,4w,儿科学
CLS3752,眼科学见习,必修,0.5,1w,儿科学
CLS3761,医学影像学实习（8-10学期）,必修,1,2w,儿科学
CLS3932,外科实习（含儿外科8周）（8-10学期）,必修,7,14w,儿科学
EIC0008,人工智能概论（B）,必修,2,32,儿科学
MAT0051,微积分（D）,必修,4,64,儿科学
MAX0013,马克思主义基本原理,必修,2.5,40,儿科学
MAX0022,思想道德与法治,必修,2.5,40,儿科学
MAX0033,形势与政策（1-8学期）,必修,2,64,儿科学
MAX0042,中国近现代史纲要,必修,2.5,40,儿科学
MAX0064,毛泽东思想和中国特色社会主义理论体系概论,必修,2.5,40,儿科学
MAX0072,习近平新时代中国特色社会主义思想概论,必修,3,48,儿科学
MHM0692,医学伦理学,必修,1.5,24,儿科学
NCC0051,计算机及程序设计基础（Python）,必修,3,48,儿科学
PHE0003,大学体育（一）（1-2学期）,必修,1.8,60,儿科学
PHE0013,大学体育（二）（3-4学期）,必修,1.8,60,儿科学
PHE0023,大学体育（三）（5-6学期）,必修,0.4,24,儿科学
PHY0211,大学物理（B）,必修,4,64,儿科学
PHY0561,物理实验（二）,必修,0.75,24,儿科学
PUH0585,医学统计学,必修,1.5,32,儿科学
PUH0592,医学心理学,必修,1.5,24,儿科学
PUH0606,预防医学,必修,2,36,儿科学
PUH2091,循证医学,必修,1,16,儿科学
SFL0004,综合英语（一）,必修,2.5,40,儿科学
SFL0014,综合英语（二）,必修,2.5,40,儿科学
SFL0202,医学英语基础,必修,1.5,24,儿科学
BMS0181,疾病基础,必修,3,48,公共事业管理
BMS0517,系统解剖学,必修,2,32,公共事业管理
BMS0564,组织学与胚胎学,必修,1,24,公共事业管理
BMS0598,生物化学与分子生物学,必修,1.5,24,公共事业管理
BMS0746,生理学,必修,2,32,公共事业管理
CHI0001,中国语文,必修,2,32,公共事业管理
CLS0583,外科学,必修,2.5,42,公共事业管理
CLS0643,诊断学,必修,2.5,40,公共事业管理
CLS0682,内科学,必修,3.5,56,公共事业管理
CLS0692,妇产科学,必修,1.5,24,公共事业管理
CLS0702,儿科学,必修,1.5,24,公共事业管理
CLS2021,传染病学,必修,2,32,公共事业管理
EIC0008,人工智能概论（B）,必修,2,32,公共事业管理
MAT0051,微积分（D）,必修,4,64,公共事业管理
MAT0131,概率论与数理统计（B）,必修,2.5,40,公共事业管理
MAX0013,马克思主义基本原理,必修,2.5,40,公共事业管理
MAX0022,思想道德与法治,必修,2.5,40,公共事业管理
MAX0033,形势与政策（1-8学期）,必修,2,64,公共事业管理
MAX0042,中国近现代史纲要,必修,2.5,40,公共事业管理
MAX0064,毛泽东思想和中国特色社会主义理论体系概论,必修,2.5,40,公共事业管理
MAX0072,习近平新时代中国特色社会主义思想概论,必修,3,48,公共事业管理
MHM0002,组织行为学,必修,2.5,40,公共事业管理
MHM0018,医院管理学,必修,4,64,公共事业管理
MHM0020,管理决策实践,必修,1,32,公共事业管理
MHM0021,卫生人力资源管理,选修,2,32,公共事业管理
MHM0022,经济学基础,必修,3,48,公共事业管理
MHM0023,学科导论,必修,1.5,24,公共事业管理
MHM0024,政治与公共行政学,必修,3,48,公共事业管理
MHM0091,卫生项目管理,选修,2,32,公共事业管理
MHM0101,公文写作,必修,2,32,公共事业管理
MHM0151,科技写作,必修,1,24,公共事业管理
MHM0512,公共关系学,必修,2,32,公共事业管理
MHM0551,管理学基础,必修,3,48,公共事业管理
MHM0612,社会研究方法,必修,2,32,公共事业管理
MHM0632,卫生管理统计学,必修,4,72,公共事业管理
MHM0642,卫生管理运筹学,必修,3,48,公共事业管理
MHM0661,卫生信息管理学,必修,2,32,公共事业管理
MHM0691,医学伦理学,必修,2,32,公共事业管理
MHM0701,医学文献检索,必修,1.5,24,公共事业管理
MHM2062,卫生法学,必修,3,48,公共事业管理
MHM2084,卫生管理学,必修,4,64,公共事业管理
MHM2103,卫生经济学,必修,4,64,公共事业管理
MHM2143,药品政策与管理,必修,3,48,公共事业管理
MHM2152,医疗保障学,必修,2,32,公共事业管理
MHM2232,医学社会学,选修,2,32,公共事业管理
MHM3521,毕业考试,必修,0.5,1w,公共事业管理
MHM3532,毕业设计（论文）,必修,8,16w,公共事业管理
MHM3541,毕业实习,必修,6,12w,公共事业管理
NCC0051,计算机及程序设计基础（Python）,必修,3,48,公共事业管理
PHE0003,大学体育（一）（1-2学期）,必修,1.8,60,公共事业管理
PHE0013,大学体育（二）（3-4学期）,必修,1.8,60,公共事业管理
PHE0023,大学体育（三）（5-6学期）,必修,0.4,24,公共事业管理
PUH0003,卫生学,必修,1.5,24,公共事业管理
PUH0542,流行病学,必修,3,48,公共事业管理
RMWZ0003,军事理论,必修,0,36,公共事业管理
SFL0004,综合英语（一）,必修,2.5,40,公共事业管理
SFL0014,综合英语（二）,必修,2.5,40,公共事业管理
SOC0571,社会学概论,必修,2,32,公共事业管理
CHI0001,中国语文,必修,2,32,公共事业管理（数字公共治理）
EIC0008,人工智能概论（B）,必修,2,32,公共事业管理（数字公共治理）
GEC1061,数据库技术与应用,必修,2,32,公共事业管理（数字公共治理）
MAT0041,微积分（C）,必修,5,80,公共事业管理（数字公共治理）
MAT0121,线性代数（B）,必修,2.5,40,公共事业管理（数字公共治理）
MAT0131,概率论与数理统计（B）,必修,2.5,40,公共事业管理（数字公共治理）
MAX0013,马克思主义基本原理,必修,2.5,40,公共事业管理（数字公共治理）
MAX0022,思想道德与法治,必修,2.5,40,公共事业管理（数字公共治理）
MAX0033,形势与政策（1-8学期）,必修,2,64,公共事业管理（数字公共治理）
MAX0042,中国近现代史纲要,必修,2.5,40,公共事业管理（数字公共治理）
MAX0064,毛泽东思想和中国特色社会主义理论体系概论,必修,2.5,40,公共事业管理（数字公共治理）
MAX0072,习近平新时代中国特色社会主义思想概论,必修,3,48,公共事业管理（数字公共治理）
NCC0051,计算机及程序设计基础（Python）,必修,3,48,公共事业管理（数字公共治理）
PHE0003,大学体育（一）（1-2学期）,必修,1.8,60,公共事业管理（数字公共治理）
PHE0013,大学体育（二）（3-4学期）,必修,1.8,60,公共事业管理（数字公共治理）
PHE0023,大学体育（三）（5-6学期）,必修,0.4,24,公共事业管理（数字公共治理）
PHI0731,公共伦理学,必修,2,32,公共事业管理（数字公共治理）
PUBA0000,公共管理研究方法概论,必修,2,32,公共事业管理（数字公共治理）
PUBA0001,学科导论,必修,1,16,公共事业管理（数字公共治理）
PUBA0004,公文写作,必修,2,32,公共事业管理（数字公共治理）
PUBA0005,质性研究方法,必修,2,32,公共事业管理（数字公共治理）
PUBA0006,公共管理大数据分析,选修,2,32,公共事业管理（数字公共治理）
PUBA0008,应急管理,必修,2,32,公共事业管理（数字公共治理）
PUBA0014,政府规制,选修,2,32,公共事业管理（数字公共治理）
PUBA0016,科学研究训练与社会调查（2-6学期）,必修,6,96,公共事业管理（数字公共治理）
PUBA0018,数字风险治理,选修,2,32,公共事业管理（数字公共治理）
PUBA0021,GIS与城市大数据,选修,2,32,公共事业管理（数字公共治理）
PUBA0031,计算社会科学,必修,2.5,40,公共事业管理（数字公共治理）
PUBA0041,社会组织管理,必修,2,32,公共事业管理（数字公共治理）
PUBA0081,公共事业管理概论,必修,2,32,公共事业管理（数字公共治理）
PUBA0513,政治学原理,必修,3,48,公共事业管理（数字公共治理）
PUBA0521,城市管理学,必修,2.5,40,公共事业管理（数字公共治理）
PUBA0551,公共管理学,必修,2.5,40,公共事业管理（数字公共治理）
PUBA0561,管理学,必修,2.5,40,公共事业管理（数字公共治理）
PUBA0571,宏观经济学,必修,3,48,公共事业管理（数字公共治理）
PUBA0591,微观经济学,必修,3,48,公共事业管理（数字公共治理）
PUBA0601,行政法学,必修,2.5,40,公共事业管理（数字公共治理）
PUBA0611,组织行为学,必修,2.5,40,公共事业管理（数字公共治理）
PUBA0681,管理文秘,选修,2,32,公共事业管理（数字公共治理）
PUBA0701,管理定量研究方法,必修,3,48,公共事业管理（数字公共治理）
PUBA0731,公共经济学,必修,3,48,公共事业管理（数字公共治理）
PUBA2031,公共政策分析,必修,2.5,40,公共事业管理（数字公共治理）
PUBA2051,社会保障学,选修,2,32,公共事业管理（数字公共治理）
PUBA2071,电子政务,必修,2.5,40,公共事业管理（数字公共治理）
PUBA2081,决策理论与方法,必修,2.5,40,公共事业管理（数字公共治理）
PUBA2171,公共部门人力资源管理,必修,2.5,40,公共事业管理（数字公共治理）
PUBA2191,社会政策,选修,2.5,40,公共事业管理（数字公共治理）
PUBA2211,管理信息系统,必修,2.5,40,公共事业管理（数字公共治理）
PUBA3511,毕业论文,必修,8,16w,公共事业管理（数字公共治理）
PUBA5011,房地产管理,必修,2.5,40,公共事业管理（数字公共治理）
PUBA5021,公共部门战略管理,选修,2,32,公共事业管理（数字公共治理）
PUBA5031,公共关系学,选修,2,32,公共事业管理（数字公共治理）
PUBA5042,公务员制度与公务员选拔,选修,2,32,公共事业管理（数字公共治理）
PUBA5061,会计与财务管理,选修,2,32,公共事业管理（数字公共治理）
PUBA5071,领导学,选修,2,32,公共事业管理（数字公共治理）
PUBA5081,网络技术与网络安全,选修,2,32,公共事业管理（数字公共治理）
PUBA5092,土地资源管理,选修,2.5,40,公共事业管理（数字公共治理）
PUBA5101,项目管理,选修,2,32,公共事业管理（数字公共治理）
PUBA5111,政府绩效管理,选修,2,32,公共事业管理（数字公共治理）
SFL0004,综合英语（一）,必修,2.5,40,公共事业管理（数字公共治理）
SFL0014,综合英语（二）,必修,2.5,40,公共事业管理（数字公共治理）
SOC0572,社会学概论,必修,2.5,40,公共事业管理（数字公共治理）
AUT6062,机器学习,选修,2.5,40,化学
CHE0003,物理化学（一）,必修,3.5,56,化学
CHE0004,物理化学（二）,必修,2,32,化学
CHE0005,物理化学（三）,必修,1,16,化学
CHE0006,物理化学实验（一）,必修,1,32,化学
CHE0007,物理化学实验（二）,必修,1.25,40,化学
CHE0008,物理化学实验（三）,必修,1,32,化学
CHE0010,创新实践 B,必修,1.5,3w,化学
CHE0041,无机固体材料化学,选修,1,16,化学
CHE0111,分析化学实验（一）,必修,1.5,48,化学
CHE0121,分析化学（一）,必修,3,48,化学
CHE0131,分析化学实验（二）,必修,1.5,48,化学
CHE0141,分析化学（二）,必修,3.5,56,化学
CHE0161,高分子化学与物理（二）,必修,1.5,24,化学
CHE0171,高分子化学与物理实验（二）,必修,0.5,16,化学
CHE0181,化学信息学（上）,选修,0.5,8,化学
CHE0191,化学信息学（下）,选修,1,16,化学
CHE0211,功能高分子导论,选修,1.5,24,化学
CHE0221,活性聚合原理与技术,选修,1,16,化学
CHE0251,科学思维与研究方法,必修,0.5,1w,化学
CHE0261,科研认知实践,选修,1,4w,化学
CHE0271,高分子化学与物理（一）,必修,2.5,40,化学
CHE0281,高分子化学与物理实验（一）,必修,1,32,化学
CHE0641,学科（专业）概论,必修,1,16,化学
CHE0841,化学实验安全,必修,0.5,8,化学
CHE0871,无机化学（上）,必修,3,48,化学
CHE0881,无机化学（下）,必修,2,32,化学
CHE0891,无机化学实验（上）,必修,1.5,48,化学
CHE0901,无机化学实验（下）,必修,1,32,化学
CHE0941,有机化学实验（下）,必修,1.75,56,化学
CHE0952,有机化学实验（上）,必修,1.75,56,化学
CHE2011,电化学原理及应用,选修,2,32,化学
CHE2041,化工基础,必修,3,48,化学
CHE2051,化工基础实验,必修,1,32,化学
CHE2072,配位化学,必修,3,48,化学
CHE2102,结构化学,必修,3.5,56,化学
CHE2132,有机化学（上）,必修,3.5,56,化学
CHE2161,生物化学实验,必修,0.5,16,化学
CHE2171,生物化学,必修,2.5,40,化学
CHE2232,有机化学（下）,必修,3.5,56,化学
CHE2411,有机结构分析,选修,1.5,24,化学
CHE2421,有机合成设计,选修,1.5,24,化学
CHE3512,毕业设计（论文）（7-8学期）,必修,8,16w,化学
CHE3571,科学训练,必修,2,4w,化学
CHE5021,超分子化学,选修,1,16,化学
CHE5031,催化化学,选修,1,16,化学
CHE5121,化学前沿（进展）,选修,1.5,24,化学
CHE5131,化学生物学,选修,1,16,化学
CHE5182,计算化学,选修,1,16,化学
CHE5191,胶体与表面化学,选修,1,16,化学
CHE5211,绿色高分子,选修,1,16,化学
CHE5221,绿色化学,选修,1.5,24,化学
CHE5231,纳米材料化学,选修,1,16,化学
CHE5241,能源化学,选修,1,16,化学
CHE5261,药物化学,选修,1,16,化学
CHE5271,生物无机化学,选修,2,32,化学
CHE5281,现代分析化学,选修,1.5,24,化学
CHE5311,化学与社会,选修,1,16,化学
CHE5451,生物医用高分子材料,选修,1,16,化学
CHE5481,高分子表征技术,选修,1,16,化学
CHE5521,高分子组装体,选修,1,16,化学
CHE5591,分子光化学,选修,1,16,化学
CHI0001,中国语文,必修,2,32,化学
CST0048,人工智能概论（A）,必修,2,32,化学
ENG3551,工程训练（七）,必修,1,2w,化学
MAT0021,微积分（B）（上）,必修,5.5,88,化学
MAT0031,微积分（B）（下）,必修,5.5,88,化学
MAT0121,线性代数（B）,选修,2.5,40,化学
MAT0131,概率论与数理统计（B）,必修,2.5,40,化学
MAX0013,马克思主义基本原理,必修,2.5,40,化学
MAX0022,思想道德与法治,必修,2.5,40,化学
MAX0033,形势与政策（1-8学期）,必修,2,64,化学
MAX0042,中国近现代史纲要,必修,2.5,40,化学
MAX0064,毛泽东思想和中国特色社会主义理论体系概论,必修,2.5,40,化学
MAX0072,习近平新时代中国特色社会主义思想概论,必修,3,48,化学
NCC0051,计算机及程序设计基础（Python）,必修,3,48,化学
PHE0003,大学体育（一）（1-2学期）,必修,1.8,60,化学
PHE0013,大学体育（二）（3-4学期）,必修,1.8,60,化学
PHE0023,大学体育（三）（5-6学期）,必修,0.4,24,化学
PHY0171,大学物理（A）（上）,必修,4,64,化学
PHY0181,大学物理（A）（下）,必修,4,64,化学
PHY0191,物理实验（上）,必修,2,32,化学
PHY0201,物理实验（下）,必修,1.5,24,化学
SFL0004,综合英语（一）,必修,2.5,40,化学
SFL0014,综合英语（二）,必修,2.5,40,化学
CHE0000,化学生物学实验,必修,1.25,40,化学（强基计划实验班）
CHE0003,物理化学（一）,必修,3.5,56,化学（强基计划实验班）
CHE0004,物理化学（二）,必修,2,32,化学（强基计划实验班）
CHE0005,物理化学（三）,必修,1,16,化学（强基计划实验班）
CHE0006,物理化学实验（一）,必修,1,32,化学（强基计划实验班）
CHE0007,物理化学实验（二）,必修,1.25,40,化学（强基计划实验班）
CHE0008,物理化学实验（三）,必修,1,32,化学（强基计划实验班）
CHE0009,创新实践A,必修,1.5,3w,化学（强基计划实验班）
CHE0010,创新实践B,必修,1.5,3w,化学（强基计划实验班）
CHE0041,无机固体材料化学,选修,1,16,化学（强基计划实验班）
CHE0111,分析化学实验（一）,必修,1.5,48,化学（强基计划实验班）
CHE0121,分析化学（一）,必修,3,48,化学（强基计划实验班）
CHE0131,分析化学实验（二）,必修,1.5,48,化学（强基计划实验班）
CHE0141,分析化学（二）,必修,3.5,56,化学（强基计划实验班）
CHE0162,高分子化学与物理（二）,必修,2,32,化学（强基计划实验班）
CHE0171,高分子化学与物理实验（二）,必修,0.5,16,化学（强基计划实验班）
CHE0181,化学信息学（上）,选修,0.5,8,化学（强基计划实验班）
CHE0191,化学信息学（下）,选修,1,16,化学（强基计划实验班）
CHE0211,功能高分子导论,选修,1.5,24,化学（强基计划实验班）
CHE0231,半导体化学,选修,1,16,化学（强基计划实验班）
CHE0251,科学思维与研究方法,必修,0.5,1w,化学（强基计划实验班）
CHE0261,科研认知实践,必修,1,4w,化学（强基计划实验班）
CHE0271,高分子化学与物理（一）,必修,2.5,40,化学（强基计划实验班）
CHE0281,高分子化学与物理实验（一）,必修,1,32,化学（强基计划实验班）
CHE0291,化学前沿技术,必修,2,32,化学（强基计划实验班）
CHE0301,量子化学,选修,2,32,化学（强基计划实验班）
CHE0641,学科（专业）概论,必修,1,16,化学（强基计划实验班）
CHE0841,化学实验安全,必修,0.5,8,化学（强基计划实验班）
CHE0871,无机化学（上）,必修,3,48,化学（强基计划实验班）
CHE0881,无机化学（下）,必修,2,32,化学（强基计划实验班）
CHE0891,无机化学实验（上）,必修,1.5,48,化学（强基计划实验班）
CHE0901,无机化学实验（下）,必修,1,32,化学（强基计划实验班）
CHE0941,有机化学实验（下）,必修,1.75,56,化学（强基计划实验班）
CHE0952,有机化学实验（上）,必修,1.75,56,化学（强基计划实验班）
CHE2011,电化学原理及应用,选修,2,32,化学（强基计划实验班）
CHE2041,化工基础,必修,3,48,化学（强基计划实验班）
CHE2051,化工基础实验,必修,1,32,化学（强基计划实验班）
CHE2072,配位化学,必修,3,48,化学（强基计划实验班）
CHE2102,结构化学,必修,3.5,56,化学（强基计划实验班）
CHE2132,有机化学（上）,必修,3.5,56,化学（强基计划实验班）
CHE2232,有机化学（下）,必修,3.5,56,化学（强基计划实验班）
CHE2351,化学生物学,必修,4,64,化学（强基计划实验班）
CHE2391,晶体化学,选修,2,32,化学（强基计划实验班）
CHE2411,有机结构分析,选修,1.5,24,化学（强基计划实验班）
CHE2421,有机合成设计,选修,1.5,24,化学（强基计划实验班）
CHE2431,催化化学,选修,1.5,24,化学（强基计划实验班）
CHE2451,化学反应动力学,选修,1.5,24,化学（强基计划实验班）
CHE3512,毕业设计（论文）（7-8学期）,必修,8,16w,化学（强基计划实验班）
CHE3571,"科学训练（2,6学期）",必修,2,4w,化学（强基计划实验班）
CHE5021,超分子化学,选修,1,16,化学（强基计划实验班）
CHE5191,胶体与表面化学,选修,1,16,化学（强基计划实验班）
CHE5221,绿色化学,选修,1.5,24,化学（强基计划实验班）
CHE5231,纳米材料化学,选修,1,16,化学（强基计划实验班）
CHE5241,能源化学,选修,1,16,化学（强基计划实验班）
CHE5261,药物化学,选修,1,16,化学（强基计划实验班）
CHE5271,生物无机化学,选修,2,32,化学（强基计划实验班）
CHE5281,现代分析化学,选修,1.5,24,化学（强基计划实验班）
CHE5361,光物理与光化学,选修,1.5,24,化学（强基计划实验班）
CHE5451,生物医用高分子材料,选修,1,16,化学（强基计划实验班）
CHI0001,中国语文,必修,2,32,化学（强基计划实验班）
CST0048,人工智能概论（A）,必修,2,32,化学（强基计划实验班）
MAT0021,微积分（B）（上）,必修,5.5,88,化学（强基计划实验班）
MAT0031,微积分（B）（下）,必修,5.5,88,化学（强基计划实验班）
MAT0121,线性代数（B）,必修,2.5,40,化学（强基计划实验班）
MAT0131,概率论与数理统计（B）,必修,2.5,40,化学（强基计划实验班）
MAX0013,马克思主义基本原理,必修,2.5,40,化学（强基计划实验班）
MAX0022,思想道德与法治,必修,2.5,40,化学（强基计划实验班）
MAX0033,形势与政策（1-8学期）,必修,2,64,化学（强基计划实验班）
MAX0042,中国近现代史纲要,必修,2.5,40,化学（强基计划实验班）
MAX0064,毛泽东思想和中国特色社会主义理论体系概论,必修,2.5,40,化学（强基计划实验班）
MAX0072,习近平新时代中国特色社会主义思想概论,必修,3,48,化学（强基计划实验班）
NCC0051,计算机及程序设计基础（Python）,必修,3,48,化学（强基计划实验班）
PHE0003,大学体育（一）（1-2学期）,必修,1.8,60,化学（强基计划实验班）
PHE0013,大学体育（二）（3-4学期）,必修,1.8,60,化学（强基计划实验班）
PHE0023,大学体育（三）（5-6学期）,必修,0.4,24,化学（强基计划实验班）
PHY0171,大学物理（A）（上）,必修,4,64,化学（强基计划实验班）
PHY0181,大学物理（A）（下）,必修,4,64,化学（强基计划实验班）
PHY0191,物理实验（上）,必修,2,32,化学（强基计划实验班）
PHY0201,物理实验（下）,必修,1.5,24,化学（强基计划实验班）
SFL0004,综合英语（一）,必修,2.5,40,化学（强基计划实验班）
SFL0014,综合英语（二）,必修,2.5,40,化学（强基计划实验班）
CHE0003,物理化学（一）,必修,3.5,56,化学（拔尖基地启明实验班）
CHE0004,物理化学（二）,必修,2,32,化学（拔尖基地启明实验班）
CHE0005,物理化学（三）,必修,1,16,化学（拔尖基地启明实验班）
CHE0006,物理化学实验（一）,必修,1,32,化学（拔尖基地启明实验班）
CHE0007,物理化学实验（二）,必修,1.25,40,化学（拔尖基地启明实验班）
CHE0008,物理化学实验（三）,必修,1,32,化学（拔尖基地启明实验班）
CHE0009,创新实践A,必修,1.5,3w,化学（拔尖基地启明实验班）
CHE0010,创新实践 B,必修,1.5,3w,化学（拔尖基地启明实验班）
CHE0041,无机固体材料化学,选修,1,16,化学（拔尖基地启明实验班）
CHE0111,分析化学实验（一）,必修,1.5,48,化学（拔尖基地启明实验班）
CHE0121,分析化学（一）,必修,3,48,化学（拔尖基地启明实验班）
CHE0131,分析化学实验（二）,必修,1.5,48,化学（拔尖基地启明实验班）
CHE0141,分析化学（二）,必修,3.5,56,化学（拔尖基地启明实验班）
CHE0162,高分子化学与物理（二）,必修,2,32,化学（拔尖基地启明实验班）
CHE0171,高分子化学与物理实验（二）,必修,0.5,16,化学（拔尖基地启明实验班）
CHE0181,化学信息学（上）,选修,0.5,8,化学（拔尖基地启明实验班）
CHE0191,化学信息学（下）,选修,1,16,化学（拔尖基地启明实验班）
CHE0211,功能高分子导论,选修,1.5,24,化学（拔尖基地启明实验班）
CHE0221,活性聚合原理与技术,选修,1,16,化学（拔尖基地启明实验班）
CHE0251,科学思维与研究方法,必修,0.5,1w,化学（拔尖基地启明实验班）
CHE0261,科研认知实践,必修,1,4w,化学（拔尖基地启明实验班）
CHE0271,高分子化学与物理（一）,必修,2.5,40,化学（拔尖基地启明实验班）
CHE0281,高分子化学与物理实验（一）,必修,1,32,化学（拔尖基地启明实验班）
CHE0291,化学前沿技术,必修,2,32,化学（拔尖基地启明实验班）
CHE0641,学科（专业）概论,必修,1,16,化学（拔尖基地启明实验班）
CHE0841,化学实验安全,必修,0.5,8,化学（拔尖基地启明实验班）
CHE0871,无机化学（上）,必修,3,48,化学（拔尖基地启明实验班）
CHE0881,无机化学（下）,必修,2,32,化学（拔尖基地启明实验班）
CHE0891,无机化学实验（上）,必修,1.5,48,化学（拔尖基地启明实验班）
CHE0901,无机化学实验（下）,必修,1,32,化学（拔尖基地启明实验班）
CHE0941,有机化学实验（下）,必修,1.75,56,化学（拔尖基地启明实验班）
CHE0952,有机化学实验（上）,必修,1.75,56,化学（拔尖基地启明实验班）
CHE2011,电化学原理及应用,选修,2,32,化学（拔尖基地启明实验班）
CHE2041,化工基础,必修,3,48,化学（拔尖基地启明实验班）
CHE2051,化工基础实验,必修,1,32,化学（拔尖基地启明实验班）
CHE2072,配位化学,必修,3,48,化学（拔尖基地启明实验班）
CHE2102,结构化学,必修,3.5,56,化学（拔尖基地启明实验班）
CHE2132,有机化学（上）,必修,3.5,56,化学（拔尖基地启明实验班）
CHE2161,生物化学实验,必修,0.5,16,化学（拔尖基地启明实验班）
CHE2171,生物化学,必修,2.5,40,化学（拔尖基地启明实验班）
CHE2232,有机化学（下）,必修,3.5,56,化学（拔尖基地启明实验班）
CHE2411,有机结构分析,选修,1.5,24,化学（拔尖基地启明实验班）
CHE2421,有机合成设计,选修,1.5,24,化学（拔尖基地启明实验班）
CHE3512,毕业设计（论文）（7-8学期）,必修,8,16w,化学（拔尖基地启明实验班）
CHE3571,"科学训练（2,6学期）",必修,2,4w,化学（拔尖基地启明实验班）
CHE5021,超分子化学,选修,1,16,化学（拔尖基地启明实验班）
CHE5031,催化化学,选修,1,16,化学（拔尖基地启明实验班）
CHE5131,化学生物学,选修,1,16,化学（拔尖基地启明实验班）
CHE5182,计算化学,选修,1,16,化学（拔尖基地启明实验班）
CHE5191,胶体与表面化学,选修,1,16,化学（拔尖基地启明实验班）
CHE5211,绿色高分子,选修,1,16,化学（拔尖基地启明实验班）
CHE5221,绿色化学,选修,1.5,24,化学（拔尖基地启明实验班）
CHE5231,纳米材料化学,选修,1,16,化学（拔尖基地启明实验班）
CHE5241,能源化学,选修,1,16,化学（拔尖基地启明实验班）
CHE5261,药物化学,选修,1,16,化学（拔尖基地启明实验班）
CHE5271,生物无机化学,选修,2,32,化学（拔尖基地启明实验班）
CHE5281,现代分析化学,选修,1.5,24,化学（拔尖基地启明实验班）
CHE5311,化学与社会,选修,1,16,化学（拔尖基地启明实验班）
CHE5451,生物医用高分子材料,选修,1,16,化学（拔尖基地启明实验班）
CHE5481,高分子表征技术,选修,1,16,化学（拔尖基地启明实验班）
CHE5521,高分子组装体,选修,1,16,化学（拔尖基地启明实验班）
CHE5591,分子光化学,选修,1,16,化学（拔尖基地启明实验班）
CHI0001,中国语文,必修,2,32,化学（拔尖基地启明实验班）
CST0048,人工智能概论（A）,必修,2,32,化学（拔尖基地启明实验班）
MAT0021,微积分（B）（上）,必修,5.5,88,化学（拔尖基地启明实验班）
MAT0031,微积分（B）（下）,必修,5.5,88,化学（拔尖基地启明实验班）
MAT0121,线性代数（B）,必修,2.5,40,化学（拔尖基地启明实验班）
MAT0131,概率论与数理统计（B）,必修,2.5,40,化学（拔尖基地启明实验班）
MAX0013,马克思主义基本原理,必修,2.5,40,化学（拔尖基地启明实验班）
MAX0022,思想道德与法治,必修,2.5,40,化学（拔尖基地启明实验班）
MAX0033,形势与政策（1-8学期）,必修,2,64,化学（拔尖基地启明实验班）
MAX0042,中国近现代史纲要,必修,2.5,40,化学（拔尖基地启明实验班）
MAX0064,毛泽东思想和中国特色社会主义理论体系概论,必修,2.5,40,化学（拔尖基地启明实验班）
MAX0072,习近平新时代中国特色社会主义思想概论,必修,3,48,化学（拔尖基地启明实验班）
NCC0051,计算机及程序设计基础（Python）,必修,3,48,化学（拔尖基地启明实验班）
PHE0003,大学体育（一）（1-2学期）,必修,1.8,60,化学（拔尖基地启明实验班）
PHE0013,大学体育（二）（3-4学期）,必修,1.8,60,化学（拔尖基地启明实验班）
PHE0023,大学体育（三）（5-6学期）,必修,0.4,24,化学（拔尖基地启明实验班）
PHY0171,大学物理（A）（上）,必修,4,64,化学（拔尖基地启明实验班）
PHY0181,大学物理（A）（下）,必修,4,64,化学（拔尖基地启明实验班）
PHY0191,物理实验（上）,必修,2,32,化学（拔尖基地启明实验班）
PHY0201,物理实验（下）,必修,1.5,24,化学（拔尖基地启明实验班）
SFL0004,综合英语（一）,必修,2.5,40,化学（拔尖基地启明实验班）
SFL0014,综合英语（二）,必修,2.5,40,化学（拔尖基地启明实验班）
BIO0786,细胞生物学,必修,2.5,48,医学影像学
BMS0514,系统解剖学,必修,4.5,96,医学影像学
BMS0521,局部解剖学,必修,2,72,医学影像学
BMS0533,病理生理学,必修,3,"48
(8)",医学影像学
BMS0544,病理学,必修,4,"80
(24)",医学影像学
BMS0561,组织学与胚胎学,必修,3.5,80,医学影像学
BMS0585,药理学,必修,4,"64
(16)",医学影像学
BMS0599,生物化学与分子生物学,必修,5,"104
(16)",医学影像学
BMS0641,断面解剖学,必修,2,32,医学影像学
BMS0671,机能实验1,必修,1,32,医学影像学
BMS0681,机能实验2,必修,2,64,医学影像学
BMS0747,生理学,必修,4.5,"72
(24)",医学影像学
BMS0802,医学免疫学,必修,2.5,48,医学影像学
BMS0832,医学遗传学,必修,1.5,32,医学影像学
BMS0952,病原生物学（一）,必修,2,"47
(9)",医学影像学
BMS0962,病原生物学（二）,必修,3,"62
(10)",医学影像学
CHE0721,基础化学（一）,必修,4.5,72,医学影像学
CHE0821,有机化学（一）,必修,6,96,医学影像学
CHI0001,中国语文,必修,2,"32
(10)",医学影像学
CLF0002,眼科见习,必修,0.5,1w,医学影像学
CLF0032,耳鼻咽喉科见习,必修,0.5,1w,医学影像学
CLF0042,神经及精神科见习,必修,0.5,1w,医学影像学
CLF0081,妇产科学见习,必修,0.5,1w,医学影像学
CLF0522,儿科学（6-7学期）,必修,2.5,40,医学影像学
CLF0531,妇产科学（6-7学期）,必修,2.5,40,医学影像学
CLF0571,实验诊断学,必修,2,40,医学影像学
CLF0582,手术学,必修,1,32,医学影像学
CLF0603,物理诊断学,必修,4,80,医学影像学
CLF2011,超声诊断学,必修,4.5,72,医学影像学
CLF2041,耳鼻咽喉科学,必修,1.5,24,医学影像学
CLF2052,放射技术学,必修,1.5,26,医学影像学
CLF2062,放射诊断学,必修,8,128,医学影像学
CLF2083,核医学,必修,4,64,医学影像学
CLF2101,介入放射学,必修,1,16,医学影像学
CLF2214,内科学（6-7学期）,必修,5.5,88,医学影像学
CLF2231,神经及精神病学,必修,2,32,医学影像学
CLF2244,外科学（6-7学期）,必修,5.5,88,医学影像学
CLF2251,眼科学,必修,1.5,24,医学影像学
CLF2262,中医学（含针灸学）,必修,3,"48
(8)",医学影像学
CLF2282,临床模拟技能训练,必修,1,24,医学影像学
CLF2291,临床模拟思维训练,必修,1,16,医学影像学
CLF3521,毕业考试,必修,0.5,1w,医学影像学
CLF3543,超声学实习（9-10学期）,必修,2,4w,医学影像学
CLF3571,儿科学见习,必修,0.5,1w,医学影像学
CLF3583,儿科学实习（8-9学期）,必修,2,4w,医学影像学
CLF3603,放射诊断学实习（9-10学期）,必修,6.5,13w,医学影像学
CLF3613,妇产科学实习（8-9学期）,必修,2,4w,医学影像学
CLF3623,核医学实习（9-10学期）,必修,2,4w,医学影像学
CLF3632,介入放射学实习（9-10学期）,必修,0.5,1w,医学影像学
CLF3711,内科学见习,必修,1,2w,医学影像学
CLF3722,内科学实习（含社区医学实习2周））（8-9学期）,必修,8,16w,医学影像学
CLF3762,外科学实习（8-9学期）,必修,8,16w,医学影像学
CLF3811,外科学见习,必修,1,2w,医学影像学
CLS0612,医学导论,必修,1,16,医学影像学
EIC0008,人工智能概论（B）,必修,2,32,医学影像学
GEC1861,急诊医学,选修,1,16,医学影像学
GEC1881,口腔医学,选修,1,16,医学影像学
GEC1891,老年病学,选修,1,16,医学影像学
GEC2121,肿瘤医学,选修,1,16,医学影像学
GEC2141,糖尿病足,选修,1,16,医学影像学
GEC2151,足外科学,选修,1,16,医学影像学
GEC2651,医疗质量与安全,选修,1,16,医学影像学
GEC2741,肿瘤学,选修,2,32,医学影像学
GEC2751,常用急救知识与技能,选修,1,16,医学影像学
GEC2761,老年医学,选修,2,32,医学影像学
GEC2771,麻醉学,选修,1,16,医学影像学
GEC3001,临床变态反应学,选修,1,16,医学影像学
GEC3051,康复医学（公选课）,选修,1.5,24,医学影像学
GEC3341,临床医学沟通,选修,1,16,医学影像学
GEC3741,心脏移植与心室辅助,选修,1.5,24,医学影像学
GEC3801,重症医学,选修,1.5,24,医学影像学
GEC4031,健康管理,选修,1.5,24,医学影像学
GEC4041,整形美容外科学,选修,2,32,医学影像学
GEC4061,创面修复学,选修,1.5,24,医学影像学
GEC4721,缓和医疗,选修,1.5,24,医学影像学
GEC4891,科学应对微生物耐药,选修,1,16,医学影像学
GEC4961,医学营养学,选修,2,32,医学影像学
GEC4981,多学科综合临床技能模拟训练,选修,1,16,医学影像学
GEC5401,生命教育与临终关怀,选修,1,16,医学影像学
GEC6121,结构化医学沟通技能,选修,2,32,医学影像学
GEC6131,精准制导——脊柱外科微创的精与美,选修,2,32,医学影像学
GEC6141,Adobe Illustrator 科研绘图,选修,1,16,医学影像学
GEC6161,平衡的美学——脊柱畸形矫形的艺术,选修,2,32,医学影像学
MAT0051,微积分（D）,必修,4,64,医学影像学
MAX0013,马克思主义基本原理,必修,2.5,40,医学影像学
MAX0022,思想道德与法治,必修,2.5,40,医学影像学
MAX0033,形势与政策（1-8学期）,必修,2,64,医学影像学
MAX0042,中国近现代史纲要,必修,2.5,40,医学影像学
MAX0064,毛泽东思想和中国特色社会主义理论体系概论,必修,2.5,40,医学影像学
MAX0072,习近平新时代中国特色社会主义思想概论,必修,3,48,医学影像学
MHM0692,医学伦理学,必修,1.5,24,医学影像学
NCC0051,计算机及程序设计基础（Python）,必修,3,48,医学影像学
PHE0003,大学体育（一）（1-2学期）,必修,1.8,60,医学影像学
PHE0013,大学体育（二）（3-4学期）,必修,1.8,60,医学影像学
PHE0023,大学体育（三）（5-6学期）,必修,0.4,24,医学影像学
PHY0211,大学物理（B）,必修,4,64,医学影像学
PHY0561,物理实验（二）,必修,0.75,24,医学影像学
PUH0002,全球健康,必修,1.5,"24
(8)",医学影像学
PUH0585,医学统计学,必修,1.5,32,医学影像学
PUH0592,医学心理学,必修,1.5,24,医学影像学
PUH0606,预防医学,必修,2,36,医学影像学
PUH2091,循证医学,必修,1,"16
(8)",医学影像学
SFL0004,综合英语（一）,必修,2.5,"40
(16)",医学影像学
SFL0014,综合英语（二）,必修,2.5,"40
(16)",医学影像学
SFL0202,医学英语基础,必修,1.5,"24
(8)",医学影像学
BIO0786,细胞生物学,必修,2.5,48,医学检验技术
BMS0516,系统解剖学,必修,2.5,40,医学检验技术
BMS0533,病理生理学,必修,3,"48
（8）",医学检验技术
BMS0545,病理学,必修,2.5,56,医学检验技术
BMS0563,组织学与胚胎学,必修,2.5,56,医学检验技术
BMS0586,药理学,必修,2,36,医学检验技术
BMS0599,生物化学与分子生物学,必修,5,"104
（16）",医学检验技术
BMS0746,生理学,必修,2,32,医学检验技术
BMS0802,医学免疫学,必修,2.5,48,医学检验技术
BMS0831,医学遗传学,必修,2.5,48,医学检验技术
BMS0892,生物信息学,必修,2,32,医学检验技术
BMS0952,病原生物学（一）,必修,2,"47
（9）",医学检验技术
BMS0962,病原生物学（二）,必修,3,"62
（10）",医学检验技术
CHE0524,分析化学,必修,3,64,医学检验技术
CHE0721,基础化学（一）,必修,4.5,72,医学检验技术
CHE0792,仪器分析,必修,3.5,72,医学检验技术
CHE0821,有机化学（一）,必修,6,96,医学检验技术
CHI0001,中国语文,必修,2,32,医学检验技术
CLF0018,临床免疫学检验实习,必修,2.5,5w,医学检验技术
CLF0019,临床生物化学检验实习,必修,2.5,5w,医学检验技术
CLF0111,临床分子生物学检验实习,必修,1,2w,医学检验技术
CLF0121,毕业设计（论文）,必修,12,24w,医学检验技术
CLF0511,传染病学,必修,1.5,24,医学检验技术
CLF0521,儿科学,必修,1.5,24,医学检验技术
CLF0561,内科学,必修,5,80,医学检验技术
CLF0591,外科学,必修,3,48,医学检验技术
CLF0602,物理诊断学,必修,3,56,医学检验技术
CLF2132,临床病理学和病理技术,必修,2,48,医学检验技术
CLF2142,临床分子生物学检验,必修,1,24,医学检验技术
CLF2152,临床检验基础,必修,2.5,"52
（12）",医学检验技术
CLF2162,临床免疫学检验,必修,3.5,"71
（4）",医学检验技术
CLF2172,临床生物化学检验,必修,4.5,"84
（14）",医学检验技术
CLF2182,临床输血学检验,必修,1.5,"29
（6）",医学检验技术
CLF2192,临床微生物学检验,必修,3,"68
（12）",医学检验技术
CLF2202,临床血液学检验,必修,3,"60
（12）",医学检验技术
CLF3552,传染病学见习,必修,0.25,1w,医学检验技术
CLF3572,儿科学见习,必修,0.25,1w,医学检验技术
CLF3641,临床病理学和病理技术实习,必修,1,2w,医学检验技术
CLF3651,临床检验基础实习,必修,2.5,5w,医学检验技术
CLF3681,临床输血学实习,必修,1,2w,医学检验技术
CLF3691,临床微生物学检验实习,必修,2.5,5w,医学检验技术
CLF3701,临床血液学检验实习,必修,1.5,3w,医学检验技术
CLF3713,内科学见习,必修,0.5,2w,医学检验技术
CLF3792,专业见习,必修,0.25,1w,医学检验技术
EIC0008,人工智能概论（B）,必修,2,32,医学检验技术
GEC2651,医疗质量与安全,选修,1,16,医学检验技术
GEC2741,肿瘤学,选修,2,32,医学检验技术
GEC2751,常用急救知识与技能,选修,1,16,医学检验技术
GEC2761,老年医学,选修,2,32,医学检验技术
GEC3341,临床医学沟通,选修,1,16,医学检验技术
GEC4031,健康管理,选修,1.5,24,医学检验技术
MAT0051,微积分（D）,必修,4,64,医学检验技术
MAX0013,马克思主义基本原理,必修,2.5,40,医学检验技术
MAX0022,思想道德与法治,必修,2.5,40,医学检验技术
MAX0033,形势与政策（1-8学期）,必修,2,64,医学检验技术
MAX0042,中国近现代史纲要,必修,2.5,40,医学检验技术
MAX0064,毛泽东思想和中国特色社会主义理论体系概论,必修,2.5,40,医学检验技术
MAX0072,习近平新时代中国特色社会主义思想概论,必修,3,48,医学检验技术
MHM0692,医学伦理学,必修,1.5,24,医学检验技术
NCC0051,计算机及程序设计基础（Python）,必修,3,48,医学检验技术
PHE0003,大学体育（一）（1-2学期）,必修,1.8,60,医学检验技术
PHE0013,大学体育（二）（3-4学期）,必修,1.8,60,医学检验技术
PHE0023,大学体育（三）（5-6学期）,必修,0.4,24,医学检验技术
PHY0211,大学物理（B）,必修,4,64,医学检验技术
PUH0585,医学统计学,必修,1.5,32,医学检验技术
SFL0004,综合英语（一）,必修,2.5,"40
（16）",医学检验技术
SFL0014,综合英语（二）,必修,2.5,"40
（16）",医学检验技术
BIO0786,细胞生物学,必修,2.5,48,口腔医学
BMS0514,系统解剖学,必修,4.5,96,口腔医学
BMS0533,病理生理学,必修,3,48,口腔医学
BMS0545,病理学,必修,2.5,56,口腔医学
BMS0552,病原生物学,必修,2.5,48,口腔医学
BMS0563,组织学与胚胎学,必修,2.5,56,口腔医学
BMS0586,药理学,必修,2,36,口腔医学
BMS0599,生物化学与分子生物学,必修,5,104,口腔医学
BMS0683,机能实验2,必修,0.5,16,口腔医学
BMS0721,口腔组织病理学,必修,4,72,口腔医学
BMS0746,生理学,必修,2,32,口腔医学
BMS0806,医学免疫学,必修,2,36,口腔医学
CHE0721,基础化学（一）,必修,4.5,72,口腔医学
CHE0821,有机化学（一）,必修,6,96,口腔医学
CHI0001,中国语文,必修,2,32,口腔医学
CLF0001,眼科见习,必修,1,2w,口腔医学
CLF0011,皮肤性病科见习,必修,1,2w,口腔医学
CLF0031,耳鼻咽喉科见习,必修,1,2w,口腔医学
CLF0562,内科学,必修,6,96,口腔医学
CLF0571,实验诊断学,必修,2,40,口腔医学
CLF0582,手术学,必修,1,32,口腔医学
CLF0592,外科学,必修,6,96,口腔医学
CLF0603,物理诊断学,必修,4,80,口腔医学
CLF0611,医学影像学,必修,2,32,口腔医学
CLF0621,中医学,必修,3,48,口腔医学
CLF2041,耳鼻咽喉科学,必修,1.5,24,口腔医学
CLF2221,皮肤性病学,必修,1.5,24,口腔医学
CLF2251,眼科学,必修,1.5,24,口腔医学
CLF3725,内科学实习,必修,1.5,3w,口腔医学
CLF3765,外科学实习,必修,1.5,3w,口腔医学
DEN0001,口腔生物学,必修,2,32,口腔医学
DEN0002,口腔解剖生理学,必修,4.5,88,口腔医学
DEN0003,口腔正畸学,必修,2,32,口腔医学
DEN0011,牙周病学,必修,3,48,口腔医学
DEN0021,口腔颌面外科学（1）,必修,2.5,40,口腔医学
DEN0031,口腔颌面外科学（2）,必修,4,64,口腔医学
DEN0081,口腔医学导论,必修,1,16,口腔医学
DEN0091,口腔影像诊断学,必修,2,32,口腔医学
DEN0101,口腔预防医学,必修,1.5,24,口腔医学
DEN0111,牙体牙髓病学,必修,4,64,口腔医学
DEN0121,口腔黏膜病学,必修,1.5,24,口腔医学
DEN0131,儿童口腔医学,必修,1,16,口腔医学
DEN0141,口腔修复学（1）,必修,3,48,口腔医学
DEN0151,口腔修复学（2）,必修,3,48,口腔医学
DEN0162,口腔材料学,必修,1,16,口腔医学
DEN0171,口腔医学美学,必修,1,16,口腔医学
DEN0181,口腔种植学,必修,1,16,口腔医学
DEN0191,口腔影像诊断学实习（9-10学期）,必修,0.5,1w,口腔医学
DEN0201,牙体牙髓病学实习（9-10学期）,必修,5,10w,口腔医学
DEN0211,牙周病学实习（9-10学期）,必修,1.5,3w,口腔医学
DEN0221,口腔黏膜病学实习（9-10学期）,必修,1.5,3w,口腔医学
DEN0231,口腔颌面外科学实习（9-10学期）,必修,7.5,15w,口腔医学
DEN0241,口腔修复学实习（9-10学期）,必修,6,12w,口腔医学
DEN0251,口腔正畸学实习（9-10学期）,必修,2,4w,口腔医学
DEN0281,毕业设计（论文）,必修,2,4w,口腔医学
DEN0291,牙合学,选修,1,16,口腔医学
DEN0301,数字化口腔医学导论,选修,1,16,口腔医学
EIC0008,人工智能概论（B）,必修,2,32,口腔医学
GEC6221,口腔遗传学,选修,1,16,口腔医学
GEC6231,口腔专业英语,选修,1,16,口腔医学
MAT0051,微积分（D）,必修,4,64,口腔医学
MAX0013,马克思主义基本原理,必修,2.5,40,口腔医学
MAX0022,思想道德与法治,必修,2.5,40,口腔医学
MAX0033,形势与政策（1-8学期）,必修,2,64,口腔医学
MAX0042,中国近现代史纲要,必修,2.5,40,口腔医学
MAX0064,毛泽东思想和中国特色社会主义理论体系概论,必修,2.5,40,口腔医学
MAX0072,习近平新时代中国特色社会主义思想概论,必修,3,48,口腔医学
MHM0692,医学伦理学,必修,1.5,24,口腔医学
NCC0051,计算机及程序设计基础（Python）,必修,3,48,口腔医学
PHE0003,大学体育（一）（1-2学期）,必修,1.8,60,口腔医学
PHE0013,大学体育（二）（3-4学期）,必修,1.8,60,口腔医学
PHE0023,大学体育（三）（5-6学期）,必修,0.4,24,口腔医学
PHY0211,大学物理（B）,必修,4,64,口腔医学
PHY0561,物理实验（二）,必修,0.75,24,口腔医学
PUH0585,医学统计学,必修,1.5,32,口腔医学
PUH0592,医学心理学,必修,1.5,24,口腔医学
PUH0606,预防医学,必修,2,36,口腔医学
PUH2091,循证医学,必修,1,16,口腔医学
SFL0004,综合英语（一）,必修,2.5,40,口腔医学
SFL0014,综合英语（二）,必修,2.5,40,口腔医学
SFL0202,医学英语基础,必修,1.5,24,口腔医学
CHI0001,中国语文,必修,2,32,哲学
MAT0051,微积分（D）,必修,4,64,哲学
MAX0022,思想道德与法治,必修,2.5,40,哲学
MAX0033,形势与政策（1-8学期）,必修,2,64,哲学
MAX0042,中国近现代史纲要,必修,2.5,40,哲学
MAX0064,毛泽东思想和中国特色社会主义理论体系概论,必修,2.5,40,哲学
MAX0072,习近平新时代中国特色社会主义思想概论,必修,3,48,哲学
NCC0051,计算机及程序设计基础（Python）,必修,3,48,哲学
PHE0003,大学体育（一）（1-2学期）,必修,1.8,60,哲学
PHE0013,大学体育（二）（3-4学期）,必修,1.8,60,哲学
PHE0023,大学体育（三）（5-6学期）,必修,0.4,24,哲学
PHI0000,现代科学：理论与实践,必修,2,32,哲学
PHI0031,德语（Ⅰ）,选修,2,32,哲学
PHI0041,德语（Ⅱ）,选修,2,32,哲学
PHI0061,明清哲学专题研究,选修,2,32,哲学
PHI0091,中国佛学专题研究,选修,2.5,40,哲学
PHI0101,中国传统宗教原著选读,选修,2,32,哲学
PHI0111,基督教哲学原著选读,必修,2.5,40,哲学
PHI0121,哲学心理学专题,选修,2,32,哲学
PHI0131,外国哲学经典小班探究（Ⅰ）,选修,1.5,24,哲学
PHI0141,伦理学前沿小班探究,选修,1.5,24,哲学
PHI0151,中国哲学经典小班探究,选修,1.5,24,哲学
PHI0161,科学哲学与逻辑学前沿小班探究,选修,1.5,24,哲学
PHI0171,马克思主义哲学经典小班探究,选修,1.5,24,哲学
PHI0181,外国哲学经典小班探究（Ⅱ）,选修,1.5,24,哲学
PHI0511,应用伦理学,必修,2.5,40,哲学
PHI0523,哲学导论,必修,2.5,40,哲学
PHI0541,中国哲学史（二）,必修,3,48,哲学
PHI0551,中国哲学史（一）,必修,3,48,哲学
PHI0591,宗教学,必修,3,48,哲学
PHI0601,现代西方哲学,必修,3,48,哲学
PHI0621,科学技术史,必修,3,48,哲学
PHI0632,科学技术哲学,必修,2.5,40,哲学
PHI0651,国外马克思主义哲学,必修,3,48,哲学
PHI0661,伦理学,必修,3,48,哲学
PHI0671,逻辑学,必修,3,48,哲学
PHI0681,马克思主义哲学史,必修,2.5,40,哲学
PHI0691,马克思主义哲学原理,必修,3,48,哲学
PHI0701,马克思主义哲学原著选读,必修,2.5,40,哲学
PHI0761,西方哲学史（一）,必修,3,48,哲学
PHI0771,西方哲学史（二）,必修,3,48,哲学
PHI2021,知识论,选修,2,32,哲学
PHI2031,心灵哲学,必修,2,32,哲学
PHI2042,数理逻辑,选修,2.5,40,哲学
PHI2052,形而上学,必修,2.5,40,哲学
PHI2181,现代西方哲学原著选读,必修,2.5,40,哲学
PHI2201,论文写作与学术规范,必修,1.5,24,哲学
PHI2221,宗教学原著选读,必修,2.5,40,哲学
PHI2231,中国哲学专题研究,必修,2.5,40,哲学
PHI2241,美学与美育,必修,3,48,哲学
PHI2251,西方哲学史原著选读,必修,2.5,40,哲学
PHI2261,中国哲学原著选读,必修,3,48,哲学
PHI3511,毕业实习,必修,2,4w,哲学
PHI3521,毕业论文,必修,8,16w,哲学
PHI5011,现代中国哲学专题研究,选修,2,32,哲学
PHI5051,政治哲学,必修,3,48,哲学
PHI5081,人文社会科学哲学,选修,2,32,哲学
PHI5121,伦理学专题研究,选修,2,32,哲学
PHI5141,人工智能哲学导论,选修,2,32,哲学
PHI5152,哲学家课堂,选修,2,32,哲学
PHI5161,经学导读,选修,2,32,哲学
PHI5191,审辩话语入门,选修,2,32,哲学
PHI5211,语言哲学,选修,2,32,哲学
PHI5221,专业外语,选修,2,32,哲学
PHI5231,社会认识论导论,选修,2,32,哲学
PHI5241,德国古典哲学专题,选修,2.5,40,哲学
PHI5251,看电影学哲学,选修,1.5,24,哲学
PHI5261,周易与中国文化,选修,2,32,哲学
PHI5281,宋明理学专题研究,选修,2,32,哲学
SFL0004,综合英语（一）,必修,2.5,40,哲学
SFL0014,综合英语（二）,必修,2.5,40,哲学
SOD0000,人工智能概论（C）,必修,2,32,哲学
CHI0001,中国语文,必修,2,32,哲学（强基计划实验班）
MAT0051,微积分（D）,必修,4,64,哲学（强基计划实验班）
MAX0022,思想道德与法治,必修,2.5,40,哲学（强基计划实验班）
MAX0033,形势与政策（1-8学期）,必修,2,64,哲学（强基计划实验班）
MAX0042,中国近现代史纲要,必修,2.5,40,哲学（强基计划实验班）
MAX0064,毛泽东思想和中国特色社会主义理论体系概论,必修,2.5,40,哲学（强基计划实验班）
MAX0072,习近平新时代中国特色社会主义思想概论,必修,3,48,哲学（强基计划实验班）
NCC0051,计算机及程序设计基础（Python）,必修,3,48,哲学（强基计划实验班）
PHE0003,大学体育（一）（1-2学期）,必修,1.8,60,哲学（强基计划实验班）
PHE0013,大学体育（二）（3-4学期）,必修,1.8,60,哲学（强基计划实验班）
PHE0023,大学体育（三）（5-6学期）,必修,0.4,24,哲学（强基计划实验班）
PHI0000,现代科学：理论与实践,必修,2,32,哲学（强基计划实验班）
PHI0031,德语（Ⅰ）,选修,2,32,哲学（强基计划实验班）
PHI0041,德语（Ⅱ）,选修,2,32,哲学（强基计划实验班）
PHI0061,明清哲学专题研究,选修,2,32,哲学（强基计划实验班）
PHI0091,中国佛学专题研究,选修,2.5,40,哲学（强基计划实验班）
PHI0101,中国传统宗教原著选读,选修,2,32,哲学（强基计划实验班）
PHI0111,基督教哲学原著选读,必修,2.5,40,哲学（强基计划实验班）
PHI0121,哲学心理学专题,选修,2,32,哲学（强基计划实验班）
PHI0131,外国哲学经典小班探究（Ⅰ）,必修,1.5,24,哲学（强基计划实验班）
PHI0141,伦理学前沿小班探究,必修,1.5,24,哲学（强基计划实验班）
PHI0151,中国哲学经典小班探究,必修,1.5,24,哲学（强基计划实验班）
PHI0161,科学哲学与逻辑学前沿小班探究,必修,1.5,24,哲学（强基计划实验班）
PHI0171,马克思主义哲学经典小班探究,必修,1.5,24,哲学（强基计划实验班）
PHI0181,外国哲学经典小班探究（Ⅱ）,必修,1.5,24,哲学（强基计划实验班）
PHI0511,应用伦理学,必修,2.5,40,哲学（强基计划实验班）
PHI0523,哲学导论,必修,2.5,40,哲学（强基计划实验班）
PHI0541,中国哲学史（二）,必修,3,48,哲学（强基计划实验班）
PHI0551,中国哲学史（一）,必修,3,48,哲学（强基计划实验班）
PHI0591,宗教学,必修,3,48,哲学（强基计划实验班）
PHI0601,现代西方哲学,必修,3,48,哲学（强基计划实验班）
PHI0621,科学技术史,必修,3,48,哲学（强基计划实验班）
PHI0632,科学技术哲学,必修,2.5,40,哲学（强基计划实验班）
PHI0651,国外马克思主义哲学,必修,3,48,哲学（强基计划实验班）
PHI0661,伦理学,必修,3,48,哲学（强基计划实验班）
PHI0671,逻辑学,必修,3,48,哲学（强基计划实验班）
PHI0681,马克思主义哲学史,必修,2.5,40,哲学（强基计划实验班）
PHI0691,马克思主义哲学原理,必修,3,48,哲学（强基计划实验班）
PHI0701,马克思主义哲学原著选读,必修,2.5,40,哲学（强基计划实验班）
PHI0761,西方哲学史（一）,必修,3,48,哲学（强基计划实验班）
PHI0771,西方哲学史（二）,必修,3,48,哲学（强基计划实验班）
PHI2021,知识论,选修,2,32,哲学（强基计划实验班）
PHI2031,心灵哲学,必修,2,32,哲学（强基计划实验班）
PHI2042,数理逻辑,必修,2.5,40,哲学（强基计划实验班）
PHI2052,形而上学,必修,2.5,40,哲学（强基计划实验班）
PHI2181,现代西方哲学原著选读,必修,2.5,40,哲学（强基计划实验班）
PHI2201,论文写作与学术规范,必修,1.5,24,哲学（强基计划实验班）
PHI2221,宗教学原著选读,必修,2.5,40,哲学（强基计划实验班）
PHI2231,中国哲学专题研究,必修,2.5,40,哲学（强基计划实验班）
PHI2241,美学与美育,必修,3,48,哲学（强基计划实验班）
PHI2251,西方哲学史原著选读,必修,2.5,40,哲学（强基计划实验班）
PHI2261,中国哲学原著选读,必修,3,48,哲学（强基计划实验班）
PHI3511,毕业实习,必修,2,4w,哲学（强基计划实验班）
PHI3521,毕业论文,必修,8,16w,哲学（强基计划实验班）
PHI5011,现代中国哲学专题研究,选修,2,32,哲学（强基计划实验班）
PHI5051,政治哲学,必修,3,48,哲学（强基计划实验班）
PHI5081,人文社会科学哲学,选修,2,32,哲学（强基计划实验班）
PHI5121,伦理学专题研究,选修,2,32,哲学（强基计划实验班）
PHI5141,人工智能哲学导论,选修,2,32,哲学（强基计划实验班）
PHI5152,哲学家课堂,选修,2,32,哲学（强基计划实验班）
PHI5161,经学导读,选修,2,32,哲学（强基计划实验班）
PHI5191,审辩话语入门,选修,2,32,哲学（强基计划实验班）
PHI5211,语言哲学,选修,2,32,哲学（强基计划实验班）
PHI5221,专业外语,选修,2,32,哲学（强基计划实验班）
PHI5231,社会认识论导论,选修,2,32,哲学（强基计划实验班）
PHI5241,德国古典哲学专题,选修,2.5,40,哲学（强基计划实验班）
PHI5251,看电影学哲学,选修,1.5,24,哲学（强基计划实验班）
PHI5261,周易与中国文化,选修,2,32,哲学（强基计划实验班）
PHI5281,宋明理学专题研究,选修,2,32,哲学（强基计划实验班）
SFL0004,综合英语（一）,必修,2.5,40,哲学（强基计划实验班）
SFL0014,综合英语（二）,必修,2.5,40,哲学（强基计划实验班）
SOD0000,人工智能概论（C）,必修,2,32,哲学（强基计划实验班）
CHI0001,中国语文,必修,2,32,国际商务+英语
ECN0005,世界经济贸易地理,选修,2.5,40,国际商务+英语
ECN0011,程序设计基础（Python语言）,必修,3,48,国际商务+英语
ECN0041,数字贸易,选修,2,32,国际商务+英语
ECN0111,WTO与中国对外贸易,必修,2.5,40,国际商务+英语
ECN0512,发展经济学,选修,3,48,国际商务+英语
ECN0521,会计学,必修,3.5,56,国际商务+英语
ECN0551,经济调查方法,必修,1.5,24,国际商务+英语
ECN0571,经济学原理,必修,4,64,国际商务+英语
ECN0591,中级宏观经济学,必修,4,64,国际商务+英语
ECN0601,统计学,必修,3,48,国际商务+英语
ECN0611,中级微观经济学,必修,4,64,国际商务+英语
ECN0631,政治经济学原理,必修,3,48,国际商务+英语
ECN0671,计量经济学基础,必修,4,64,国际商务+英语
ECN0901,习近平经济思想概论,必修,1,16,国际商务+英语
ECN0981,国际运输与物流管理,选修,2.5,40,国际商务+英语
ECN0991,跨境电商实践课,选修,1.5,3w,国际商务+英语
ECN2011,财务报表分析,选修,2,32,国际商务+英语
ECN2051,国际金融学,必修,3,48,国际商务+英语
ECN2082,国际贸易实务,必修,2.5,40,国际商务+英语
ECN2211,国际商务,必修,2.5,40,国际商务+英语
ECN2351,国际结算与融资,必修,2,32,国际商务+英语
ECN2371,国际金融市场,选修,2.5,40,国际商务+英语
ECN3511,毕业论文,必修,8,16w,国际商务+英语
ECN3521,科研训练,必修,1,2w,国际商务+英语
ECN3541,课程设计,必修,1.5,3w,国际商务+英语
ECN3551,社会实践,必修,1.5,3w,国际商务+英语
ECN3561,专业实习,必修,2.5,5w,国际商务+英语
ECN5021,财务管理,选修,2.5,40,国际商务+英语
ECN5061,管理学原理,必修,2.5,40,国际商务+英语
ECN5081,国际贸易学,必修,3,48,国际商务+英语
ECN5091,国际投资学,选修,2.5,40,国际商务+英语
ECN5211,国际商务谈判,选修,2,32,国际商务+英语
ECN5221,国际企业管理学,必修,2.5,40,国际商务+英语
ECN5501,数据挖掘与机器学习,选修,2,32,国际商务+英语
ECN5511,电子商务及跨境电商,必修,2,32,国际商务+英语
ECN5521,商务项目管理,选修,2,32,国际商务+英语
ECN5531,经济大数据分析,选修,2,32,国际商务+英语
ECN5541,国际市场营销学,选修,2,32,国际商务+英语
EIC0008,人工智能概论（B）,必修,2,32,国际商务+英语
GEC3092,批判性思维（公选课）,必修,2.5,40,国际商务+英语
LAW5482,国际商法,选修,2,32,国际商务+英语
MAT0051,微积分（D）,必修,4,64,国际商务+英语
MAT0121,线性代数（B）,必修,2.5,40,国际商务+英语
MAT0131,概率论与数理统计（B）,必修,2.5,40,国际商务+英语
MAX0013,马克思主义基本原理,必修,2.5,40,国际商务+英语
MAX0022,思想道德与法治,必修,2.5,40,国际商务+英语
MAX0033,形势与政策（1-8学期）,必修,2,64,国际商务+英语
MAX0042,中国近现代史纲要,必修,2.5,40,国际商务+英语
MAX0064,毛泽东思想和中国特色社会主义理论体系概论,必修,2.5,40,国际商务+英语
MAX0072,习近平新时代中国特色社会主义思想概论,必修,3,48,国际商务+英语
PHE0003,大学体育（一）（1-2学期）,必修,1.8,60,国际商务+英语
PHE0013,大学体育（二）（3-4学期）,必修,1.8,60,国际商务+英语
PHE0023,大学体育（三）（5-6学期）,必修,0.4,24,国际商务+英语
SFL1011,英语演讲与辩论（一）,必修,1,16,国际商务+英语
SFL1041,英语演讲与辩论（二）,必修,1,16,国际商务+英语
SFL1051,英语精读（三）,必修,3,48,国际商务+英语
SFL1061,英语精读（一）,必修,3,48,国际商务+英语
SFL1091,英语精读（二）,必修,3,48,国际商务+英语
SFL2141,汉英翻译,必修,1.5,24,国际商务+英语
SFL2151,基础口译,必修,1.5,24,国际商务+英语
SFL2331,语言学导论,必修,2,32,国际商务+英语
SFL2341,英汉翻译,必修,1.5,24,国际商务+英语
SFL2362,商务英语阅读,选修,2,32,国际商务+英语
SFL3051,英语视听（一）,必修,2,32,国际商务+英语
SFL3061,英语视听（二）,必修,2,32,国际商务+英语
SFL3071,英语视听（三）,必修,2,32,国际商务+英语
SFL3091,英语写作（一）,必修,1.5,24,国际商务+英语
SFL3101,英语写作（二）,必修,1.5,24,国际商务+英语
SFL3111,英语写作（三）,必修,1.5,24,国际商务+英语
SFL3162,英语语音训练,必修,2,4w,国际商务+英语
SFL3172,学术英语写作训练,必修,1,2w,国际商务+英语
SFL3182,英语视听工作坊,必修,2,4w,国际商务+英语
SFL3221,英语演讲与辩论工作坊（一）,必修,1,2w,国际商务+英语
SFL3231,英语演讲与辩论工作坊（二）,必修,1,2w,国际商务+英语
SFL3241,英语阅读工作坊（一）,必修,1,2w,国际商务+英语
SFL3251,英语阅读工作坊（二）,必修,1,2w,国际商务+英语
SFL3261,英语阅读工作坊（三）,必修,1,2w,国际商务+英语
SFL3271,英语写作工作坊（一）,必修,0.5,1w,国际商务+英语
SFL3281,英语写作工作坊（二）,必修,0.5,1w,国际商务+英语
SFL5371,跨文化交际,必修,2,32,国际商务+英语
SFL5651,实用翻译,选修,2,32,国际商务+英语
SFL5801,西方文明史,选修,2,32,国际商务+英语
SFL5831,语料库语言学,选修,2,32,国际商务+英语
CHI0001,中国语文,必修,2,32,国际经济与贸易
ECN0005,世界经济贸易地理,选修,2.5,40,国际经济与贸易
ECN0011,程序设计基础（Python语言）,必修,3,48,国际经济与贸易
ECN0041,数字贸易,选修,2,32,国际经济与贸易
ECN0111,WTO与中国对外贸易,选修,2.5,40,国际经济与贸易
ECN0512,发展经济学,选修,3,48,国际经济与贸易
ECN0521,会计学,必修,3.5,56,国际经济与贸易
ECN0531,货币银行学,必修,3,48,国际经济与贸易
ECN0551,经济调查方法,选修,1.5,24,国际经济与贸易
ECN0571,经济学原理,必修,4,64,国际经济与贸易
ECN0581,经济学综合实验,选修,4,64,国际经济与贸易
ECN0591,中级宏观经济学,必修,4,64,国际经济与贸易
ECN0601,统计学,必修,3,48,国际经济与贸易
ECN0611,中级微观经济学,必修,4,64,国际经济与贸易
ECN0621,经济思想史,选修,2.5,40,国际经济与贸易
ECN0631,政治经济学原理,必修,3,48,国际经济与贸易
ECN0671,计量经济学基础,必修,4,64,国际经济与贸易
ECN0891,博弈论与信息经济学,选修,2.5,40,国际经济与贸易
ECN0901,习近平经济思想概论,必修,1,16,国际经济与贸易
ECN0911,现代工业品贸易,选修,1,16,国际经济与贸易
ECN0931,个人理财规划,选修,2.5,40,国际经济与贸易
ECN0941,创新与企业家精神,选修,2.5,40,国际经济与贸易
ECN1101,经贸数据库与分析工具,选修,2,32,国际经济与贸易
ECN1111,国际经济与贸易业界访谈,选修,1,16,国际经济与贸易
ECN2011,财务报表分析,选修,2,32,国际经济与贸易
ECN2051,国际金融学,必修,3,48,国际经济与贸易
ECN2061,金融风险管理,必修,2,32,国际经济与贸易
ECN2082,国际贸易实务,选修,2.5,40,国际经济与贸易
ECN2111,世界经济,必修,2.5,40,国际经济与贸易
ECN2121,时间序列分析,选修,3,48,国际经济与贸易
ECN2141,证券投资学,选修,2.5,40,国际经济与贸易
ECN2161,固定收益证券,选修,2,32,国际经济与贸易
ECN2351,国际结算与融资,必修,2,32,国际经济与贸易
ECN2371,国际金融市场,选修,2.5,40,国际经济与贸易
ECN3511,毕业论文,必修,8,16w,国际经济与贸易
ECN3521,科研训练,必修,1,2w,国际经济与贸易
ECN3541,课程设计,必修,1.5,3w,国际经济与贸易
ECN3551,社会实践,必修,1.5,3w,国际经济与贸易
ECN3561,专业实习,必修,2.5,5w,国际经济与贸易
ECN5021,财务管理,选修,2.5,40,国际经济与贸易
ECN5031,财政学,必修,2.5,40,国际经济与贸易
ECN5061,管理学原理,选修,2.5,40,国际经济与贸易
ECN5081,国际贸易学,必修,3,48,国际经济与贸易
ECN5091,国际投资学,必修,2.5,40,国际经济与贸易
ECN5162,跨国公司,选修,2.5,40,国际经济与贸易
ECN5191,应用计量经济学,选修,2.5,40,国际经济与贸易
ECN5211,国际商务谈判,选修,2,32,国际经济与贸易
ECN5221,国际企业管理学,选修,2.5,40,国际经济与贸易
ECN5491,国际经济与金融前沿,选修,2,32,国际经济与贸易
ECN5501,数据挖掘与机器学习,选修,2,32,国际经济与贸易
ECN5511,电子商务及跨境电商,选修,2,32,国际经济与贸易
ECN5521,商务项目管理,选修,2,32,国际经济与贸易
ECN5541,国际市场营销学,选修,2,32,国际经济与贸易
EIC0008,人工智能概论（B）,必修,2,32,国际经济与贸易
GEC3092,批判性思维（公选课）,必修,2.5,40,国际经济与贸易
LAW5482,国际商法,选修,2,32,国际经济与贸易
MAT0021,微积分（B）（上）,必修,5.5,88,国际经济与贸易
MAT0031,微积分（B）（下）,必修,5.5,88,国际经济与贸易
MAT0121,线性代数（B）,必修,2.5,40,国际经济与贸易
MAT0131,概率论与数理统计（B）,必修,2.5,40,国际经济与贸易
MAX0013,马克思主义基本原理,必修,2.5,40,国际经济与贸易
MAX0022,思想道德与法治,必修,2.5,40,国际经济与贸易
MAX0033,形势与政策（1-8学期）,必修,2,64,国际经济与贸易
MAX0042,中国近现代史纲要,必修,2.5,40,国际经济与贸易
MAX0064,毛泽东思想和中国特色社会主义理论体系概论,必修,2.5,40,国际经济与贸易
MAX0072,习近平新时代中国特色社会主义思想概论,必修,3,48,国际经济与贸易
PHE0003,大学体育（一）（1-2学期）,必修,1.8,60,国际经济与贸易
PHE0013,大学体育（二）（3-4学期）,必修,1.8,60,国际经济与贸易
PHE0023,大学体育（三）（5-6学期）,必修,0.4,24,国际经济与贸易
SFL0004,综合英语（一）,必修,2.5,40,国际经济与贸易
SFL0014,综合英语（二）,必修,2.5,40,国际经济与贸易
AE0055,流体力学（四）,必修,2,32,土木工程
AE0621,材料力学（二）,必修,3.5,56,土木工程
AE0651,理论力学（三）,必修,3,48,土木工程
CEM2091,结构力学（上）,必修,3,48,土木工程
CEM2202,工程地质,必修,2,32,土木工程
CEM2211,结构力学（下）,必修,2,32,土木工程
CEM2221,有限单元法,必修,2,32,土木工程
CEM2272,工程经济学,必修,1.5,24,土木工程
CEM5091,地基处理技术,选修,1.5,24,土木工程
CEM5161,工程项目管理与法规,必修,1.5,24,土木工程
CEM5221,土力学,必修,2.5,40,土木工程
CEM5621,混凝土结构基本原理,选修,4,64,土木工程
CEM5791,结构设计原理,选修,4.5,72,土木工程
CEM6131,工程测量,必修,2.5,40,土木工程
CHI0001,中国语文,必修,2,32,土木工程
CST0048,人工智能概论（A）,必修,2,32,土木工程
CST2231,软件工程,必修,2,32,土木工程
ENG3531,工程训练（四）,必修,1,2w,土木工程
ESE5011,环境保护与可持续性发展概论,必修,1,16,土木工程
MAT0021,微积分（B）（上）,必修,5.5,88,土木工程
MAT0031,微积分（B）（下）,必修,5.5,88,土木工程
MAT0121,线性代数（B）,必修,2.5,40,土木工程
MAT0131,概率论与数理统计（B）,必修,2.5,40,土木工程
MAX0013,马克思主义基本原理,必修,2.5,40,土木工程
MAX0022,思想道德与法治,必修,2.5,40,土木工程
MAX0033,形势与政策（1-8学期）,必修,2,64,土木工程
MAX0042,中国近现代史纲要,必修,2.5,40,土木工程
MAX0064,毛泽东思想和中国特色社会主义理论体系概论,必修,2.5,40,土木工程
MAX0072,习近平新时代中国特色社会主义思想概论,必修,3,48,土木工程
PHE0003,大学体育（一）（1-2学期）,必修,1.8,60,土木工程
PHE0013,大学体育（二）（3-4学期）,必修,1.8,60,土木工程
PHE0023,大学体育（三）（5-6学期）,必修,0.4,24,土木工程
PHY0171,大学物理（A）（上）,必修,4,64,土木工程
PHY0181,大学物理（A）（下）,必修,4,64,土木工程
PHY0191,物理实验（上）,必修,2,32,土木工程
PHY0201,物理实验（下）,必修,1.5,24,土木工程
SCHE0015,工程制图与CAD软件,必修,3,48,土木工程
SCHE0032,毕业设计（论文）,必修,12,18w,土木工程
SCHE0033,土木工程信息化技术,必修,2,32,土木工程
SCHE0035,隧道工程,选修,1.5,24,土木工程
SCHE0048,地基处理技术,选修,2.5,40,土木工程
SCHE0049,深基坑工程,选修,2.5,40,土木工程
SCHE0050,地下结构工程,选修,4,64,土木工程
SCHE0056,工程结构设计,选修,4.5,72,土木工程
SCHE0057,工程结构抗震,必修,2.5,40,土木工程
SCHE0058,钢结构基本原理,选修,4.5,72,土木工程
SCHE0073,施工自动化与建造机器人（一）,选修,2,32,土木工程
SCHE0075,基础工程设计原理,必修,2.5,40,土木工程
SCHE0080,桥梁施工技术及信息化,选修,2,32,土木工程
SCHE0082,高等岩土力学,选修,2,32,土木工程
SCHE0083,智能监测与检测技术,选修,1.5,24,土木工程
SCHE0104,道路工程,选修,4,64,土木工程
SCHE0105,结构数智化设计与分析,选修,3,48,土木工程
SCHE0107,生产实习（社会实践）,必修,1,2w,土木工程
SCHE0109,桥梁工程（二）,选修,2,32,土木工程
SCHE0110,组合结构,选修,2,32,土木工程
SCHE0113,结构试验与健康监测,选修,2,32,土木工程
SCHE0114,混凝土结构设计原理,选修,4,64,土木工程
SCHE0115,钢桥设计与数字建造,选修,3,48,土木工程
SCHE0119,土木工程物联网技术,选修,2,32,土木工程
SCHE0161,弹性力学,必修,2,32,土木工程
SCHE0171,施工基本原理,必修,2,32,土木工程
SCHE0191,工程造价,必修,1,16,土木工程
SCHE0301,桥梁工程,选修,5,80,土木工程
SCHE0351,数字化岩土工程,选修,2.5,40,土木工程
SCHE0491,工程化学与土木工程材料,必修,3.5,56,土木工程
SCHE0571,计算机与程序设计基础(C++),必修,3,48,土木工程
SCHE0661,学科（专业）概论与认知实习,必修,1.25,20,土木工程
SCHE0781,专业英语,选修,1.5,24,土木工程
SCHE0871,Python程序设计（一）,必修,1.5,24,土木工程
SCHE5221,桥梁结构分析及软件应用,选修,2,32,土木工程
SFL0004,综合英语（一）,必修,2.5,40,土木工程
SFL0014,综合英语（二）,必修,2.5,40,土木工程
SSE5171,计算方法,必修,2.5,40,土木工程
AUP0001,美丽中国-人居环境科学导论,必修,1.5,24,城乡规划（四年制）
AUP0012,艺术与视知觉（一）,必修,3,48,城乡规划（四年制）
AUP0017,艺术与视知觉（二）,必修,1.5,24,城乡规划（四年制）
AUP0028,艺术与视知觉（三）,选修,1.5,24,城乡规划（四年制）
AUP0029,艺术与视知觉实习,必修,1,2w,城乡规划（四年制）
AUP0034,规划设计初步,必修,5,80,城乡规划（四年制）
AUP0035,建筑及场地设计,必修,4,64,城乡规划（四年制）
AUP0036,中外城市规划与建设史,必修,2,32,城乡规划（四年制）
AUP0037,自然地理与土地资源学,必修,2,32,城乡规划（四年制）
AUP0038,3S技术与城乡信息分析,必修,2,32,城乡规划（四年制）
AUP0039,规划创新实践（一）：社会调查实践,必修,2,32,城乡规划（四年制）
AUP0040,城乡工程系统与综合防灾,必修,3,48,城乡规划（四年制）
AUP0042,城市详规设计2（控规）,必修,3,48,城乡规划（四年制）
AUP0043,规划创新实践（二）：专题性创新设计,选修,2,32,城乡规划（四年制）
AUP0061,城市详规设计1（修规）,必修,4,64,城乡规划（四年制）
AUP0081,城市环境行为学,选修,2,32,城乡规划（四年制）
AUP0131,中国风景园林史,选修,1.5,24,城乡规划（四年制）
AUP0201,数字景观技术,选修,1.5,24,城乡规划（四年制）
AUP0261,工程数学,必修,3,48,城乡规划（四年制）
AUP0321,数智城市设计（一）（理论）,选修,1,16,城乡规划（四年制）
AUP0331,数智城市设计（二）（实践）,选修,3,48,城乡规划（四年制）
AUP0341,智慧建筑与智慧城市（一）（理论）,选修,1,16,城乡规划（四年制）
AUP0351,智慧建筑与智慧城市（二）（实践）,选修,3,48,城乡规划（四年制）
AUP0531,城市社会学,必修,1.5,24,城乡规划（四年制）
AUP0571,城市地理学,必修,1.5,24,城乡规划（四年制）
AUP0611,城市经济学,必修,1.5,24,城乡规划（四年制）
AUP0621,城乡生态与环境规划,必修,1.5,24,城乡规划（四年制）
AUP0741,画法几何与建筑图学,必修,2,32,城乡规划（四年制）
AUP0761,计算机辅助设计,必修,1.5,24,城乡规划（四年制）
AUP1132,设计初步,必修,5,80,城乡规划（四年制）
AUP1431,专业英语,必修,1.5,24,城乡规划（四年制）
AUP1641,设计创新思维,必修,1,16,城乡规划（四年制）
AUP1751,国土空间规划概论,必修,2,32,城乡规划（四年制）
AUP1952,生态修复理论,选修,1.5,24,城乡规划（四年制）
AUP2091,城市道路与交通规划（二）,必修,1.5,24,城乡规划（四年制）
AUP2102,城市道路与交通规划（一）,必修,2,32,城乡规划（四年制）
AUP2392,区域规划,必修,2,32,城乡规划（四年制）
AUP2731,国土空间总体规划原理,必修,2.5,40,城乡规划（四年制）
AUP2801,国土空间规划管理与法规,必修,2,32,城乡规划（四年制）
AUP2871,自然保护地规划概论,选修,1.5,24,城乡规划（四年制）
AUP2891,城市详规原理（一）,必修,1.5,24,城乡规划（四年制）
AUP2901,村庄规划原理,必修,1.5,24,城乡规划（四年制）
AUP2911,村庄规划设计,必修,3,48,城乡规划（四年制）
AUP2921,市县国土空间总体规划,必修,6,96,城乡规划（四年制）
AUP2931,城市详规原理（二）,必修,1.5,24,城乡规划（四年制）
AUP3021,外国近现代建筑史,选修,2,32,城乡规划（四年制）
AUP3371,城乡文化遗产保护,必修,1.5,24,城乡规划（四年制）
AUP3381,城市更新及城市设计概论,必修,2,32,城乡规划（四年制）
AUP3391,城市更新及城市设计,必修,4,64,城乡规划（四年制）
AUP3512,毕业设计（论文）,必修,7,14w,城乡规划（四年制）
AUP3521,毕业实习,必修,2,4w,城乡规划（四年制）
AUP3561,城乡规划业务实践,必修,3,6w,城乡规划（四年制）
AUP3731,乡村认知实习,必修,0.5,1w,城乡规划（四年制）
AUP3911,市县国土空间总体规划实习,必修,1,2w,城乡规划（四年制）
AUP5051,城市住房与社区规划,选修,1.5,24,城乡规划（四年制）
AUP5221,国内城乡规划代表性文献阅读与评析,选修,1,16,城乡规划（四年制）
AUP5541,营造十讲,选修,1.5,24,城乡规划（四年制）
AUP5561,中国古代建筑史,选修,2,32,城乡规划（四年制）
AUP5891,大数据导论,选修,1,16,城乡规划（四年制）
AUP6031,规划创新实践（三）：综合性创新设计,选修,2,32,城乡规划（四年制）
AUP6041,文化遗产保护（一）（理论）,选修,1,16,城乡规划（四年制）
AUP6051,文化遗产保护（二）（实践）,选修,3,48,城乡规划（四年制）
AUP6121,建筑史纲,必修,1,16,城乡规划（四年制）
CHI0001,中国语文,必修,2,32,城乡规划（四年制）
EIC0008,人工智能概论（B）,必修,2,32,城乡规划（四年制）
MAX0013,马克思主义基本原理,必修,2.5,40,城乡规划（四年制）
MAX0022,思想道德与法治,必修,2.5,40,城乡规划（四年制）
MAX0033,形势与政策（1-8学期）,必修,2,64,城乡规划（四年制）
MAX0042,中国近现代史纲要,必修,2.5,40,城乡规划（四年制）
MAX0064,毛泽东思想和中国特色社会主义理论体系概论,必修,2.5,40,城乡规划（四年制）
MAX0072,习近平新时代中国特色社会主义思想概论,必修,3,48,城乡规划（四年制）
NCC0051,计算机及程序设计基础（Python）,选修,3,48,城乡规划（四年制）
PHE0003,大学体育（一）（1-2学期）,必修,1.8,60,城乡规划（四年制）
PHE0013,大学体育（二）（3-4学期）,必修,1.8,60,城乡规划（四年制）
PHE0023,大学体育（三）（5-6学期）,必修,0.4,24,城乡规划（四年制）
SFL0004,综合英语（一）,必修,2.5,40,城乡规划（四年制）
SFL0014,综合英语（二）,必修,2.5,40,城乡规划（四年制）
BMS0002,教育教学能力训练与实践,必修,2.5,40,基础医学
BMS0008,肿瘤生物学基础,必修,2,32,基础医学
BMS0009,神经科学前沿,必修,2,32,基础医学
BMS0021,智能医学,必修,1.5,24,基础医学
BMS0041,生理学,必修,5.5,88,基础医学
BMS0081,人体组织学,必修,3,56,基础医学
BMS0101,早期接触科研1,必修,1,2w,基础医学
BMS0111,早期接触科研2,必修,1,2w,基础医学
BMS0121,病原生物学（一）,必修,2,48,基础医学
BMS0141,医学科研设计与科技写作,必修,2,32,基础医学
BMS0161,医学研究规范与技能,必修,1.5,32,基础医学
BMS0518,系统解剖学,必修,3.5,80,基础医学
BMS0533,病理生理学,必修,3,48,基础医学
BMS0544,病理学,必修,4,80,基础医学
BMS0571,细胞生物学,必修,3,64,基础医学
BMS0585,药理学,必修,4,64,基础医学
BMS0597,生物化学与分子生物学,必修,5.5,88,基础医学
BMS0671,机能实验1,必修,1,32,基础医学
BMS0682,机能实验2,必修,2,72,基础医学
BMS0791,医学发育生物学,必修,2,32,基础医学
BMS0805,医学免疫学,必修,3,48,基础医学
BMS0832,医学遗传学,必修,1.5,32,基础医学
BMS0892,生物信息学,必修,2,32,基础医学
BMS0961,病原生物学（二）,必修,3.5,72,基础医学
BMS0981,基础医学导论,必修,1.5,24,基础医学
BMS2011,生物化学与分子生物学实验技术,必修,2.5,80,基础医学
BMS2021,医学免疫学实验技术,必修,1.5,48,基础医学
BMS2091,医学科研思维训练与实践1,必修,1.5,24,基础医学
BMS2101,医学科研思维训练与实践2,必修,1.5,24,基础医学
BMS2111,医学科研思维训练与实践3,必修,1.5,24,基础医学
BMS2121,医学科研思维训练与实践4,必修,1.5,40,基础医学
BMS3521,毕业考试,必修,0.5,1w,基础医学
BMS3532,毕业设计（论文）（9-10学期）,必修,18,36w,基础医学
BMS3611,科学研究创新训练,必修,2,4w,基础医学
CHE0523,分析化学,必修,3,60,基础医学
CHE0721,基础化学（一）,必修,4.5,72,基础医学
CHE0821,有机化学（一）,必修,6,96,基础医学
CHI0001,中国语文,必修,2,32,基础医学
CLF3584,儿科学实习,必修,1,2w,基础医学
CLF3614,妇产科学实习,必修,1,2w,基础医学
CLF3721,内科学实习,必修,2,4w,基础医学
CLF3761,外科学实习,必修,2,4w,基础医学
CLS0582,外科学,必修,3,48,基础医学
CLS0631,医学影像学,必修,2,32,基础医学
CLS0642,诊断学,必修,3.5,56,基础医学
CLS0681,内科学,必修,4.5,72,基础医学
CLS0692,妇产科学,必修,1.5,24,基础医学
CLS0702,儿科学,必修,1.5,24,基础医学
CLS2021,传染病学,必修,2,32,基础医学
CLS2271,神经及精神病学,必修,2,32,基础医学
EIC0008,人工智能概论（B）,必修,2,32,基础医学
MAT0051,微积分（D）,必修,4,64,基础医学
MAT0131,概率论与数理统计（B）,必修,2.5,40,基础医学
MAX0013,马克思主义基本原理,必修,2.5,40,基础医学
MAX0022,思想道德与法治,必修,2.5,40,基础医学
MAX0033,形势与政策（1-8学期）,必修,2,64,基础医学
MAX0042,中国近现代史纲要,必修,2.5,40,基础医学
MAX0064,毛泽东思想和中国特色社会主义理论体系概论,必修,2.5,40,基础医学
MAX0072,习近平新时代中国特色社会主义思想概论,必修,3,48,基础医学
NCC0051,计算机及程序设计基础（Python）,必修,3,48,基础医学
PHE0003,大学体育（一）（1-2学期）,必修,1.8,60,基础医学
PHE0013,大学体育（二）（3-4学期）,必修,1.8,60,基础医学
PHE0023,大学体育（三）（5-6学期）,必修,0.4,24,基础医学
PHY0211,大学物理（B）,必修,4,64,基础医学
PHY0561,物理实验（二）,必修,0.75,24,基础医学
PUH0000,医学统计学,必修,2,40,基础医学
PUH0513,临床流行病学,必修,1.5,24,基础医学
PUH0592,医学心理学,必修,1.5,24,基础医学
PUH0606,预防医学,必修,2,36,基础医学
SFL0004,综合英语（一）,必修,2.5,40,基础医学
SFL0014,综合英语（二）,必修,2.5,40,基础医学
SFL0202,医学英语基础,必修,1.5,24,基础医学
BMS0002,教育教学能力训练与实践,必修,2.5,40,基础医学（强基计划实验班）
BMS0008,肿瘤生物学基础,必修,2,32,基础医学（强基计划实验班）
BMS0009,神经科学前沿,必修,2,32,基础医学（强基计划实验班）
BMS0021,智能医学,必修,1.5,24,基础医学（强基计划实验班）
BMS0041,生理学,必修,5.5,88,基础医学（强基计划实验班）
BMS0081,人体组织学,必修,3,56,基础医学（强基计划实验班）
BMS0101,早期接触科研1,必修,1,2w,基础医学（强基计划实验班）
BMS0111,早期接触科研2,必修,1,2w,基础医学（强基计划实验班）
BMS0121,病原生物学（一）,必修,2,48,基础医学（强基计划实验班）
BMS0141,医学科研设计与科技写作,必修,2,32,基础医学（强基计划实验班）
BMS0161,医学研究规范与技能,必修,1.5,32,基础医学（强基计划实验班）
BMS0518,系统解剖学,必修,3.5,80,基础医学（强基计划实验班）
BMS0533,病理生理学,必修,3,48,基础医学（强基计划实验班）
BMS0544,病理学,必修,4,80,基础医学（强基计划实验班）
BMS0571,细胞生物学,必修,3,64,基础医学（强基计划实验班）
BMS0585,药理学,必修,4,64,基础医学（强基计划实验班）
BMS0597,生物化学与分子生物学,必修,5.5,88,基础医学（强基计划实验班）
BMS0671,机能实验1,必修,1,32,基础医学（强基计划实验班）
BMS0682,机能实验2,必修,2,72,基础医学（强基计划实验班）
BMS0791,医学发育生物学,必修,2,32,基础医学（强基计划实验班）
BMS0805,医学免疫学,必修,3,48,基础医学（强基计划实验班）
BMS0832,医学遗传学,必修,1.5,32,基础医学（强基计划实验班）
BMS0892,生物信息学,必修,2,32,基础医学（强基计划实验班）
BMS0961,病原生物学（二）,必修,3.5,72,基础医学（强基计划实验班）
BMS0981,基础医学导论,必修,1.5,24,基础医学（强基计划实验班）
BMS2011,生物化学与分子生物学实验技术,必修,2.5,80,基础医学（强基计划实验班）
BMS2021,医学免疫学实验技术,必修,1.5,48,基础医学（强基计划实验班）
BMS2091,医学科研思维训练与实践1,必修,1.5,24,基础医学（强基计划实验班）
BMS2101,医学科研思维训练与实践2,必修,1.5,24,基础医学（强基计划实验班）
BMS2111,医学科研思维训练与实践3,必修,1.5,24,基础医学（强基计划实验班）
BMS2121,医学科研思维训练与实践4,必修,1.5,40,基础医学（强基计划实验班）
BMS3521,毕业考试,必修,0.5,1w,基础医学（强基计划实验班）
BMS3532,毕业设计（论文）（9-10学期）,必修,18,36w,基础医学（强基计划实验班）
BMS3611,科学研究创新训练,必修,2,4w,基础医学（强基计划实验班）
CHE0523,分析化学,必修,3,60,基础医学（强基计划实验班）
CHE0721,基础化学（一）,必修,4.5,72,基础医学（强基计划实验班）
CHE0821,有机化学（一）,必修,6,96,基础医学（强基计划实验班）
CHI0001,中国语文,必修,2,32,基础医学（强基计划实验班）
CLF3584,儿科学实习,必修,1,2w,基础医学（强基计划实验班）
CLF3614,妇产科学实习,必修,1,2w,基础医学（强基计划实验班）
CLF3721,内科学实习,必修,2,4w,基础医学（强基计划实验班）
CLF3761,外科学实习,必修,2,4w,基础医学（强基计划实验班）
CLS0582,外科学,必修,3,48,基础医学（强基计划实验班）
CLS0631,医学影像学,必修,2,32,基础医学（强基计划实验班）
CLS0642,诊断学,必修,3.5,56,基础医学（强基计划实验班）
CLS0681,内科学,必修,4.5,72,基础医学（强基计划实验班）
CLS0692,妇产科学,必修,1.5,24,基础医学（强基计划实验班）
CLS0702,儿科学,必修,1.5,24,基础医学（强基计划实验班）
CLS2021,传染病学,必修,2,32,基础医学（强基计划实验班）
CLS2271,神经及精神病学,必修,2,32,基础医学（强基计划实验班）
EIC0008,人工智能概论（B）,必修,2,32,基础医学（强基计划实验班）
GEC3211,创新管理,必修,2,32,基础医学（强基计划实验班）
GEC3911,大学生批判性思维,必修,2.0,32,基础医学（强基计划实验班）
MAT0051,微积分（D）,必修,4,64,基础医学（强基计划实验班）
MAT0592,概率论与数理统计（A）,必修,3,48,基础医学（强基计划实验班）
MAX0013,马克思主义基本原理,必修,2.5,40,基础医学（强基计划实验班）
MAX0022,思想道德与法治,必修,2.5,40,基础医学（强基计划实验班）
MAX0033,形势与政策（1-8学期）,必修,2,64,基础医学（强基计划实验班）
MAX0042,中国近现代史纲要,必修,2.5,40,基础医学（强基计划实验班）
MAX0064,毛泽东思想和中国特色社会主义理论体系概论,必修,2.5,40,基础医学（强基计划实验班）
MAX0072,习近平新时代中国特色社会主义思想概论,必修,3,48,基础医学（强基计划实验班）
NCC0051,计算机及程序设计基础（Python）,必修,3,48,基础医学（强基计划实验班）
PHE0003,大学体育（一）（1-2学期）,必修,1.8,60,基础医学（强基计划实验班）
PHE0013,大学体育（二）（3-4学期）,必修,1.8,60,基础医学（强基计划实验班）
PHE0023,大学体育（三）（5-6学期）,必修,0.4,24,基础医学（强基计划实验班）
PHY0211,大学物理（B）,必修,4,64,基础医学（强基计划实验班）
PHY0561,物理实验（二）,必修,0.75,24,基础医学（强基计划实验班）
PUH0000,医学统计学,必修,2,40,基础医学（强基计划实验班）
PUH0513,临床流行病学,必修,1.5,24,基础医学（强基计划实验班）
PUH0592,医学心理学,必修,1.5,24,基础医学（强基计划实验班）
PUH0606,预防医学,必修,2,36,基础医学（强基计划实验班）
SFL0004,综合英语（一）,必修,2.5,40,基础医学（强基计划实验班）
SFL0014,综合英语（二）,必修,2.5,40,基础医学（强基计划实验班）
SFL0202,医学英语基础,必修,1.5,24,基础医学（强基计划实验班）
CHI0001,中国语文,必修,2,32,大数据管理与应用（数智管理优化启明实验班）
CST0048,人工智能概论（A）,必修,2,32,大数据管理与应用（数智管理优化启明实验班）
ENG3541,工程训练（三）,必修,1,2w,大数据管理与应用（数智管理优化启明实验班）
MAN0003,多元统计与建模,必修,2,32,大数据管理与应用（数智管理优化启明实验班）
MAN0007,数智化采购管理,选修,2,32,大数据管理与应用（数智管理优化启明实验班）
MAN0010,动态规划与序贯决策（Matlab）,选修,3,48,大数据管理与应用（数智管理优化启明实验班）
MAN0017,实验心理学,选修,2,32,大数据管理与应用（数智管理优化启明实验班）
MAN0032,C语言程序设计,必修,3,48,大数据管理与应用（数智管理优化启明实验班）
MAN0043,数据库原理及应用,必修,2.5,40,大数据管理与应用（数智管理优化启明实验班）
MAN0061,数字化营销工程,选修,2.5,40,大数据管理与应用（数智管理优化启明实验班）
MAN0201,大数据分析与可视化,必修,2,32,大数据管理与应用（数智管理优化启明实验班）
MAN0221,营销科学原理,必修,2,32,大数据管理与应用（数智管理优化启明实验班）
MAN0241,公司金融,必修,3,48,大数据管理与应用（数智管理优化启明实验班）
MAN0261,数据驱动的智能决策,选修,2,32,大数据管理与应用（数智管理优化启明实验班）
MAN0311,城市计算,选修,2,32,大数据管理与应用（数智管理优化启明实验班）
MAN0341,智能优化算法,选修,2,32,大数据管理与应用（数智管理优化启明实验班）
MAN0381,智能物流设施与设备,选修,2,32,大数据管理与应用（数智管理优化启明实验班）
MAN0521,宏观经济学,必修,2.5,40,大数据管理与应用（数智管理优化启明实验班）
MAN0533,会计学,必修,2,32,大数据管理与应用（数智管理优化启明实验班）
MAN0653,运筹学（一）,必修,3,48,大数据管理与应用（数智管理优化启明实验班）
MAN0661,运筹学（二）,选修,2.5,40,大数据管理与应用（数智管理优化启明实验班）
MAN0692,管理经济学,必修,2.5,40,大数据管理与应用（数智管理优化启明实验班）
MAN0742,组织行为学,必修,1.5,24,大数据管理与应用（数智管理优化启明实验班）
MAN0751,管理学,必修,1.5,24,大数据管理与应用（数智管理优化启明实验班）
MAN0771,运营管理,必修,2.5,40,大数据管理与应用（数智管理优化启明实验班）
MAN0801,运筹学优化软件及建模实践,选修,1.5,24,大数据管理与应用（数智管理优化启明实验班）
MAN0851,云计算与分布式系统,必修,2,32,大数据管理与应用（数智管理优化启明实验班）
MAN0861,大数据分析综合实践,必修,3,3w,大数据管理与应用（数智管理优化启明实验班）
MAN0911,大数据算法综合实践,必修,3,3w,大数据管理与应用（数智管理优化启明实验班）
MAN1141,文本分析与挖掘,必修,1.5,24,大数据管理与应用（数智管理优化启明实验班）
MAN1201,网络设计与调度优化,选修,2,32,大数据管理与应用（数智管理优化启明实验班）
MAN1251,随机过程,选修,2,32,大数据管理与应用（数智管理优化启明实验班）
MAN1271,管理决策支持综合实践,必修,3,3w,大数据管理与应用（数智管理优化启明实验班）
MAN1361,数值计算,选修,2,32,大数据管理与应用（数智管理优化启明实验班）
MAN1391,神经网络与深度学习,必修,2,32,大数据管理与应用（数智管理优化启明实验班）
MAN1421,强化学习,必修,2,32,大数据管理与应用（数智管理优化启明实验班）
MAN1431,面向对象的程序设计综合实践,必修,2,2w,大数据管理与应用（数智管理优化启明实验班）
MAN1501,金融时间序列分析,选修,2,32,大数据管理与应用（数智管理优化启明实验班）
MAN2081,供应链管理,选修,2,32,大数据管理与应用（数智管理优化启明实验班）
MAN2172,决策分析,必修,2,32,大数据管理与应用（数智管理优化启明实验班）
MAN2651,计量经济学,必修,3,48,大数据管理与应用（数智管理优化启明实验班）
MAN2681,面向对象的程序设计（JAVA）,必修,2.5,40,大数据管理与应用（数智管理优化启明实验班）
MAN2701,数据结构,必修,2.5,40,大数据管理与应用（数智管理优化启明实验班）
MAN2912,管理系统仿真与数字孪生,必修,2.5,40,大数据管理与应用（数智管理优化启明实验班）
MAN2961,数智化仓储管理,选修,2.5,40,大数据管理与应用（数智管理优化启明实验班）
MAN3521,毕业设计（论文）,必修,8,16w,大数据管理与应用（数智管理优化启明实验班）
MAN3541,管理类综合实验（ERP）,必修,1,2w,大数据管理与应用（数智管理优化启明实验班）
MAN3581,生产实习,必修,2,4w,大数据管理与应用（数智管理优化启明实验班）
MAN5661,计算机与程序设计基础（Python）,必修,2,32,大数据管理与应用（数智管理优化启明实验班）
MAN5691,创业管理,必修,2,32,大数据管理与应用（数智管理优化启明实验班）
MAT0001,高等数学（A）（上）,必修,5.5,88,大数据管理与应用（数智管理优化启明实验班）
MAT0011,高等数学（A）（下）,必修,5.5,88,大数据管理与应用（数智管理优化启明实验班）
MAT0592,概率论与数理统计（A）,必修,3,48,大数据管理与应用（数智管理优化启明实验班）
MAT0722,线性代数（A）,必修,3,48,大数据管理与应用（数智管理优化启明实验班）
MAX0013,马克思主义基本原理,必修,2.5,40,大数据管理与应用（数智管理优化启明实验班）
MAX0022,思想道德与法治,必修,2.5,40,大数据管理与应用（数智管理优化启明实验班）
MAX0033,形势与政策（1-8学期）,必修,2,64,大数据管理与应用（数智管理优化启明实验班）
MAX0042,中国近现代史纲要,必修,2.5,40,大数据管理与应用（数智管理优化启明实验班）
MAX0064,毛泽东思想和中国特色社会主义理论体系概论,必修,2.5,40,大数据管理与应用（数智管理优化启明实验班）
MAX0072,习近平新时代中国特色社会主义思想概论,必修,3,48,大数据管理与应用（数智管理优化启明实验班）
PHE0003,大学体育（一）（1-2学期）,必修,1.8,60,大数据管理与应用（数智管理优化启明实验班）
PHE0013,大学体育（二）（3-4学期）,必修,1.8,60,大数据管理与应用（数智管理优化启明实验班）
PHE0023,大学体育（三）（5-6学期）,必修,0.4,24,大数据管理与应用（数智管理优化启明实验班）
SFL0004,综合英语（一）,必修,2.5,40,大数据管理与应用（数智管理优化启明实验班）
SFL0014,综合英语（二）,必修,2.5,40,大数据管理与应用（数智管理优化启明实验班）
AE0692,工程力学（三）,必修,2.5,40,工业工程
CHI0001,中国语文,必修,2,32,工业工程
EIC0008,人工智能概论（B）,必修,2,32,工业工程
ENG3511,工程训练（一）,必修,2,4w,工业工程
MAT0021,微积分（B）（上）,必修,5.5,88,工业工程
MAT0031,微积分（B）（下）,必修,5.5,88,工业工程
MAT0121,线性代数（B）,必修,2.5,40,工业工程
MAT0131,概率论与数理统计（B）,必修,2.5,40,工业工程
MAT0561,复变函数与积分变换,必修,2.5,40,工业工程
MAX0013,马克思主义基本原理,必修,2.5,40,工业工程
MAX0022,思想道德与法治,必修,2.5,40,工业工程
MAX0033,形势与政策（1-8学期）,必修,2,64,工业工程
MAX0042,中国近现代史纲要,必修,2.5,40,工业工程
MAX0064,毛泽东思想和中国特色社会主义理论体系概论,必修,2.5,40,工业工程
MAX0072,习近平新时代中国特色社会主义思想概论,必修,3,48,工业工程
MESE0002,毕业设计（论文）,必修,12,18w,工业工程
MESE0003,人因工程与工作研究实验,必修,0.5,8,工业工程
MESE0005,工业控制软件工程,选修,2,32,工业工程
MESE0006,多领域系统统一建模与仿真,选修,2,32,工业工程
MESE0007,智能流体传动与控制,选修,2,32,工业工程
MESE0017,机械设计理论与方法（一）,必修,3,48,工业工程
MESE0018,机械工程智能系统（一）,必修,2,32,工业工程
MESE0019,机械工程智能系统（二）,必修,3,48,工业工程
MESE0022,管理工程,必修,2,32,工业工程
MESE0023,智慧物流与生产工程（上）,必修,3,48,工业工程
MESE0024,智慧物流与生产工程（下）,必修,2,32,工业工程
MESE0025,系统工程,必修,3,48,工业工程
MESE0026,智能优化算法与调度,必修,3,48,工业工程
MESE0034,Python语言程序设计与应用,选修,2.5,40,工业工程
MESE0035,Java语言程序设计,选修,2.5,40,工业工程
MESE0181,智能制造系统,必修,2,32,工业工程
MESE0191,增材制造工艺及应用,选修,1.5,24,工业工程
MESE0371,人因工程（全英语）,必修,3,48,工业工程
MESE0611,机械原理,必修,2,32,工业工程
MESE0831,机械设计,必修,2,32,工业工程
MESE1142,智能制造装备与工艺（一）,必修,2,32,工业工程
MESE1261,机械设计课程设计,必修,2,2w,工业工程
MESE1271,专业工程实践（一）,必修,2,2w,工业工程
MESE1281,专业工程实践（二）,必修,2,2w,工业工程
MESE1291,机械工程学科导论,必修,1,18,工业工程
MESE1391,专业工程实践（三）,必修,3,3w,工业工程
MESE2071,基础工业工程,必修,2,32,工业工程
MESE2161,运筹学,必修,3.5,56,工业工程
MESE2281,生产系统建模与仿真,必修,2,32,工业工程
MESE2481,质量管理与可靠性,必修,4,64,工业工程
MESE3634,生产实习,必修,3,3w,工业工程
MESE3671,专业社会实践,必修,0.5,1w,工业工程
MESE5161,高速数字图像处理及应用,选修,1.5,24,工业工程
MESE5191,功能材料基础,选修,1.5,24,工业工程
MESE5221,机电产品数字化设计制造与管理,选修,1.5,24,工业工程
MESE5251,机器视觉及应用,选修,1.5,24,工业工程
MESE5261,机器视觉自动检测技术,选修,1.5,24,工业工程
MESE5321,计算方法（二）,必修,2,32,工业工程
MESE5331,计算机辅助制造技术,选修,1.5,24,工业工程
MESE5341,计算机控制系统,选修,1.5,24,工业工程
MESE5511,数据库技术及应用,必修,2,32,工业工程
MESE5521,智能测控系统,选修,1.5,24,工业工程
MESE5621,先进制造技术,选修,1.5,24,工业工程
MESE5641,柔性电子制造技术基础,选修,1.5,24,工业工程
MESE5651,柔性制造自动化概论,选修,1.5,24,工业工程
MESE5671,实时控制软件技术,选修,1.5,24,工业工程
MESE5801,误差理论与数据处理,选修,1.5,24,工业工程
MESE5911,现代实验方法与数据处理,必修,1.5,24,工业工程
MESE6361,智能服务,选修,1.5,24,工业工程
MESE6371,知识工程与应用,选修,1.5,24,工业工程
MESE6391,数字孪生与边缘计算技术,选修,1.5,24,工业工程
MESE6402,工业物联网及应用,选修,2,32,工业工程
MESE6571,现代数控编程与机器人加工技术,选修,1.5,24,工业工程
NCC0001,计算机及程序设计基础（C++),必修,3,48,工业工程
PHE0003,大学体育（一）（1-2学期）,必修,1.8,60,工业工程
PHE0013,大学体育（二）（3-4学期）,必修,1.8,60,工业工程
PHE0023,大学体育（三）（5-6学期）,必修,0.4,24,工业工程
PHY0171,大学物理（A）（上）,必修,4,64,工业工程
PHY0181,大学物理（A）（下）,必修,4,64,工业工程
PHY0191,物理实验（上）,必修,2,32,工业工程
PHY0201,物理实验（下）,必修,1.5,24,工业工程
SFL0004,综合英语（一）,必修,2.5,40,工业工程
SFL0014,综合英语（二）,必修,2.5,40,工业工程
SSE0091,工业软件基础,必修,2,32,工业工程
SSE2132,软件工程理论与实践,必修,2.5,40,工业工程
SSE5562,大数据技术基础,选修,2,32,工业工程
CHI0001,中国语文,必修,2,32,工商管理（数智化人力资源管理方向）
EIC0008,人工智能概论（B）,必修,2,32,工商管理（数智化人力资源管理方向）
MAN0007,数智化采购管理,选修,2,32,工商管理（数智化人力资源管理方向）
MAN0011,计算机与程序设计基础（C++）,必修,3,48,工商管理（数智化人力资源管理方向）
MAN0017,实验心理学,必修,2,32,工商管理（数智化人力资源管理方向）
MAN0041,数据库原理及应用,必修,2,32,工商管理（数智化人力资源管理方向）
MAN0092,劳动关系与数字化治理,必修,2,32,工商管理（数智化人力资源管理方向）
MAN0102,数智时代的员工培训与开发,必修,2,32,工商管理（数智化人力资源管理方向）
MAN0112,数智时代的绩效管理,必修,2,32,工商管理（数智化人力资源管理方向）
MAN0122,人员的数字化测评与选拔,必修,2,32,工商管理（数智化人力资源管理方向）
MAN0201,大数据分析与可视化,选修,2,32,工商管理（数智化人力资源管理方向）
MAN0221,营销科学原理,必修,2,32,工商管理（数智化人力资源管理方向）
MAN0231,公司金融,必修,2.5,40,工商管理（数智化人力资源管理方向）
MAN0271,社会网络分析学,选修,1.5,24,工商管理（数智化人力资源管理方向）
MAN0381,智能物流设施与设备,选修,2,32,工商管理（数智化人力资源管理方向）
MAN0521,宏观经济学,必修,2.5,40,工商管理（数智化人力资源管理方向）
MAN0541,会计学原理,必修,3,48,工商管理（数智化人力资源管理方向）
MAN0601,学科发展前沿专题研究,必修,1,16,工商管理（数智化人力资源管理方向）
MAN0611,学科（专业）概论,必修,1,16,工商管理（数智化人力资源管理方向）
MAN0651,运筹学（一）,必修,2.5,40,工商管理（数智化人力资源管理方向）
MAN0691,管理经济学,必修,3,48,工商管理（数智化人力资源管理方向）
MAN0701,管理信息系统,必修,2.5,40,工商管理（数智化人力资源管理方向）
MAN0741,组织行为学,必修,2,32,工商管理（数智化人力资源管理方向）
MAN0751,管理学,必修,1.5,24,工商管理（数智化人力资源管理方向）
MAN0771,运营管理,必修,2.5,40,工商管理（数智化人力资源管理方向）
MAN1161,企业数据价值链理论与实务,选修,2.5,40,工商管理（数智化人力资源管理方向）
MAN1341,数智化人力资源管理专业实验,必修,2,2w,工商管理（数智化人力资源管理方向）
MAN1351,数智化人力资源管理课程设计,必修,2,2w,工商管理（数智化人力资源管理方向）
MAN1441,论文写作训练,必修,1,16,工商管理（数智化人力资源管理方向）
MAN2041,创新管理,选修,2,32,工商管理（数智化人力资源管理方向）
MAN2081,供应链管理,选修,2,32,工商管理（数智化人力资源管理方向）
MAN2231,企业战略管理,必修,2,32,工商管理（数智化人力资源管理方向）
MAN2372,薪酬管理,必修,2,32,工商管理（数智化人力资源管理方向）
MAN2391,项目管理,选修,2,32,工商管理（数智化人力资源管理方向）
MAN2522,组织设计与工作分析,必修,2,32,工商管理（数智化人力资源管理方向）
MAN2541,财务报表分析,选修,2,32,工商管理（数智化人力资源管理方向）
MAN2651,计量经济学,选修,3,48,工商管理（数智化人力资源管理方向）
MAN2901,机器学习与数据挖掘,选修,2,32,工商管理（数智化人力资源管理方向）
MAN3521,毕业设计（论文）,必修,8,16w,工商管理（数智化人力资源管理方向）
MAN3541,管理类综合实验（ERP）,必修,1,2w,工商管理（数智化人力资源管理方向）
MAN3581,生产实习,必修,2,4w,工商管理（数智化人力资源管理方向）
MAN5011,博弈论,选修,2,32,工商管理（数智化人力资源管理方向）
MAN5101,管理统计学,选修,2,32,工商管理（数智化人力资源管理方向）
MAN5141,企业税收与实务,选修,2,32,工商管理（数智化人力资源管理方向）
MAN5151,人力资源管理,必修,2,32,工商管理（数智化人力资源管理方向）
MAN5181,行为经济与管理,选修,2,32,工商管理（数智化人力资源管理方向）
MAN5241,商业伦理,选修,2,32,工商管理（数智化人力资源管理方向）
MAN5251,商务沟通与谈判,选修,2,32,工商管理（数智化人力资源管理方向）
MAN5441,企业内部控制,选修,2,32,工商管理（数智化人力资源管理方向）
MAN5661,计算机与程序设计基础（Python）,选修,2,32,工商管理（数智化人力资源管理方向）
MAN5691,创业管理,选修,2,32,工商管理（数智化人力资源管理方向）
MAN5701,商法,选修,2,32,工商管理（数智化人力资源管理方向）
MAT0021,微积分（B）（上）,必修,5.5,88,工商管理（数智化人力资源管理方向）
MAT0031,微积分（B）（下）,必修,5.5,88,工商管理（数智化人力资源管理方向）
MAT0121,线性代数（B）,必修,2.5,40,工商管理（数智化人力资源管理方向）
MAT0131,概率论与数理统计（B）,必修,2.5,40,工商管理（数智化人力资源管理方向）
MAX0013,马克思主义基本原理,必修,2.5,40,工商管理（数智化人力资源管理方向）
MAX0022,思想道德与法治,必修,2.5,40,工商管理（数智化人力资源管理方向）
MAX0033,形势与政策（1-8学期）,必修,2,64,工商管理（数智化人力资源管理方向）
MAX0042,中国近现代史纲要,必修,2.5,40,工商管理（数智化人力资源管理方向）
MAX0064,毛泽东思想和中国特色社会主义理论体系概论,必修,2.5,40,工商管理（数智化人力资源管理方向）
MAX0072,习近平新时代中国特色社会主义思想概论,必修,3,48,工商管理（数智化人力资源管理方向）
PHE0003,大学体育（一）（1-2学期）,必修,1.8,60,工商管理（数智化人力资源管理方向）
PHE0013,大学体育（二）（3-4学期）,必修,1.8,60,工商管理（数智化人力资源管理方向）
PHE0023,大学体育（三）（5-6学期）,必修,0.4,24,工商管理（数智化人力资源管理方向）
SFL0004,综合英语（一）,必修,2.5,40,工商管理（数智化人力资源管理方向）
SFL0014,综合英语（二）,必修,2.5,40,工商管理（数智化人力资源管理方向）
AE0000,航空航天材料与制造基础,选修,3,48,工程力学
AE0017,空天科技前沿与实践,选修,1,16,工程力学
AE0027,结构智能优化设计,选修,2,32,工程力学
AE0028,金属增材制造,选修,1.5,24,工程力学
AE0031,连续介质力学导读(全英),选修,2,32,工程力学
AE0032,结构智能优化设计课程设计,选修,2,4w,工程力学
AE0036,自动控制原理,选修,3.5,56,工程力学
AE0041,气体动力学,选修,2.5,40,工程力学
AE0046,力学创新实践,必修,3,6w,工程力学
AE0047,计算流体力学课程设计,必修,2,4w,工程力学
AE0048,计算方法,必修,2.5,40,工程力学
AE0049,弹性力学,必修,4,64,工程力学
AE0050,毕业设计（论文）,必修,12,18w,工程力学
AE0060,有限元方法课程设计,必修,2,4w,工程力学
AE0066,力学工程问题与建模仿真,选修,3.5,56,工程力学
AE0067,力学工程问题与建模仿真课程设计,选修,2,4w,工程力学
AE0261,航空航天与力学概论,必修,1.5,24,工程力学
AE2011,飞行器总体设计,选修,2,32,工程力学
AE2081,理论力学（一）,必修,5,80,工程力学
AE2092,材料力学（一）,必修,4.5,72,工程力学
AE2111,张量分析,选修,1.5,24,工程力学
AE2121,流体力学（一）,必修,4.5,72,工程力学
AE2182,实验力学,必修,4,64,工程力学
AE2201,有限元方法,必修,3,48,工程力学
AE2211,计算流体力学,必修,2.5,40,工程力学
AE2222,振动力学,必修,4,64,工程力学
AE2231,塑性力学基础,选修,2,32,工程力学
AE2241,疲劳与断裂,选修,3.5,56,工程力学
AE2251,复合材料力学,选修,2,32,工程力学
AE3531,生产实习,必修,1.5,3w,工程力学
AE3541,专业认知实习,必修,0.5,1w,工程力学
AE5481,数据结构与算法,选修,2,32,工程力学
AE5521,CFD软件应用,选修,1.5,24,工程力学
AE5581,数学实验,选修,1.5,24,工程力学
AE5591,实验流体力学,选修,1.5,24,工程力学
AE5611,传热传质学,选修,2,32,工程力学
AUT6001,Python语言设计,选修,2.5,40,工程力学
CHI0001,中国语文,必修,2,32,工程力学
CST0048,人工智能概论（A）,必修,2,32,工程力学
EEE0741,电工电子学,必修,3.5,56,工程力学
ENG3551,工程训练（七）,必修,1,2w,工程力学
ENG3561,工程训练（六）,必修,1,2w,工程力学
MAT0021,微积分（B）（上）,必修,5.5,88,工程力学
MAT0031,微积分（B）（下）,必修,5.5,88,工程力学
MAT0121,线性代数（B）,必修,2.5,40,工程力学
MAT0131,概率论与数理统计（B）,必修,2.5,40,工程力学
MAT0561,复变函数与积分变换,必修,2.5,40,工程力学
MAT0701,数理方程与特殊函数,必修,2.5,40,工程力学
MAX0013,马克思主义基本原理,必修,2.5,40,工程力学
MAX0022,思想道德与法治,必修,2.5,40,工程力学
MAX0033,形势与政策（1-8学期）,必修,2,64,工程力学
MAX0042,中国近现代史纲要,必修,2.5,40,工程力学
MAX0064,毛泽东思想和中国特色社会主义理论体系概论,必修,2.5,40,工程力学
MAX0072,习近平新时代中国特色社会主义思想概论,必修,3,48,工程力学
MESE0611,机械原理,选修,2,32,工程力学
MESE1111,机械设计理论与方法（一）上,必修,2.5,40,工程力学
MESE5641,柔性电子制造技术基础,选修,1.5,24,工程力学
MESE5661,机器人学,选修,3,48,工程力学
NCC0051,计算机及程序设计基础（Python）,必修,3,48,工程力学
PHE0003,大学体育（一）（1-2学期）,必修,1.8,60,工程力学
PHE0013,大学体育（二）（3-4学期）,必修,1.8,60,工程力学
PHE0023,大学体育（三）（5-6学期）,必修,0.4,24,工程力学
PHY0171,大学物理（A）（上）,必修,4,64,工程力学
PHY0181,大学物理（A）（下）,必修,4,64,工程力学
PHY0191,物理实验（上）,必修,2,32,工程力学
PHY0201,物理实验（下）,必修,1.5,24,工程力学
SFL0004,综合英语（一）,必修,2.5,40,工程力学
SFL0014,综合英语（二）,必修,2.5,40,工程力学
SSE0091,工业软件基础,选修,2,32,工程力学
AE0000,航空航天材料与制造基础,选修,3,48,工程力学（数智力学启明实验班）
AE0017,空天科技前沿与实践,选修,1,16,工程力学（数智力学启明实验班）
AE0022,动力学基础（一）,必修,4.5,72,工程力学（数智力学启明实验班）
AE0023,动力学基础（二）,必修,4,64,工程力学（数智力学启明实验班）
AE0024,固体力学基础（一）,必修,4,64,工程力学（数智力学启明实验班）
AE0025,固体力学基础（二）,必修,4,64,工程力学（数智力学启明实验班）
AE0027,结构智能优化设计,选修,2,32,工程力学（数智力学启明实验班）
AE0028,金属增材制造,选修,1.5,24,工程力学（数智力学启明实验班）
AE0029,进阶式科研训练,必修,5,10w,工程力学（数智力学启明实验班）
AE0030,海外研修与国际交流,选修,1,2w,工程力学（数智力学启明实验班）
AE0032,结构智能优化设计课程设计,选修,2,4w,工程力学（数智力学启明实验班）
AE0033,科学计算方法,必修,2.5,40,工程力学（数智力学启明实验班）
AE0034,数学建模与数学实验,选修,1.5,24,工程力学（数智力学启明实验班）
AE0035,大师课堂,选修,1,16,工程力学（数智力学启明实验班）
AE0036,自动控制原理,选修,3.5,56,工程力学（数智力学启明实验班）
AE0037,材料力学行为及仿真,选修,2.5,40,工程力学（数智力学启明实验班）
AE0038,学术规范与科技论文写作,选修,1,16,工程力学（数智力学启明实验班）
AE0039,计算流体力学（A）,必修,3,48,工程力学（数智力学启明实验班）
AE0041,气体动力学,选修,2.5,40,工程力学（数智力学启明实验班）
AE0047,计算流体力学课程设计,必修,2,4w,工程力学（数智力学启明实验班）
AE0050,毕业设计（论文）,必修,12,18w,工程力学（数智力学启明实验班）
AE0059,热力学与统计物理,选修,2.5,40,工程力学（数智力学启明实验班）
AE0062,计算固体力学课程设计,必修,2,4w,工程力学（数智力学启明实验班）
AE0063,流体力学,必修,5,80,工程力学（数智力学启明实验班）
AE0064,人工智能与数智力学,选修,2.5,40,工程力学（数智力学启明实验班）
AE0065,人工智能与数智力学课程设计,选修,1,2w,工程力学（数智力学启明实验班）
AE0066,力学工程问题与建模仿真,选修,3.5,56,工程力学（数智力学启明实验班）
AE0067,力学工程问题与建模仿真课程设计,选修,2,4w,工程力学（数智力学启明实验班）
AE0068,现代力学测试方法与技术,必修,3.5,56,工程力学（数智力学启明实验班）
AE0101,力学导论,必修,1,16,工程力学（数智力学启明实验班）
AE0121,计算固体力学,必修,3,48,工程力学（数智力学启明实验班）
AE0151,非线性动力学,选修,2,32,工程力学（数智力学启明实验班）
AE0161,连续介质力学(全英),选修,2.5,40,工程力学（数智力学启明实验班）
AE0171,生物力学基础,选修,2,32,工程力学（数智力学启明实验班）
AE0181,智能材料与结构力学,选修,2,32,工程力学（数智力学启明实验班）
AE2111,张量分析,选修,1.5,24,工程力学（数智力学启明实验班）
AE2231,塑性力学基础,选修,2,32,工程力学（数智力学启明实验班）
AE2241,疲劳与断裂,选修,3.5,56,工程力学（数智力学启明实验班）
AE2251,复合材料力学,选修,2,32,工程力学（数智力学启明实验班）
AE3531,生产实习,必修,1.5,3w,工程力学（数智力学启明实验班）
AE3541,专业认知实习,必修,0.5,1w,工程力学（数智力学启明实验班）
AE5481,数据结构与算法,选修,2,32,工程力学（数智力学启明实验班）
AE5591,实验流体力学,选修,1.5,24,工程力学（数智力学启明实验班）
AE5611,传热传质学,选修,2,32,工程力学（数智力学启明实验班）
AUT5643,数字图像处理,选修,2.5,40,工程力学（数智力学启明实验班）
AUT6001,Python语言设计,选修,2.5,40,工程力学（数智力学启明实验班）
CHI0001,中国语文,必修,2,32,工程力学（数智力学启明实验班）
CST0048,人工智能概论（A）,必修,2,32,工程力学（数智力学启明实验班）
EEE0741,电工电子学,必修,3.5,56,工程力学（数智力学启明实验班）
ENG3551,工程训练（七）,必修,1,2w,工程力学（数智力学启明实验班）
ENG3561,工程训练（六）,必修,1,2w,工程力学（数智力学启明实验班）
MAT0131,概率论与数理统计（B）,必修,2.5,40,工程力学（数智力学启明实验班）
MAT0532,微积分（A）（下）,必修,6,96,工程力学（数智力学启明实验班）
MAT0552,微积分（A）（上）,必修,6,96,工程力学（数智力学启明实验班）
MAT0561,复变函数与积分变换,必修,2.5,40,工程力学（数智力学启明实验班）
MAT0701,数理方程与特殊函数,必修,2.5,40,工程力学（数智力学启明实验班）
MAT0722,线性代数（A）,必修,3,48,工程力学（数智力学启明实验班）
MAX0013,马克思主义基本原理,必修,2.5,40,工程力学（数智力学启明实验班）
MAX0022,思想道德与法治,必修,2.5,40,工程力学（数智力学启明实验班）
MAX0033,形势与政策（1-8学期）,必修,2,64,工程力学（数智力学启明实验班）
MAX0042,中国近现代史纲要,必修,2.5,40,工程力学（数智力学启明实验班）
MAX0064,毛泽东思想和中国特色社会主义理论体系概论,必修,2.5,40,工程力学（数智力学启明实验班）
MAX0072,习近平新时代中国特色社会主义思想概论,必修,3,48,工程力学（数智力学启明实验班）
MESE1111,机械设计理论与方法（一）上,必修,2.5,40,工程力学（数智力学启明实验班）
MESE5641,柔性电子制造技术基础,选修,1.5,24,工程力学（数智力学启明实验班）
MESE5662,机器人学,选修,2.5,40,工程力学（数智力学启明实验班）
NCC0001,计算机及程序设计基础（C++),必修,3,48,工程力学（数智力学启明实验班）
OEI0003,量子力学,选修,2,32,工程力学（数智力学启明实验班）
PHE0003,大学体育（一）（1-2学期）,必修,1.8,60,工程力学（数智力学启明实验班）
PHE0013,大学体育（二）（3-4学期）,必修,1.8,60,工程力学（数智力学启明实验班）
PHE0023,大学体育（三）（5-6学期）,必修,0.4,24,工程力学（数智力学启明实验班）
PHY0171,大学物理（A）（上）,必修,4,64,工程力学（数智力学启明实验班）
PHY0181,大学物理（A）（下）,必修,4,64,工程力学（数智力学启明实验班）
PHY0191,物理实验（上）,必修,2,32,工程力学（数智力学启明实验班）
PHY0201,物理实验（下）,必修,1.5,24,工程力学（数智力学启明实验班）
SFL0004,综合英语（一）,必修,2.5,40,工程力学（数智力学启明实验班）
SFL0014,综合英语（二）,必修,2.5,40,工程力学（数智力学启明实验班）
SSE2132,软件工程理论与实践,选修,2.5,40,工程力学（数智力学启明实验班）
AE0052,材料力学（三）,必修,2.5,40,工程管理
AE0651,理论力学（三）,必修,3,48,工程管理
CEM0751,运筹学,必修,3,48,工程管理
CEM2271,工程经济学,必修,2,32,工程管理
CEM2321,管理学原理,必修,2,32,工程管理
CEM2581,工程项目管理（一）,必修,2,32,工程管理
CHI0001,中国语文,必修,2,32,工程管理
CST0048,人工智能概论（A）,必修,2,32,工程管理
ECN0572,经济学原理,必修,2,32,工程管理
ENG3581,工程训练（二）,必修,1.5,3w,工程管理
HIE0011,面向对象程序设计,必修,2,32,工程管理
MAT0021,微积分（B）（上）,必修,5.5,88,工程管理
MAT0031,微积分（B）（下）,必修,5.5,88,工程管理
MAT0121,线性代数（B）,必修,2.5,40,工程管理
MAT0131,概率论与数理统计（B）,必修,2.5,40,工程管理
MAX0013,马克思主义基本原理,必修,2.5,40,工程管理
MAX0022,思想道德与法治,必修,2.5,40,工程管理
MAX0033,形势与政策（1-8学期）,必修,2,64,工程管理
MAX0042,中国近现代史纲要,必修,2.5,40,工程管理
MAX0064,毛泽东思想和中国特色社会主义理论体系概论,必修,2.5,40,工程管理
MAX0072,习近平新时代中国特色社会主义思想概论,必修,3,48,工程管理
NCC0021,数据库技术及应用,必修,2,32,工程管理
PHE0003,大学体育（一）（1-2学期）,必修,1.8,60,工程管理
PHE0013,大学体育（二）（3-4学期）,必修,1.8,60,工程管理
PHE0023,大学体育（三）（5-6学期）,必修,0.4,24,工程管理
PHY0171,大学物理（A）（上）,必修,4,64,工程管理
PHY0181,大学物理（A）（下）,必修,4,64,工程管理
PHY0191,物理实验（上）,必修,2,32,工程管理
PHY0201,物理实验（下）,必修,1.5,24,工程管理
SCHE0015,工程制图与CAD软件,必修,3,48,工程管理
SCHE0020,施工组织与设计,必修,1.5,24,工程管理
SCHE0032,毕业设计（论文）,必修,12,18w,工程管理
SCHE0046,学科交叉创新训练（一）,必修,3,3w,工程管理
SCHE0069,智能决策理论与方法,必修,2,32,工程管理
SCHE0101,工程大数据分析与处理,必修,2,32,工程管理
SCHE0171,施工基本原理,必修,2,32,工程管理
SCHE0571,计算机与程序设计基础(C++),必修,3,48,工程管理
SCHE0661,学科（专业）概论与认知实习,必修,1.25,20,工程管理
SFL0004,综合英语（一）,必修,2.5,40,工程管理
SFL0014,综合英语（二）,必修,2.5,40,工程管理
CHI0001,中国语文,必修,2,32,市场营销（数智化方向）
EIC0008,人工智能概论（B）,必修,2,32,市场营销（数智化方向）
MAN0000,数字化市场研究,必修,2.5,40,市场营销（数智化方向）
MAN0011,计算机与程序设计基础（C++）,必修,3,48,市场营销（数智化方向）
MAN0041,数据库原理及应用,必修,2,32,市场营销（数智化方向）
MAN0061,数字化营销工程,必修,2.5,40,市场营销（数智化方向）
MAN0081,数字化整合营销传播,必修,2.5,40,市场营销（数智化方向）
MAN0201,大数据分析与可视化,必修,2,32,市场营销（数智化方向）
MAN0221,营销科学原理,必修,2,32,市场营销（数智化方向）
MAN0231,公司金融,必修,2.5,40,市场营销（数智化方向）
MAN0271,社会网络分析学,选修,1.5,24,市场营销（数智化方向）
MAN0521,宏观经济学,必修,2.5,40,市场营销（数智化方向）
MAN0541,会计学原理,必修,3,48,市场营销（数智化方向）
MAN0601,学科发展前沿专题研究,必修,1,16,市场营销（数智化方向）
MAN0611,学科（专业）概论,必修,1,16,市场营销（数智化方向）
MAN0651,运筹学（一）,选修,2.5,40,市场营销（数智化方向）
MAN0691,管理经济学,必修,3,48,市场营销（数智化方向）
MAN0701,管理信息系统,必修,2.5,40,市场营销（数智化方向）
MAN0741,组织行为学,必修,2,32,市场营销（数智化方向）
MAN0751,管理学,必修,1.5,24,市场营销（数智化方向）
MAN0771,运营管理,必修,2.5,40,市场营销（数智化方向）
MAN1161,企业数据价值链理论与实务,选修,2.5,40,市场营销（数智化方向）
MAN1311,数智化营销专业实验,必修,2,2w,市场营销（数智化方向）
MAN1321,数智化营销课程设计,必修,2,2w,市场营销（数智化方向）
MAN2081,供应链管理,选修,2,32,市场营销（数智化方向）
MAN2201,品牌建设与管理,选修,2,32,市场营销（数智化方向）
MAN2231,企业战略管理,选修,2,32,市场营销（数智化方向）
MAN2241,渠道建设与管理,必修,2,32,市场营销（数智化方向）
MAN2382,消费者行为学,必修,2,32,市场营销（数智化方向）
MAN2391,项目管理,选修,2,32,市场营销（数智化方向）
MAN2541,财务报表分析,选修,2,32,市场营销（数智化方向）
MAN2591,定价战略与战术,必修,2,32,市场营销（数智化方向）
MAN2651,计量经济学,选修,3,48,市场营销（数智化方向）
MAN2901,机器学习与数据挖掘,选修,2,32,市场营销（数智化方向）
MAN3521,毕业设计（论文）,必修,8,16w,市场营销（数智化方向）
MAN3541,管理类综合实验（ERP）,必修,1,2w,市场营销（数智化方向）
MAN3581,生产实习,必修,2,4w,市场营销（数智化方向）
MAN5011,博弈论,选修,2,32,市场营销（数智化方向）
MAN5101,管理统计学,选修,2,32,市场营销（数智化方向）
MAN5131,金融市场与金融机构,选修,2,32,市场营销（数智化方向）
MAN5151,人力资源管理,选修,2,32,市场营销（数智化方向）
MAN5181,行为经济与管理,选修,2,32,市场营销（数智化方向）
MAN5231,商业模式设计与创新,必修,2,32,市场营销（数智化方向）
MAN5241,商业伦理,选修,2,32,市场营销（数智化方向）
MAN5251,商务沟通与谈判,选修,2,32,市场营销（数智化方向）
MAN5331,产品规划与设计,必修,2,32,市场营销（数智化方向）
MAN5601,企业竞争对抗实训,必修,2,32,市场营销（数智化方向）
MAN5661,计算机与程序设计基础（Python）,选修,2,32,市场营销（数智化方向）
MAN5691,创业管理,选修,2,32,市场营销（数智化方向）
MAN5701,商法,选修,2,32,市场营销（数智化方向）
MAT0021,微积分（B）（上）,必修,5.5,88,市场营销（数智化方向）
MAT0031,微积分（B）（下）,必修,5.5,88,市场营销（数智化方向）
MAT0121,线性代数（B）,必修,2.5,40,市场营销（数智化方向）
MAT0131,概率论与数理统计（B）,必修,2.5,40,市场营销（数智化方向）
MAX0013,马克思主义基本原理,必修,2.5,40,市场营销（数智化方向）
MAX0022,思想道德与法治,必修,2.5,40,市场营销（数智化方向）
MAX0033,形势与政策（1-8学期）,必修,2,64,市场营销（数智化方向）
MAX0042,中国近现代史纲要,必修,2.5,40,市场营销（数智化方向）
MAX0064,毛泽东思想和中国特色社会主义理论体系概论,必修,2.5,40,市场营销（数智化方向）
MAX0072,习近平新时代中国特色社会主义思想概论,必修,3,48,市场营销（数智化方向）
PHE0003,大学体育（一）（1-2学期）,必修,1.8,60,市场营销（数智化方向）
PHE0013,大学体育（二）（3-4学期）,必修,1.8,60,市场营销（数智化方向）
PHE0023,大学体育（三）（5-6学期）,必修,0.4,24,市场营销（数智化方向）
SFL0004,综合英语（一）,必修,2.5,40,市场营销（数智化方向）
SFL0014,综合英语（二）,必修,2.5,40,市场营销（数智化方向）
CHI0001,中国语文,必修,2,32,广告学
ECN0572,经济学原理,必修,2,32,广告学
JOU0000,经典阅读导引,必修,1,16,广告学
JOU0003,国际新闻传播,必修,2,32,广告学
JOU0004,公共关系实务,必修,2,32,广告学
JOU0015,市场营销管理,必修,2.5,40,广告学
JOU0016,广告策划,必修,3,48,广告学
JOU0017,融媒体广告策略,选修,2,32,广告学
JOU0018,数字品牌叙事,选修,2,32,广告学
JOU0021,品牌形象与广告设计,选修,3,48,广告学
JOU0025,消费者行为学,必修,2,32,广告学
JOU0035,专业实习,必修,10,12w,广告学
JOU0161,品牌整合营销传播,必修,2.5,40,广告学
JOU0191,全球战略传播,选修,2,32,广告学
JOU0201,政治公关与公共传播,选修,2,32,广告学
JOU0521,传播学研究方法,必修,3,48,广告学
JOU0531,传播学原理,必修,2.5,40,广告学
JOU0581,品牌传播概论,必修,2,32,广告学
JOU0601,外国新闻传播史,必修,2.5,40,广告学
JOU0612,新闻传播伦理与法制,必修,2,32,广告学
JOU0621,新闻学原理,必修,2.5,40,广告学
JOU0631,学术规范与论文写作,必修,1,16,广告学
JOU0641,中国新闻传播史,必修,2.5,40,广告学
JOU0651,视听传播概论,必修,2,32,广告学
JOU0671,马克思主义新闻观,必修,2,32,广告学
JOU2041,传播心理学,必修,2,32,广告学
JOU2121,公共关系原理,必修,2,32,广告学
JOU2171,广告学概论,必修,2.5,40,广告学
JOU2331,新媒体营销,必修,2,32,广告学
JOU2491,计算广告学,选修,2,32,广告学
JOU2501,数字广告文案写作,选修,2,32,广告学
JOU3511,毕业设计（论文）,必修,8,16w,广告学
JOU3522,认知实习,必修,1,4w,广告学
JOU5201,广告艺术基础,必修,3,48,广告学
JOU5251,口语表达与形象造型,必修,2,32,广告学
JOU5391,视觉传播与创意,选修,3,48,广告学
JOU5861,智能传播,必修,2,32,广告学
JOU5872,文化产业与创意经济,选修,1,16,广告学
JOU6021,市场调研与数据分析,选修,3,48,广告学
JOU6071,创新思维与能力训练,选修,2,32,广告学
MAT0051,微积分（D）,必修,4,64,广告学
MAX0013,马克思主义基本原理,必修,2.5,40,广告学
MAX0022,思想道德与法治,必修,2.5,40,广告学
MAX0033,形势与政策（1-8学期）,必修,2,64,广告学
MAX0042,中国近现代史纲要,必修,2.5,40,广告学
MAX0064,毛泽东思想和中国特色社会主义理论体系概论,必修,2.5,40,广告学
MAX0072,习近平新时代中国特色社会主义思想概论,必修,3,48,广告学
NCC0051,计算机及程序设计基础（Python）,必修,3,48,广告学
PHE0003,大学体育（一）（1-2学期）,必修,1.8,60,广告学
PHE0013,大学体育（二）（3-4学期）,必修,1.8,60,广告学
PHE0023,大学体育（三）（5-6学期）,必修,0.4,24,广告学
PHI0521,哲学导论,必修,3,48,广告学
PUBA0512,政治学原理,必修,2,32,广告学
SFL0004,综合英语（一）,必修,2.5,40,广告学
SFL0014,综合英语（二）,必修,2.5,40,广告学
SOC0571,社会学概论,必修,2,32,广告学
SOD0000,人工智能概论（C）,必修,2,32,广告学
CHI0001,中国语文,必修,2,32,广播电视学
ECN0572,经济学原理,必修,2,32,广播电视学
JOU0000,经典阅读导引,必修,1,16,广播电视学
JOU0003,国际新闻传播,必修,2,32,广播电视学
JOU0008,影视画面与拍摄,必修,3,48,广播电视学
JOU0009,视听新媒体用户调查,选修,2,32,广播电视学
JOU0010,视听媒体管理,选修,2,32,广播电视学
JOU0012,短视频设计与运营,选修,2,32,广播电视学
JOU0013,视听语言,选修,2,32,广播电视学
JOU0024,视听编辑制作,必修,3,48,广播电视学
JOU0035,专业实习,必修,10,12w,广播电视学
JOU0037,短视频新闻,必修,2,32,广播电视学
JOU0039,人工智能辅助视听内容创作,选修,2,32,广播电视学
JOU0040,融媒体视频案例研究,选修,2,32,广播电视学
JOU0047,数字影视艺术,选修,2,32,广播电视学
JOU0048,短视频专题报道,必修,3,48,广播电视学
JOU0521,传播学研究方法,必修,3,48,广播电视学
JOU0531,传播学原理,必修,2.5,40,广播电视学
JOU0581,品牌传播概论,必修,2,32,广播电视学
JOU0601,外国新闻传播史,必修,2.5,40,广播电视学
JOU0612,新闻传播伦理与法制,必修,2,32,广播电视学
JOU0621,新闻学原理,必修,2.5,40,广播电视学
JOU0631,学术规范与论文写作,必修,1,16,广播电视学
JOU0641,中国新闻传播史,必修,2.5,40,广播电视学
JOU0651,视听传播概论,必修,2,32,广播电视学
JOU0671,马克思主义新闻观,必修,2,32,广播电视学
JOU2041,传播心理学,必修,2,32,广播电视学
JOU2131,广播电视评论,必修,2.5,40,广播电视学
JOU2251,视听新媒体导论,必修,2,32,广播电视学
JOU2391,新闻采写,选修,5,80,广播电视学
JOU2481,视听节目编导,选修,3,48,广播电视学
JOU3511,毕业设计（论文）,必修,8,16w,广播电视学
JOU3522,认知实习,必修,1,4w,广播电视学
JOU5251,口语表达与形象造型,必修,2,32,广播电视学
JOU5681,视听文稿写作,必修,2,32,广播电视学
JOU5711,多机位拍摄与导播技巧,选修,1,16,广播电视学
JOU5731,视听文本批评,选修,2,32,广播电视学
JOU5861,智能传播,必修,2,32,广播电视学
MAT0051,微积分（D）,必修,4,64,广播电视学
MAX0013,马克思主义基本原理,必修,2.5,40,广播电视学
MAX0022,思想道德与法治,必修,2.5,40,广播电视学
MAX0033,形势与政策（1-8学期）,必修,2,64,广播电视学
MAX0042,中国近现代史纲要,必修,2.5,40,广播电视学
MAX0064,毛泽东思想和中国特色社会主义理论体系概论,必修,2.5,40,广播电视学
MAX0072,习近平新时代中国特色社会主义思想概论,必修,3,48,广播电视学
NCC0051,计算机及程序设计基础（Python）,必修,3,48,广播电视学
PHE0003,大学体育（一）（1-2学期）,必修,1.8,60,广播电视学
PHE0013,大学体育（二）（3-4学期）,必修,1.8,60,广播电视学
PHE0023,大学体育（三）（5-6学期）,必修,0.4,24,广播电视学
PHI0521,哲学导论,必修,3,48,广播电视学
PUBA0512,政治学原理,必修,2,32,广播电视学
SFL0004,综合英语（一）,必修,2.5,40,广播电视学
SFL0014,综合英语（二）,必修,2.5,40,广播电视学
SOC0571,社会学概论,必修,2,32,广播电视学
SOD0000,人工智能概论（C）,必修,2,32,广播电视学
CHE0003,物理化学（一）,必修,3.5,56,应用化学
CHE0004,物理化学（二）,必修,2,32,应用化学
CHE0006,物理化学实验（一）,必修,1,32,应用化学
CHE0007,物理化学实验（二）,必修,1.25,40,应用化学
CHE0010,创新实践B,必修,1.5,3w,应用化学
CHE0041,无机固体材料化学,选修,1,16,应用化学
CHE0111,分析化学实验（一）,必修,1.5,48,应用化学
CHE0121,分析化学（一）,必修,3,48,应用化学
CHE0132,分析化学实验（二）,必修,1,32,应用化学
CHE0142,分析化学（二）,必修,3,48,应用化学
CHE0151,化工CAD,必修,1.5,24,应用化学
CHE0161,高分子化学与物理（二）,必修,1.5,24,应用化学
CHE0171,高分子化学与物理实验（二）,必修,0.5,16,应用化学
CHE0181,化学信息学（上）,选修,0.5,8,应用化学
CHE0191,化学信息学（下）,选修,1,16,应用化学
CHE0201,化工流程模拟与AspenPlus,选修,1.5,24,应用化学
CHE0211,功能高分子导论,选修,1.5,24,应用化学
CHE0221,活性聚合原理与技术,选修,1,16,应用化学
CHE0231,半导体化学,选修,1,16,应用化学
CHE0251,科学思维与研究方法,必修,0.5,1w,应用化学
CHE0261,科研认知实践,选修,1,4w,应用化学
CHE0271,高分子化学与物理（一）,必修,2.5,40,应用化学
CHE0281,高分子化学与物理实验（一）,必修,1,32,应用化学
CHE0641,学科（专业）概论,必修,1,16,应用化学
CHE0841,化学实验安全,必修,0.5,8,应用化学
CHE0871,无机化学（上）,必修,3,48,应用化学
CHE0881,无机化学（下）,必修,2,32,应用化学
CHE0891,无机化学实验（上）,必修,1.5,48,应用化学
CHE0901,无机化学实验（下）,必修,1,32,应用化学
CHE0941,有机化学实验（下）,必修,1.75,56,应用化学
CHE0952,有机化学实验（上）,必修,1.75,56,应用化学
CHE2011,电化学原理及应用,必修,2,32,应用化学
CHE2061,化工设计,必修,2,32,应用化学
CHE2081,化工原理,必修,3.5,56,应用化学
CHE2091,化学反应工程,必修,3,48,应用化学
CHE2102,结构化学,必修,3.5,56,应用化学
CHE2132,有机化学（上）,必修,3.5,56,应用化学
CHE2161,生物化学实验,选修,0.5,16,应用化学
CHE2171,生物化学,选修,2.5,40,应用化学
CHE2232,有机化学（下）,必修,3.5,56,应用化学
CHE2281,化工原理实验,必修,1.5,48,应用化学
CHE2411,有机结构分析,选修,1.5,24,应用化学
CHE2421,有机合成设计,选修,1.5,24,应用化学
CHE3512,毕业设计（论文）（7-8学期）,必修,8,16w,应用化学
CHE3561,生产实习,必修,1.5,3w,应用化学
CHE3571,科学训练,必修,2,4w,应用化学
CHE5021,超分子化学,选修,1,16,应用化学
CHE5041,电化学测量方法,选修,2,32,应用化学
CHE5051,电化学工程,选修,1,16,应用化学
CHE5062,高分子材料成型加工,选修,1,16,应用化学
CHE5081,工业催化,选修,1,16,应用化学
CHE5101,化工工艺学,选修,1,16,应用化学
CHE5121,化学前沿（进展）,选修,1.5,24,应用化学
CHE5131,化学生物学,选修,1,16,应用化学
CHE5161,化学制药,选修,1,16,应用化学
CHE5182,计算化学,选修,1,16,应用化学
CHE5191,胶体与表面化学,选修,1,16,应用化学
CHE5201,金属腐蚀与防护,选修,2,32,应用化学
CHE5211,绿色高分子,选修,1,16,应用化学
CHE5221,绿色化学,选修,1.5,24,应用化学
CHE5231,纳米材料化学,选修,1,16,应用化学
CHE5241,能源化学,选修,1,16,应用化学
CHE5271,生物无机化学,选修,2,32,应用化学
CHE5281,现代分析化学,选修,1.5,24,应用化学
CHE5311,化学与社会,选修,1,16,应用化学
CHE5451,生物医用高分子材料,选修,1,16,应用化学
CHE5481,高分子表征技术,选修,1,16,应用化学
CHE5521,高分子组装体,选修,1,16,应用化学
CHE5591,分子光化学,选修,1,16,应用化学
CHI0001,中国语文,必修,2,32,应用化学
CST0048,人工智能概论（A）,必修,2,32,应用化学
ENG3551,工程训练（七）,必修,1,2w,应用化学
MAT0021,微积分（B）（上）,必修,5.5,88,应用化学
MAT0031,微积分（B）（下）,必修,5.5,88,应用化学
MAT0121,线性代数（B）,选修,2.5,40,应用化学
MAT0131,概率论与数理统计（B）,必修,2.5,40,应用化学
MAX0013,马克思主义基本原理,必修,2.5,40,应用化学
MAX0022,思想道德与法治,必修,2.5,40,应用化学
MAX0033,形势与政策（1-8学期）,必修,2,64,应用化学
MAX0042,中国近现代史纲要,必修,2.5,40,应用化学
MAX0064,毛泽东思想和中国特色社会主义理论体系概论,必修,2.5,40,应用化学
MAX0072,习近平新时代中国特色社会主义思想概论,必修,3,48,应用化学
NCC0051,计算机及程序设计基础（Python）,必修,3,48,应用化学
PHE0003,大学体育（一）（1-2学期）,必修,1.8,60,应用化学
PHE0013,大学体育（二）（3-4学期）,必修,1.8,60,应用化学
PHE0023,大学体育（三）（5-6学期）,必修,0.4,24,应用化学
PHY0171,大学物理（A）（上）,必修,4,64,应用化学
PHY0181,大学物理（A）（下）,必修,4,64,应用化学
PHY0191,物理实验（上）,必修,2,32,应用化学
PHY0201,物理实验（下）,必修,1.5,24,应用化学
SFL0004,综合英语（一）,必修,2.5,40,应用化学
SFL0014,综合英语（二）,必修,2.5,40,应用化学
CHI0001,中国语文,必修,2,32,应用物理学
CST0048,人工智能概论（A）,必修,2,32,应用物理学
EIC0681,模拟电子技术（一）,选修,4,64,应用物理学
EIC5741,数字电子技术,选修,3,48,应用物理学
ENG3541,工程训练（三）,必修,1,2w,应用物理学
MAT0021,微积分（B）（上）,必修,5.5,88,应用物理学
MAT0031,微积分（B）（下）,必修,5.5,88,应用物理学
MAT0131,概率论与数理统计（B）,必修,2.5,40,应用物理学
MAX0013,马克思主义基本原理,必修,2.5,40,应用物理学
MAX0022,思想道德与法治,必修,2.5,40,应用物理学
MAX0033,形势与政策（1-8学期）,必修,2,64,应用物理学
MAX0042,中国近现代史纲要,必修,2.5,40,应用物理学
MAX0064,毛泽东思想和中国特色社会主义理论体系概论,必修,2.5,40,应用物理学
MAX0072,习近平新时代中国特色社会主义思想概论,必修,3,48,应用物理学
MESE0891,工程制图（一）,选修,2.5,40,应用物理学
NCC0001,计算机及程序设计基础（C++),必修,3,48,应用物理学
PHE0003,大学体育（一）（1-2学期）,必修,1.8,60,应用物理学
PHE0013,大学体育（二）（3-4学期）,必修,1.8,60,应用物理学
PHE0023,大学体育（三）（5-6学期）,必修,0.4,24,应用物理学
PHY0000,科学研究训练（Ⅰ）,必修,2,4w,应用物理学
PHY0002,科学研究训练（Ⅱ）,必修,4,8w,应用物理学
PHY0007,近代物理实验（一）,必修,3,48,应用物理学
PHY0008,近代物理实验（二）,必修,3,48,应用物理学
PHY0009,创新物理实验（一）,选修,3,48,应用物理学
PHY0010,创新物理实验（二）,选修,3,48,应用物理学
PHY0021,相对论天体物理,选修,3,48,应用物理学
PHY0031,引力波物理,选修,3,48,应用物理学
PHY0041,等离子体天体物理,选修,3,48,应用物理学
PHY0051,天文观测与数据处理,选修,3,48,应用物理学
PHY0061,天体物理辐射过程,选修,3,48,应用物理学
PHY0071,生物物理计算方法,选修,4,64,应用物理学
PHY0091,量子信息和量子计算,选修,4,64,应用物理学
PHY0101,大学生科研训练导论,必修,2,32,应用物理学
PHY0111,聚变等离子体物理,选修,3,48,应用物理学
PHY0121,原子干涉仪及其应用,选修,2,32,应用物理学
PHY0572,综合物理实验,必修,4,64,应用物理学
PHY0583,电磁学,必修,4,64,应用物理学
PHY0593,光学,必修,4,64,应用物理学
PHY0602,基础物理实验（二）,必修,4,64,应用物理学
PHY0612,基础物理实验（一）,必修,3,48,应用物理学
PHY0633,力学,必修,4,64,应用物理学
PHY0641,热学,必修,3,48,应用物理学
PHY0662,数学物理方法基础,必修,3.5,56,应用物理学
PHY0671,物理学史,必修,1.5,24,应用物理学
PHY0681,误差分析与数据处理,必修,2,32,应用物理学
PHY0691,原子物理,必修,3,48,应用物理学
PHY0711,复变函数,必修,3,48,应用物理学
PHY0721,数学物理方程,必修,3.5,56,应用物理学
PHY2012,电动力学,必修,4,72,应用物理学
PHY2021,固体物理（一）,必修,4,64,应用物理学
PHY2042,理论力学,必修,4,72,应用物理学
PHY2052,量子力学,必修,4,72,应用物理学
PHY2062,热力学与统计物理,必修,4,72,应用物理学
PHY3511,毕业论文,必修,10,20w,应用物理学
PHY5011,等离子体物理导论,选修,3,48,应用物理学
PHY5021,地球物理导论,选修,3,48,应用物理学
PHY5031,高等电动力学,选修,4,64,应用物理学
PHY5041,高等量子力学,选修,4,64,应用物理学
PHY5051,高等统计物理,选修,4,64,应用物理学
PHY5061,固体物理（二）,选修,3,48,应用物理学
PHY5071,广义相对论与宇宙学,选修,3,48,应用物理学
PHY5082,核物理与粒子物理,选修,4,64,应用物理学
PHY5091,激光物理,选修,3,48,应用物理学
PHY5101,计算物理,必修,3,48,应用物理学
PHY5111,精密测量物理前沿导论,选修,3,48,应用物理学
PHY5121,生物物理学导论,选修,3,48,应用物理学
PHY5131,天体物理导论,选修,3,48,应用物理学
PHY5221,卫星重力学,选修,3,48,应用物理学
PHY5231,生物物理实验方法,选修,3,48,应用物理学
PHY5251,量子频标原理,选修,2,32,应用物理学
PHY5281,宇宙学,选修,2,32,应用物理学
PHY5291,规范场论,选修,4,64,应用物理学
PHY5301,地球物理学基础,选修,3,48,应用物理学
PHY5311,等离子体动理学,选修,3,48,应用物理学
PHY5322,量子测量学,选修,3,48,应用物理学
PHY5341,凝聚态理论,选修,4,64,应用物理学
PHY5351,高能天体物理,选修,3,48,应用物理学
PHY5361,广义相对论,选修,4,64,应用物理学
PHY5371,量子场论,选修,4,64,应用物理学
PHY5381,群论,选修,4,64,应用物理学
PHY5391,生物物理学,选修,4,64,应用物理学
PHY5401,材料物理学,选修,3,48,应用物理学
PHY5421,引力实验原理,选修,2,32,应用物理学
PHY5431,精密光谱学,选修,3,48,应用物理学
PHY5451,激光冷却原理,选修,2,32,应用物理学
PHY5471,微弱信号检测,选修,2,32,应用物理学
PHY5491,非线性光学,选修,3,48,应用物理学
PHY5501,微纳光学,选修,3,48,应用物理学
PHY5521,地球动力学,选修,3,48,应用物理学
PHY5531,地震学,选修,3,48,应用物理学
PHY5551,精密测量技术基础,选修,2,32,应用物理学
PHY5561,超快光学,选修,2,32,应用物理学
PHY5571,量子光学,选修,4,64,应用物理学
PHY5602,现代数理方法,选修,4,72,应用物理学
SFL0004,综合英语（一）,必修,2.5,40,应用物理学
SFL0014,综合英语（二）,必修,2.5,40,应用物理学
AUP0001,美丽中国-人居环境科学导论,必修,1.5,24,建筑学
AUP0003,批判性思维,必修,1,16,建筑学
AUP0004,计算性设计基础,必修,3,48,建筑学
AUP0005,建筑环境智能,选修,1.5,24,建筑学
AUP0006,居住研究与设计,必修,3.5,56,建筑学
AUP0012,艺术与视知觉（一）,必修,3,48,建筑学
AUP0017,艺术与视知觉（二）,必修,1.5,24,建筑学
AUP0028,艺术与视知觉（三）,必修,1.5,24,建筑学
AUP0029,艺术与视知觉实习,必修,1,2w,建筑学
AUP0033,未来人居与人因设计,选修,1,16,建筑学
AUP0045,毕业设计（论文）,必修,8,16w,建筑学
AUP0047,居住建筑设计原理,选修,1.5,24,建筑学
AUP0201,数字景观技术,选修,1.5,24,建筑学
AUP0261,工程数学,必修,3,48,建筑学
AUP0271,建筑材料与构造,必修,3,48,建筑学
AUP0281,建筑设备,必修,2,32,建筑学
AUP0291,健康建筑原理与设计,选修,1,16,建筑学
AUP0301,健康社区规划与设计,选修,1.5,24,建筑学
AUP0311,全龄友好型建筑设计,选修,1.5,24,建筑学
AUP0321,数智城市设计（一）（理论）,选修,1,16,建筑学
AUP0331,数智城市设计（二）（实践）,选修,3,48,建筑学
AUP0341,智慧建筑与智慧城市（一）（理论）,选修,1,16,建筑学
AUP0351,智慧建筑与智慧城市（二）（实践）,选修,3,48,建筑学
AUP0361,数字空间信息,选修,1,16,建筑学
AUP0371,城市设计计算性分析技术,选修,1,16,建筑学
AUP0381,人居环境计算性优化设计,选修,1,16,建筑学
AUP0512,测量与地图学,选修,1.5,24,建筑学
AUP0551,场地设计,必修,1.5,24,建筑学
AUP0601,城市规划原理,选修,1.5,24,建筑学
AUP0611,城市经济学,选修,1.5,24,建筑学
AUP0621,城乡生态与环境规划,选修,1.5,24,建筑学
AUP0741,画法几何与建筑图学,必修,2,32,建筑学
AUP0791,建筑安全学与法规,选修,1.5,24,建筑学
AUP0891,建筑设计（二）（上）,必修,7,112,建筑学
AUP0901,建筑设计（二）（下）,必修,7,112,建筑学
AUP0911,建筑设计（一）(上),必修,8,128,建筑学
AUP0921,建筑设计（一）(下),必修,8,128,建筑学
AUP0931,建筑设计初步,必修,8,128,建筑学
AUP1111,社会调查研究方法,选修,1.5,24,建筑学
AUP1132,设计初步,必修,5,80,建筑学
AUP1432,专业英语,选修,1,16,建筑学
AUP1641,设计创新思维,必修,1,16,建筑学
AUP1761,建筑物理环境（一）（热）,必修,1.5,24,建筑学
AUP1771,建筑物理环境（二）（光）,必修,1.5,24,建筑学
AUP1781,建筑物理环境（三）（声）,必修,1.5,24,建筑学
AUP1801,环境行为研究,必修,1.5,24,建筑学
AUP1952,生态修复理论,选修,1.5,24,建筑学
AUP1981,图式思维与设计表达,必修,1.5,24,建筑学
AUP2311,建筑师业务基础,必修,1,16,建筑学
AUP2552,专题研究设计,必修,3.5,56,建筑学
AUP3001,外国古代建筑史,必修,2,32,建筑学
AUP3011,历史建筑测绘与遗产保护（理论）,必修,1,16,建筑学
AUP3021,外国近现代建筑史,必修,2,32,建筑学
AUP3031,城市研究与设计,必修,3.5,56,建筑学
AUP3041,城市综合体设计,必修,3.5,56,建筑学
AUP3931,历史建筑测绘与遗产保护（实习）,必修,1.5,3w,建筑学
AUP3941,建筑师业务实践,必修,6,12w,建筑学
AUP5051,城市住房与社区规划,选修,1.5,24,建筑学
AUP5181,城乡历史文化保护与城市更新,选修,1.5,24,建筑学
AUP5201,当代建筑作品解析,选修,1.5,24,建筑学
AUP5382,绿色建筑性能与模拟,选修,1,16,建筑学
AUP5541,营造十讲,选修,1.5,24,建筑学
AUP5561,中国古代建筑史,必修,2,32,建筑学
AUP5581,中外城市规划与建设史,选修,2.5,40,建筑学
AUP5872,建筑创新实践（一）（联合设计/建造工作营）,选修,3,48,建筑学
AUP5882,建筑创新实践（二）（Studio）,选修,3,48,建筑学
AUP5891,大数据导论,选修,1,16,建筑学
AUP5911,机器学习,选修,3,48,建筑学
AUP6041,文化遗产保护（一）（理论）,选修,1,16,建筑学
AUP6051,文化遗产保护（二）（实践）,选修,3,48,建筑学
AUP6101,绿色建筑（一）（技术综合）,选修,1,16,建筑学
AUP6111,绿色建筑（二）（策划与实施）,选修,3,48,建筑学
AUP6141,建成环境的意义与设计表达,选修,1,16,建筑学
AUP6151,绿色建筑基础,选修,1,16,建筑学
AUP6171,中国近现代建筑史,选修,1,16,建筑学
AUP6181,乡土建筑研究专题,选修,1,16,建筑学
AUP6201,城市形态与气候,选修,1,16,建筑学
AUP6231,当代建筑思潮,选修,1.5,24,建筑学
AUP6251,图形算法,选修,2,32,建筑学
AUP6261,数字建造,选修,2,32,建筑学
AUP6271,计算性工具开发,选修,2,32,建筑学
CEM0661,建筑力学,必修,2,32,建筑学
CEM0691,建筑结构,必修,2,32,建筑学
CHI0001,中国语文,必修,2,32,建筑学
EIC0008,人工智能概论（B）,必修,2,32,建筑学
ESE5131,环境保护与可持续发展,选修,1.5,24,建筑学
MAX0013,马克思主义基本原理,必修,2.5,40,建筑学
MAX0022,思想道德与法治,必修,2.5,40,建筑学
MAX0033,形势与政策（1-8学期）,必修,2,64,建筑学
MAX0042,中国近现代史纲要,必修,2.5,40,建筑学
MAX0064,毛泽东思想和中国特色社会主义理论体系概论,必修,2.5,40,建筑学
MAX0072,习近平新时代中国特色社会主义思想概论,必修,3,48,建筑学
NCC0051,计算机及程序设计基础（Python）,选修,3,48,建筑学
PHE0003,大学体育（一）（1-2学期）,必修,1.8,60,建筑学
PHE0013,大学体育（二）（3-4学期）,必修,1.8,60,建筑学
PHE0023,大学体育（三）（5-6学期）,必修,0.4,24,建筑学
SCHE2021,结构选型,必修,2,32,建筑学
SFL0004,综合英语（一）,必修,2.5,40,建筑学
SFL0014,综合英语（二）,必修,2.5,40,建筑学
AE0056,工程力学（一）,必修,2,32,建筑环境与能源应用工程
CEM2272,工程经济学,必修,1.5,24,建筑环境与能源应用工程
CEM6121,建设工程法规,选修,1,16,建筑环境与能源应用工程
CHE0532,工程化学,必修,2,32,建筑环境与能源应用工程
CHE0852,工程化学实验,必修,0.5,16,建筑环境与能源应用工程
CHI0001,中国语文,必修,2,32,建筑环境与能源应用工程
EEE0531,电工电子学（三）,必修,3,48,建筑环境与能源应用工程
EIC0008,人工智能概论（B）,必修,2,32,建筑环境与能源应用工程
ENG3561,工程训练（六）,必修,1,2w,建筑环境与能源应用工程
ESE0000,环境物联网技术,必修,1,16,建筑环境与能源应用工程
ESE0001,生态中国,必修,1,16,建筑环境与能源应用工程
ESE0009,土建工程基础,选修,1.0,16,建筑环境与能源应用工程
ESE0010,碳核算方法与应用（双语）,选修,1.5,24,建筑环境与能源应用工程
ESE0012,环境问题观察,必修,1,2w,建筑环境与能源应用工程
ESE0013,生物化学,选修,1.0,16,建筑环境与能源应用工程
ESE0014,气候变化,选修,1.0,16,建筑环境与能源应用工程
ESE0015,环境健康,选修,1.0,16,建筑环境与能源应用工程
ESE0016,环境模型分析与设计,选修,1.0,16,建筑环境与能源应用工程
ESE0017,建筑环境模拟技术（一）,必修,1,16,建筑环境与能源应用工程
ESE0018,智慧环境创新创业,必修,2,32,建筑环境与能源应用工程
ESE0022,环境信息技术,选修,1.5,24,建筑环境与能源应用工程
ESE0038,工程创新实践,必修,2,4w,建筑环境与能源应用工程
ESE0043,水工程经济学与法规,选修,1.5,24,建筑环境与能源应用工程
ESE0044,流体力学（二）,必修,3.5,56,建筑环境与能源应用工程
ESE0045,建筑概论,必修,1,16,建筑环境与能源应用工程
ESE0046,传热学,必修,3.5,56,建筑环境与能源应用工程
ESE0047,工程经济学,必修,1,16,建筑环境与能源应用工程
ESE0048,建筑环境测试技术,必修,1.5,24,建筑环境与能源应用工程
ESE0049,燃气燃烧理论与应用,必修,1.5,24,建筑环境与能源应用工程
ESE0050,供热工程,必修,1.5,24,建筑环境与能源应用工程
ESE0052,通风工程,必修,1.5,24,建筑环境与能源应用工程
ESE0055,建筑环境模拟技术（二）,选修,1,16,建筑环境与能源应用工程
ESE0057,建筑环境与能源综合实验（二）,必修,1,16,建筑环境与能源应用工程
ESE0058,建筑环境与能源综合实验（三）,必修,1,16,建筑环境与能源应用工程
ESE0059,生产实习,必修,2,3w,建筑环境与能源应用工程
ESE0063,燃气输配课程设计,必修,2,2w,建筑环境与能源应用工程
ESE0064,供热工程课程设计,必修,2,2w,建筑环境与能源应用工程
ESE0065,空调工程课程设计,必修,2,2w,建筑环境与能源应用工程
ESE0066,智能建筑（建筑自动化）课程设计,必修,1,1w,建筑环境与能源应用工程
ESE0067,燃气燃烧与应用课程设计,必修,1,1w,建筑环境与能源应用工程
ESE0069,毕业设计（论文）,必修,10,15w,建筑环境与能源应用工程
ESE0071,建环人工智能应用,选修,1,16,建筑环境与能源应用工程
ESE0073,建筑低碳与可再生能源,必修,1.5,24,建筑环境与能源应用工程
ESE0074,建筑电气,选修,1,16,建筑环境与能源应用工程
ESE0075,零碳建筑与全生命周期评估,选修,1,16,建筑环境与能源应用工程
ESE0077,专业英语（建筑环境与能源应用工程）,选修,1.5,24,建筑环境与能源应用工程
ESE0078,环境生物及生物技术,选修,2.0,32,建筑环境与能源应用工程
ESE0079,环境问题观察（二）,必修,2.0,3,建筑环境与能源应用工程
ESE0121,企业安环与节能减排,选修,1.0,16,建筑环境与能源应用工程
ESE0581,环境工程微生物学,选修,2,32,建筑环境与能源应用工程
ESE0602,物理化学,选修,2.0,32,建筑环境与能源应用工程
ESE0681,自动控制原理,必修,2.5,40,建筑环境与能源应用工程
ESE0702,环境与建筑工程制图基础,必修,2,32,建筑环境与能源应用工程
ESE2121,建筑环境学,必修,2,32,建筑环境与能源应用工程
ESE2141,建筑环境与能源综合实验（一）,必修,0.5,16,建筑环境与能源应用工程
ESE2161,建筑自动化,必修,2,32,建筑环境与能源应用工程
ESE2171,空调工程,必修,2,32,建筑环境与能源应用工程
ESE2212,燃气供应,必修,2,32,建筑环境与能源应用工程
ESE2311,工程热力学,必修,3.5,56,建筑环境与能源应用工程
ESE2361,水系统智能化技术,必修,1.5,24,建筑环境与能源应用工程
ESE2411,流体输配管网,必修,1.5,24,建筑环境与能源应用工程
ESE2431,热质交换理论与设备,必修,2,32,建筑环境与能源应用工程
ESE3661,认知实习,必修,0.5,1w,建筑环境与能源应用工程
ESE3671,生产实习,必修,2.0,4,建筑环境与能源应用工程
ESE5011,环境保护与可持续性发展概论,选修,1,16,建筑环境与能源应用工程
ESE5042,城市天然气工程,选修,1,16,建筑环境与能源应用工程
ESE5051,废水处理新技术,选修,1.5,24,建筑环境与能源应用工程
ESE5081,给排水新技术,选修,1.5,24,建筑环境与能源应用工程
ESE5091,工程项目管理,必修,1,16,建筑环境与能源应用工程
ESE5122,环境保护法规,选修,1.5,24,建筑环境与能源应用工程
ESE5142,环境化学,选修,1.5,24,建筑环境与能源应用工程
ESE5151,环境经济学,选修,1.5,24,建筑环境与能源应用工程
ESE5161,环境生态学,选修,1.5,24,建筑环境与能源应用工程
ESE5191,环境系统工程,选修,1.5,24,建筑环境与能源应用工程
ESE5211,建筑给排水,选修,1.5,24,建筑环境与能源应用工程
ESE5261,膜科学与技术,选修,1.5,24,建筑环境与能源应用工程
ESE5311,环境工程施工,选修,1.5,24,建筑环境与能源应用工程
ESE5452,室内污染控制与洁净技术,选修,1,16,建筑环境与能源应用工程
ESE5541,水文与水文地质学,选修,2.0,32,建筑环境与能源应用工程
ESE5582,土壤与地下水修复技术与工程,选修,1.5,24,建筑环境与能源应用工程
ESE5601,污泥处理与资源化,选修,1.5,24,建筑环境与能源应用工程
ESE5641,仪器分析,选修,2.0,32,建筑环境与能源应用工程
ESE5662,有机化学,选修,2.0,32,建筑环境与能源应用工程
ESE5671,噪声控制工程,选修,1.5,24,建筑环境与能源应用工程
ESE5681,制冷技术,必修,2,32,建筑环境与能源应用工程
ESE5811,工程安全与防灾减灾,选修,1,16,建筑环境与能源应用工程
ESE5861,智能化水系统应用,选修,1.5,24,建筑环境与能源应用工程
ESE5871,智慧水务管理,选修,1.5,24,建筑环境与能源应用工程
ESE5891,建筑环境与能源应用工程前沿,选修,1.5,24,建筑环境与能源应用工程
ESE5901,工业废水处理及回用,选修,1.5,24,建筑环境与能源应用工程
MAT0021,微积分（B）（上）,必修,5.5,88,建筑环境与能源应用工程
MAT0031,微积分（B）（下）,必修,5.5,88,建筑环境与能源应用工程
MAT0121,线性代数（B）,必修,2.5,40,建筑环境与能源应用工程
MAT0131,概率论与数理统计（B）,必修,2.5,40,建筑环境与能源应用工程
MAX0013,马克思主义基本原理,必修,2.5,40,建筑环境与能源应用工程
MAX0022,思想道德与法治,必修,2.5,40,建筑环境与能源应用工程
MAX0033,形势与政策（1-8学期）,必修,2,64,建筑环境与能源应用工程
MAX0042,中国近现代史纲要,必修,2.5,40,建筑环境与能源应用工程
MAX0064,毛泽东思想和中国特色社会主义理论体系概论,必修,2.5,40,建筑环境与能源应用工程
MAX0072,习近平新时代中国特色社会主义思想概论,必修,3,48,建筑环境与能源应用工程
MESE0891,工程制图（一）,必修,2.5,40,建筑环境与能源应用工程
MESE0901,机械原理及零件,必修,3,48,建筑环境与能源应用工程
MESE3691,机械原理及零件课程设计,必修,1,2w,建筑环境与能源应用工程
MESE5361,计算机网络技术及应用,必修,2,32,建筑环境与能源应用工程
NCC0001,计算机及程序设计基础（C++),选修,3,48,建筑环境与能源应用工程
NCC0051,计算机及程序设计基础（Python）,必修,3,48,建筑环境与能源应用工程
PHE0003,大学体育（一）（1-2学期）,必修,1.8,60,建筑环境与能源应用工程
PHE0013,大学体育（二）（3-4学期）,必修,1.8,60,建筑环境与能源应用工程
PHE0023,大学体育（三）（5-6学期）,必修,0.4,24,建筑环境与能源应用工程
PHY0171,大学物理（A）（上）,必修,4,64,建筑环境与能源应用工程
PHY0181,大学物理（A）（下）,必修,4,64,建筑环境与能源应用工程
PHY0191,物理实验（上）,必修,2,32,建筑环境与能源应用工程
PHY0201,物理实验（下）,必修,1.5,24,建筑环境与能源应用工程
SFL0004,综合英语（一）,必修,2.5,40,建筑环境与能源应用工程
SFL0014,综合英语（二）,必修,2.5,40,建筑环境与能源应用工程
AUP0001,美丽中国-人居环境科学导论,选修,1.5,24,建筑类（智慧人居设计实验班）
AUP0003,批判性思维,必修,1,16,建筑类（智慧人居设计实验班）
AUP0004,计算性设计基础,必修,3,48,建筑类（智慧人居设计实验班）
AUP0005,建筑环境智能,选修,1.5,24,建筑类（智慧人居设计实验班）
AUP0006,居住研究与设计,必修,3.5,56,建筑类（智慧人居设计实验班）
AUP0007,开放设计,必修,3.5,56,建筑类（智慧人居设计实验班）
AUP0008,建筑设计（一）（下）（交互设计）,必修,8,128,建筑类（智慧人居设计实验班）
AUP0012,艺术与视知觉（一）,必修,3,48,建筑类（智慧人居设计实验班）
AUP0017,艺术与视知觉（二）,必修,1.5,24,建筑类（智慧人居设计实验班）
AUP0028,艺术与视知觉（三）,必修,1.5,24,建筑类（智慧人居设计实验班）
AUP0029,艺术与视知觉实习,必修,1,2w,建筑类（智慧人居设计实验班）
AUP0033,未来人居与人因设计,选修,1,16,建筑类（智慧人居设计实验班）
AUP0045,毕业设计（论文）,必修,8,16w,建筑类（智慧人居设计实验班）
AUP0047,居住建筑设计原理,选修,1.5,24,建筑类（智慧人居设计实验班）
AUP0201,数字景观技术,选修,1.5,24,建筑类（智慧人居设计实验班）
AUP0261,工程数学,必修,3,48,建筑类（智慧人居设计实验班）
AUP0271,建筑材料与构造,必修,3,48,建筑类（智慧人居设计实验班）
AUP0281,建筑设备,必修,2,32,建筑类（智慧人居设计实验班）
AUP0291,健康建筑原理与设计,选修,1,16,建筑类（智慧人居设计实验班）
AUP0301,健康社区规划与设计,选修,1.5,24,建筑类（智慧人居设计实验班）
AUP0311,全龄友好型建筑设计,选修,1.5,24,建筑类（智慧人居设计实验班）
AUP0321,数智城市设计（一）（理论）,选修,1,16,建筑类（智慧人居设计实验班）
AUP0331,数智城市设计（二）（实践）,选修,3,48,建筑类（智慧人居设计实验班）
AUP0341,智慧建筑与智慧城市（一）（理论）,选修,1,16,建筑类（智慧人居设计实验班）
AUP0351,智慧建筑与智慧城市（二）（实践）,选修,3,48,建筑类（智慧人居设计实验班）
AUP0361,数字空间信息,选修,1,16,建筑类（智慧人居设计实验班）
AUP0371,城市设计计算性分析技术,选修,1,16,建筑类（智慧人居设计实验班）
AUP0381,人居环境计算性优化设计,选修,1,16,建筑类（智慧人居设计实验班）
AUP0451,设计竞赛,必修,1,2w,建筑类（智慧人居设计实验班）
AUP0461,师生工作坊,必修,3,6w,建筑类（智慧人居设计实验班）
AUP0471,企业数字建筑实习,选修,1.5,3w,建筑类（智慧人居设计实验班）
AUP0551,场地设计,必修,1.5,24,建筑类（智慧人居设计实验班）
AUP0601,城市规划原理,选修,1.5,24,建筑类（智慧人居设计实验班）
AUP0611,城市经济学,选修,1.5,24,建筑类（智慧人居设计实验班）
AUP0621,城乡生态与环境规划,选修,1.5,24,建筑类（智慧人居设计实验班）
AUP0741,画法几何与建筑图学,选修,2,32,建筑类（智慧人居设计实验班）
AUP0891,建筑设计（二）（上）,必修,7,112,建筑类（智慧人居设计实验班）
AUP0901,建筑设计（二）（下）,必修,7,112,建筑类（智慧人居设计实验班）
AUP0911,建筑设计（一）(上),必修,8,128,建筑类（智慧人居设计实验班）
AUP0931,建筑设计初步,必修,8,128,建筑类（智慧人居设计实验班）
AUP1111,社会调查研究方法,选修,1.5,24,建筑类（智慧人居设计实验班）
AUP1132,设计初步,必修,5,80,建筑类（智慧人居设计实验班）
AUP1432,专业英语,选修,1,16,建筑类（智慧人居设计实验班）
AUP1641,设计创新思维,必修,1,16,建筑类（智慧人居设计实验班）
AUP1761,建筑物理环境（一）（热）,必修,1.5,24,建筑类（智慧人居设计实验班）
AUP1771,建筑物理环境（二）（光）,必修,1.5,24,建筑类（智慧人居设计实验班）
AUP1781,建筑物理环境（三）（声）,必修,1.5,24,建筑类（智慧人居设计实验班）
AUP1801,环境行为研究,必修,1.5,24,建筑类（智慧人居设计实验班）
AUP1981,图式思维与设计表达,选修,1.5,24,建筑类（智慧人居设计实验班）
AUP2311,建筑师业务基础,必修,1,16,建筑类（智慧人居设计实验班）
AUP3001,外国古代建筑史,必修,2,32,建筑类（智慧人居设计实验班）
AUP3011,历史建筑测绘与遗产保护（理论）,必修,1,16,建筑类（智慧人居设计实验班）
AUP3021,外国近现代建筑史,必修,2,32,建筑类（智慧人居设计实验班）
AUP3031,城市研究与设计,必修,3.5,56,建筑类（智慧人居设计实验班）
AUP3041,城市综合体设计,必修,3.5,56,建筑类（智慧人居设计实验班）
AUP3931,历史建筑测绘与遗产保护（实习）,必修,1.5,3w,建筑类（智慧人居设计实验班）
AUP3941,建筑师业务实践,必修,6,12w,建筑类（智慧人居设计实验班）
AUP5181,城乡历史文化保护与城市更新,选修,1.5,24,建筑类（智慧人居设计实验班）
AUP5201,当代建筑作品解析,选修,1.5,24,建筑类（智慧人居设计实验班）
AUP5382,绿色建筑性能与模拟,选修,1,16,建筑类（智慧人居设计实验班）
AUP5541,营造十讲,选修,1.5,24,建筑类（智慧人居设计实验班）
AUP5561,中国古代建筑史,必修,2,32,建筑类（智慧人居设计实验班）
AUP5581,中外城市规划与建设史,选修,2.5,40,建筑类（智慧人居设计实验班）
AUP5872,建筑创新实践（一）（联合设计/建造工作营）,选修,3,48,建筑类（智慧人居设计实验班）
AUP5882,建筑创新实践（二）（Studio）,选修,3,48,建筑类（智慧人居设计实验班）
AUP5891,大数据导论,选修,1,16,建筑类（智慧人居设计实验班）
AUP5911,机器学习,选修,3,48,建筑类（智慧人居设计实验班）
AUP6041,文化遗产保护（一）（理论）,选修,1,16,建筑类（智慧人居设计实验班）
AUP6051,文化遗产保护（二）（实践）,选修,3,48,建筑类（智慧人居设计实验班）
AUP6101,绿色建筑（一）（技术综合）,选修,1,16,建筑类（智慧人居设计实验班）
AUP6111,绿色建筑（二）（策划与实施）,选修,3,48,建筑类（智慧人居设计实验班）
AUP6171,中国近现代建筑史,选修,1,16,建筑类（智慧人居设计实验班）
AUP6181,乡土建筑研究专题,选修,1,16,建筑类（智慧人居设计实验班）
AUP6201,城市形态与气候,选修,1,16,建筑类（智慧人居设计实验班）
AUP6231,当代建筑思潮,选修,1.5,24,建筑类（智慧人居设计实验班）
AUP6251,图形算法,必修,2,32,建筑类（智慧人居设计实验班）
AUP6261,数字建造,必修,2,32,建筑类（智慧人居设计实验班）
AUP6271,计算性工具开发,必修,2,32,建筑类（智慧人居设计实验班）
CEM0661,建筑力学,选修,2,32,建筑类（智慧人居设计实验班）
CEM0691,建筑结构,必修,2,32,建筑类（智慧人居设计实验班）
CHI0001,中国语文,必修,2,32,建筑类（智慧人居设计实验班）
EIC0008,人工智能概论（B）,必修,2,32,建筑类（智慧人居设计实验班）
ESE5131,环境保护与可持续发展,选修,1.5,24,建筑类（智慧人居设计实验班）
MAX0013,马克思主义基本原理,必修,2.5,40,建筑类（智慧人居设计实验班）
MAX0022,思想道德与法治,必修,2.5,40,建筑类（智慧人居设计实验班）
MAX0033,形势与政策（1-8学期）,必修,2,64,建筑类（智慧人居设计实验班）
MAX0042,中国近现代史纲要,必修,2.5,40,建筑类（智慧人居设计实验班）
MAX0064,毛泽东思想和中国特色社会主义理论体系概论,必修,2.5,40,建筑类（智慧人居设计实验班）
MAX0072,习近平新时代中国特色社会主义思想概论,必修,3,48,建筑类（智慧人居设计实验班）
NCC0051,计算机及程序设计基础（Python）,必修,3,48,建筑类（智慧人居设计实验班）
PHE0003,大学体育（一）（1-2学期）,必修,1.8,60,建筑类（智慧人居设计实验班）
PHE0013,大学体育（二）（3-4学期）,必修,1.8,60,建筑类（智慧人居设计实验班）
PHE0023,大学体育（三）（5-6学期）,必修,0.4,24,建筑类（智慧人居设计实验班）
SCHE2021,结构选型,选修,2,32,建筑类（智慧人居设计实验班）
SFL0004,综合英语（一）,必修,2.5,40,建筑类（智慧人居设计实验班）
SFL0014,综合英语（二）,必修,2.5,40,建筑类（智慧人居设计实验班）
CHI0001,中国语文,必修,2,32,德语
MAT0051,微积分（D）,必修,4,64,德语
MAT0121,线性代数（B）,选修,2.5,40,德语
MAT0131,概率论与数理统计（B）,选修,2.5,40,德语
MAX0013,马克思主义基本原理,必修,2.5,40,德语
MAX0022,思想道德与法治,必修,2.5,40,德语
MAX0033,形势与政策（1-8学期）,必修,2,64,德语
MAX0042,中国近现代史纲要,必修,2.5,40,德语
MAX0064,毛泽东思想和中国特色社会主义理论体系概论,必修,2.5,40,德语
MAX0072,习近平新时代中国特色社会主义思想概论,必修,3,48,德语
NCC0051,计算机及程序设计基础（Python）,必修,3,48,德语
PHE0003,大学体育（一）（1-2学期）,必修,1.8,60,德语
PHE0013,大学体育（二）（3-4学期）,必修,1.8,60,德语
PHE0023,大学体育（三）（5-6学期）,必修,0.4,24,德语
SFL0000,理解当代中国德语演讲,必修,2,32,德语
SFL0004,综合英语（一）,必修,2.5,40,德语
SFL0014,综合英语（二）,必修,2.5,40,德语
SFL0016,德语阅读（一）,必修,2,32,德语
SFL0017,综合德语（一）,必修,6,96,德语
SFL0018,德语综合练习（一）,必修,6,96,德语
SFL0311,德语国家概况,选修,2,32,德语
SFL0321,德语国家简史,选修,2,32,德语
SFL0331,中外文化比较,选修,2,32,德语
SFL0351,中外语言对比,选修,2,32,德语
SFL0541,德语实用语法,必修,2,32,德语
SFL0551,德语听力（二）,必修,2,32,德语
SFL0563,德语听力（一）,必修,2,32,德语
SFL0571,德语阅读（二）,必修,2,32,德语
SFL0592,德语综合练习（二）,必修,4,64,德语
SFL0602,德语综合练习（三）,必修,4,64,德语
SFL0712,高级德语（二）,必修,6,96,德语
SFL0742,高级德语（一）,必修,6,96,德语
SFL0871,综合德语（二）,必修,4,64,德语
SFL1361,中国文化概要,选修,2,32,德语
SFL2011,德汉文学翻译,必修,2,32,德语
SFL2021,德语名著选读（二）,必修,4,64,德语
SFL2031,德语名著选读（一）,必修,4,64,德语
SFL2041,德语写作（二）,必修,2,32,德语
SFL2051,德语写作（一）,必修,2,32,德语
SFL2331,语言学导论,选修,2,32,德语
SFL2441,德国语言文化导读（二）,必修,2,32,德语
SFL2451,德国语言文化导读（一）,必修,2,32,德语
SFL2481,翻译与文化传播,选修,2,32,德语
SFL2621,德语诗歌鉴赏,选修,2,32,德语
SFL2981,外语批判性思维读写,选修,2,32,德语
SFL3201,语言与心智,选修,3,48,德语
SFL3291,计算语言学与应用,选修,2,32,德语
SFL3301,信息技术与语言本地化,选修,2,32,德语
SFL3471,语料库与数据挖掘,选修,3,48,德语
SFL3481,德语综合练习（四）,必修,4,64,德语
SFL3491,德语口语（一）,必修,3,48,德语
SFL3501,德语口语（二）,必修,3,48,德语
SFL3521,毕业设计（论文）,必修,8,16w,德语
SFL3581,专业实习,必修,2,4w,德语
SFL3601,德语学术写作,必修,1,2w,德语
SFL3901,信息技术与语言服务,必修,2,4w,德语
SFL5021,词汇学,选修,2,32,德语
SFL5031,德国经济,选修,2,32,德语
SFL5062,德国思想经典,选修,2,32,德语
SFL5071,德国文化史,选修,2,32,德语
SFL5081,德国政治,选修,2,32,德语
SFL5091,德语简史,选修,2,32,德语
SFL5101,德语名著选读（三）,选修,4,64,德语
SFL5111,德语文学简史,选修,2,32,德语
SFL5121,德语文学评论,选修,2,32,德语
SFL5301,汉德文学翻译,必修,2,32,德语
SFL5311,高级听力,选修,2,32,德语
SFL5321,高级口译,选修,2,32,德语
SFL5351,科技阅读,选修,2,32,德语
SFL5371,跨文化交际,选修,2,32,德语
SFL5621,中国文化翻译,选修,2,32,德语
SFL5731,商务德语,选修,2,32,德语
SFL5791,中德文学交流史,选修,2,32,德语
SFL5901,高级口语,选修,2,32,德语
SFL6031,德国社会与文化,选修,2,32,德语
SOD0000,人工智能概论（C）,必修,2,32,德语
SSE0101,自然语言处理,选修,2,32,德语
SSE0161,人工智能导论,选修,1.5,24,德语
SSE5672,机器学习导论,选修,3,48,德语
BIO0786,细胞生物学,必修,2.5,48,护理学
BMS0000,生物化学与分子生物学,必修,3,58,护理学
BMS0518,系统解剖学,必修,3.5,80,护理学
BMS0533,病理生理学,必修,3,48,护理学
BMS0545,病理学,必修,2.5,56,护理学
BMS0552,病原生物学,必修,2.5,48,护理学
BMS0565,组织学与胚胎学,必修,2,32,护理学
BMS0586,药理学,必修,2,36,护理学
BMS0683,机能实验2,必修,0.5,16,护理学
BMS0746,生理学,必修,2,32,护理学
BMS0806,医学免疫学,必修,2,36,护理学
CHE0721,基础化学（一）,必修,4.5,72,护理学
CHE0802,有机化学,必修,3.5,56,护理学
CHI0001,中国语文,必修,2,32,护理学
GEC3721,康复护理学（公选课）,选修,1.5,24,护理学
GEC4331,中医护理学（公选课）,选修,1.5,24,护理学
MAX0013,马克思主义基本原理,必修,2.5,40,护理学
MAX0022,思想道德与法治,必修,2.5,40,护理学
MAX0033,形势与政策（1-8学期）,必修,2,64,护理学
MAX0042,中国近现代史纲要,必修,2.5,40,护理学
MAX0064,毛泽东思想和中国特色社会主义理论体系概论,必修,2.5,40,护理学
MAX0072,习近平新时代中国特色社会主义思想概论,必修,3,48,护理学
MHM0692,医学伦理学,必修,1.5,24,护理学
NCC0051,计算机及程序设计基础（Python）,必修,3,48,护理学
NUR0000,毕业设计（论文）（7-8学期）,必修,2,4w,护理学
NUR0011,护士人文修养,必修,1.5,24,护理学
NUR0021,专科护理实习（7-8学期）,必修,1,2w,护理学
NUR0511,护理管理,必修,1.5,24,护理学
NUR0521,护理教育,必修,1.5,24,护理学
NUR0531,护理科研,必修,1.5,24,护理学
NUR0541,护理学导论,必修,1.5,24,护理学
NUR0551,护理学基础（一）,必修,5,104,护理学
NUR0561,护理学基础（二）,必修,3.5,72,护理学
NUR0571,健康评估,必修,5,104,护理学
NUR2021,儿科护理学,必修,4,72,护理学
NUR2031,妇产科护理学,必修,4,72,护理学
NUR2041,急救护理学,必修,1.5,32,护理学
NUR2051,精神科护理学,必修,1.5,24,护理学
NUR2071,老年护理学,必修,1.5,24,护理学
NUR2081,内科护理学,必修,8,144,护理学
NUR2101,社区护理学,必修,1.5,24,护理学
NUR2111,外科护理学,必修,7.5,144,护理学
NUR3541,儿科护理实习（7-8学期）,必修,3,6w,护理学
NUR3551,妇产科护理实习（7-8学期）,必修,3,6w,护理学
NUR3571,护理学基础见习,必修,1,2w,护理学
NUR3581,精神科护理实习,必修,1,2w,护理学
NUR3591,内科护理实习（7-8学期）,必修,6,12w,护理学
NUR3602,社区护理实习,必修,1,2w,护理学
NUR3611,外科护理实习（7-8学期）,必修,6,12w,护理学
PHE0003,大学体育（一）（1-2学期）,必修,1.8,60,护理学
PHE0013,大学体育（二）（3-4学期）,必修,1.8,60,护理学
PHE0023,大学体育（三）（5-6学期）,必修,0.4,24,护理学
PUH0531,临床营养学,必修,1.5,24,护理学
PUH0592,医学心理学,必修,1.5,24,护理学
SFL0004,综合英语（一）,必修,2.5,40,护理学
SFL0014,综合英语（二）,必修,2.5,40,护理学
SOD0000,人工智能概论（C）,必修,2,32,护理学
BIO0786,细胞生物学,必修,2.5,48,护理学（英语班）
BMS0000,生物化学与分子生物学,必修,3,58,护理学（英语班）
BMS0518,系统解剖学,必修,3.5,80,护理学（英语班）
BMS0533,病理生理学,必修,3,48,护理学（英语班）
BMS0545,病理学,必修,2.5,56,护理学（英语班）
BMS0552,病原生物学,必修,2.5,48,护理学（英语班）
BMS0565,组织学与胚胎学,必修,2,32,护理学（英语班）
BMS0586,药理学,必修,2,36,护理学（英语班）
BMS0683,机能实验2,必修,0.5,16,护理学（英语班）
BMS0746,生理学,必修,2,32,护理学（英语班）
BMS0806,医学免疫学,必修,2,36,护理学（英语班）
CHE0721,基础化学（一）,必修,4.5,72,护理学（英语班）
CHE0802,有机化学,必修,3.5,56,护理学（英语班）
CHI0001,中国语文,必修,2,32,护理学（英语班）
CLF0551,健康评估,必修,5,104,护理学（英语班）
GEC3721,康复护理学（公选课）,选修,1.5,24,护理学（英语班）
GEC4331,中医护理学（公选课）,选修,1.5,24,护理学（英语班）
MAX0013,马克思主义基本原理,必修,2.5,40,护理学（英语班）
MAX0022,思想道德与法治,必修,2.5,40,护理学（英语班）
MAX0033,形势与政策（1-8学期）,必修,2,64,护理学（英语班）
MAX0042,中国近现代史纲要,必修,2.5,40,护理学（英语班）
MAX0064,毛泽东思想和中国特色社会主义理论体系概论,必修,2.5,40,护理学（英语班）
MAX0072,习近平新时代中国特色社会主义思想概论,必修,3,48,护理学（英语班）
MHM0692,医学伦理学,必修,1.5,24,护理学（英语班）
NCC0051,计算机及程序设计基础（Python）,必修,3,48,护理学（英语班）
NUR0000,毕业设计（论文）（7-8学期）,必修,2,4w,护理学（英语班）
NUR0011,护士人文修养,必修,1.5,24,护理学（英语班）
NUR0021,专科护理实习（7-8学期）,必修,1,2w,护理学（英语班）
NUR0511,护理管理,必修,1.5,24,护理学（英语班）
NUR0521,护理教育,必修,1.5,24,护理学（英语班）
NUR0531,护理科研,必修,1.5,24,护理学（英语班）
NUR0541,护理学导论,必修,1.5,24,护理学（英语班）
NUR0551,护理学基础（一）,必修,5,104,护理学（英语班）
NUR0561,护理学基础（二）,必修,3.5,72,护理学（英语班）
NUR2021,儿科护理学,必修,4,72,护理学（英语班）
NUR2031,妇产科护理学,必修,4,72,护理学（英语班）
NUR2041,急救护理学,必修,1.5,32,护理学（英语班）
NUR2051,精神科护理学,必修,1.5,24,护理学（英语班）
NUR2071,老年护理学,必修,1.5,24,护理学（英语班）
NUR2081,内科护理学,必修,8,144,护理学（英语班）
NUR2101,社区护理学,必修,1.5,24,护理学（英语班）
NUR2111,外科护理学,必修,7.5,144,护理学（英语班）
NUR3541,儿科护理实习（7-8学期）,必修,3,6w,护理学（英语班）
NUR3551,妇产科护理实习（7-8学期）,必修,3,6w,护理学（英语班）
NUR3571,护理学基础见习,必修,1,2w,护理学（英语班）
NUR3581,精神科护理实习,必修,1,2w,护理学（英语班）
NUR3591,内科护理实习（7-8学期）,必修,6,12w,护理学（英语班）
NUR3602,社区护理实习,必修,1,2w,护理学（英语班）
NUR3611,外科护理实习（7-8学期）,必修,6,12w,护理学（英语班）
PHE0003,大学体育（一）（1-2学期）,必修,1.8,60,护理学（英语班）
PHE0013,大学体育（二）（3-4学期）,必修,1.8,60,护理学（英语班）
PHE0023,大学体育（三）（5-6学期）,必修,0.4,24,护理学（英语班）
PUH0531,临床营养学,必修,1.5,24,护理学（英语班）
PUH0592,医学心理学,必修,1.5,24,护理学（英语班）
SFL0004,综合英语（一）,必修,2.5,40,护理学（英语班）
SFL0014,综合英语（二）,必修,2.5,40,护理学（英语班）
SOD0000,人工智能概论（C）,必修,2,32,护理学（英语班）
CHI0001,中国语文,必修,2,32,播音与主持艺术
ECN0572,经济学原理,必修,2,32,播音与主持艺术
JOU0000,经典阅读导引,必修,1,16,播音与主持艺术
JOU0003,国际新闻传播,必修,2,32,播音与主持艺术
JOU0008,影视画面与拍摄,选修,3,48,播音与主持艺术
JOU0014,融媒体节目主持,必修,3,48,播音与主持艺术
JOU0024,视听编辑制作,选修,3,48,播音与主持艺术
JOU0027,即兴口语表达,必修,4,64,播音与主持艺术
JOU0028,音频节目播音与主持,必修,4,64,播音与主持艺术
JOU0035,专业实习,必修,10,12w,播音与主持艺术
JOU0037,短视频新闻,选修,2,32,播音与主持艺术
JOU0039,人工智能辅助视听内容创作,选修,2,32,播音与主持艺术
JOU0040,融媒体视频案例研究,选修,2,32,播音与主持艺术
JOU0042,数智视听工作坊,选修,2,32,播音与主持艺术
JOU0048,短视频专题报道,选修,3,48,播音与主持艺术
JOU0049,融媒体主持艺术导论,必修,1,16,播音与主持艺术
JOU0511,播音与主持艺术导论,必修,1,16,播音与主持艺术
JOU0521,传播学研究方法,必修,3,48,播音与主持艺术
JOU0531,传播学原理,必修,2.5,40,播音与主持艺术
JOU0581,品牌传播概论,必修,2,32,播音与主持艺术
JOU0612,新闻传播伦理与法制,必修,2,32,播音与主持艺术
JOU0621,新闻学原理,必修,2.5,40,播音与主持艺术
JOU0631,学术规范与论文写作,必修,1,16,播音与主持艺术
JOU0651,视听传播概论,必修,2,32,播音与主持艺术
JOU0671,马克思主义新闻观,必修,2,32,播音与主持艺术
JOU0701,中外新闻传播史,必修,2.5,40,播音与主持艺术
JOU2021,播音创作与表达,必修,1,16,播音与主持艺术
JOU2031,播音创作与表达实训,必修,4,64,播音与主持艺术
JOU2041,传播心理学,必修,2,32,播音与主持艺术
JOU2131,广播电视评论,选修,2.5,40,播音与主持艺术
JOU2221,普通话语音与发声基础,必修,1,16,播音与主持艺术
JOU2251,视听新媒体导论,选修,2,32,播音与主持艺术
JOU2451,语音与发声训练,必修,4,64,播音与主持艺术
JOU2481,视听节目编导,选修,3,48,播音与主持艺术
JOU3511,毕业设计（论文）,必修,8,16w,播音与主持艺术
JOU3522,认知实习,必修,1,4w,播音与主持艺术
JOU5681,视听文稿写作,选修,2,32,播音与主持艺术
MAX0013,马克思主义基本原理,必修,2.5,40,播音与主持艺术
MAX0022,思想道德与法治,必修,2.5,40,播音与主持艺术
MAX0033,形势与政策（1-8学期）,必修,2,64,播音与主持艺术
MAX0042,中国近现代史纲要,必修,2.5,40,播音与主持艺术
MAX0064,毛泽东思想和中国特色社会主义理论体系概论,必修,2.5,40,播音与主持艺术
MAX0072,习近平新时代中国特色社会主义思想概论,必修,3,48,播音与主持艺术
PHE0003,大学体育（一）（1-2学期）,必修,1.8,60,播音与主持艺术
PHE0013,大学体育（二）（3-4学期）,必修,1.8,60,播音与主持艺术
PHE0023,大学体育（三）（5-6学期）,必修,0.4,24,播音与主持艺术
PHI0521,哲学导论,必修,3,48,播音与主持艺术
PUBA0512,政治学原理,必修,2,32,播音与主持艺术
SFL0004,综合英语（一）,必修,2.5,40,播音与主持艺术
SFL0014,综合英语（二）,必修,2.5,40,播音与主持艺术
SOC0571,社会学概论,必修,2,32,播音与主持艺术
SOD0000,人工智能概论（C）,必修,2,32,播音与主持艺术
AUP0001,美丽中国-人居环境科学导论,必修,1.5,24,数字媒体艺术
AUP0002,艺术策展,必修,3,48,数字媒体艺术
AUP0161,动效设计,必修,3.5,56,数字媒体艺术
AUP0171,数字艺术语言与形态设计,必修,3.5,56,数字媒体艺术
AUP0181,交互艺术技术基础,必修,3.5,56,数字媒体艺术
AUP0191,媒介场景设计,选修,1.5,24,数字媒体艺术
AUP0221,印染艺术实践,选修,2,32,数字媒体艺术
AUP0231,纸纤维艺术实践,选修,1.5,24,数字媒体艺术
AUP0241,插花艺术,选修,1,16,数字媒体艺术
AUP1272,视觉传达设计,必修,3.5,56,数字媒体艺术
AUP1281,视频艺术设计,必修,3,48,数字媒体艺术
AUP1391,用户界面设计,必修,3,48,数字媒体艺术
AUP1471,媒介材料研究,必修,2,32,数字媒体艺术
AUP1501,设计艺术史,必修,1.5,24,数字媒体艺术
AUP1581,创新设计产业化实践（一）,必修,2,32,数字媒体艺术
AUP1591,创新设计产业化实践（二）,必修,2,32,数字媒体艺术
AUP1601,创新思维能力与技法训练,必修,2,32,数字媒体艺术
AUP1641,设计创新思维,必修,1,16,数字媒体艺术
AUP1681,用户行为分析与挖掘,必修,3,48,数字媒体艺术
AUP1821,设计造型基础（一）,必修,4,64,数字媒体艺术
AUP1832,设计初步（一）,必修,3,48,数字媒体艺术
AUP1842,新媒体艺术概论,必修,2.5,40,数字媒体艺术
AUP1851,用户需求与情境分析,必修,2,32,数字媒体艺术
AUP1991,设计造型基础（二）,必修,4,64,数字媒体艺术
AUP2001,设计初步（二）,必修,3,48,数字媒体艺术
AUP2622,交互艺术设计,必修,4,64,数字媒体艺术
AUP2681,文化与展示空间策划,必修,2.5,40,数字媒体艺术
AUP2692,文化与展示空间设计,必修,4,64,数字媒体艺术
AUP2702,新媒体艺术设计,必修,4,64,数字媒体艺术
AUP3151,图形创意与设计,必修,3.5,56,数字媒体艺术
AUP3161,数字内容传播与实践,必修,3.5,56,数字媒体艺术
AUP3171,信息艺术设计,必修,4,64,数字媒体艺术
AUP3181,文化研究与创新设计,必修,4,64,数字媒体艺术
AUP3271,学术论文写作基础,必修,1,16,数字媒体艺术
AUP3512,毕业设计（论文）,必修,7,14w,数字媒体艺术
AUP3521,毕业实习,必修,2,4w,数字媒体艺术
AUP3761,展示设计实践,必修,0.5,1w,数字媒体艺术
AUP3771,专业设计认识实习,必修,0.5,1w,数字媒体艺术
AUP3851,新媒体艺术实践,必修,0.5,1w,数字媒体艺术
AUP3861,信息艺术设计实践,必修,0.5,1w,数字媒体艺术
AUP3921,设计造型基础写生实习,必修,1,2w,数字媒体艺术
AUP3991,图形创意与设计实践,必修,0.5,1w,数字媒体艺术
AUP4001,文化研究与创新设计实践,必修,0.5,1w,数字媒体艺术
AUP4011,交互艺术设计实践,必修,0.5,1w,数字媒体艺术
AUP5241,环境色彩研究专题,选修,1.5,24,数字媒体艺术
AUP5271,建筑历史概论,选修,1.5,24,数字媒体艺术
AUP5481,无障碍设计,选修,1,16,数字媒体艺术
AUP5541,营造十讲,选修,1.5,24,数字媒体艺术
AUP5551,园林植物学,选修,1.5,24,数字媒体艺术
AUP5651,游戏设计基础,选修,1.5,24,数字媒体艺术
AUP5731,现代艺术史,选修,1.5,24,数字媒体艺术
AUP5961,智慧城市导视设计,选修,1.5,24,数字媒体艺术
AUP6281,设计竞赛实践,选修,1.5,24,数字媒体艺术
AUP6292,东方艺术史,选修,1,16,数字媒体艺术
AUP6311,环境雕塑与壁画设计,选修,1.5,24,数字媒体艺术
AUP6331,视觉文化研究,选修,1,16,数字媒体艺术
AUP6341,综合版画表现技法,选修,1,16,数字媒体艺术
CHI0001,中国语文,必修,2,32,数字媒体艺术
MAX0013,马克思主义基本原理,必修,2.5,40,数字媒体艺术
MAX0022,思想道德与法治,必修,2.5,40,数字媒体艺术
MAX0033,形势与政策（1-8学期）,必修,2,64,数字媒体艺术
MAX0042,中国近现代史纲要,必修,2.5,40,数字媒体艺术
MAX0064,毛泽东思想和中国特色社会主义理论体系概论,必修,2.5,40,数字媒体艺术
MAX0072,习近平新时代中国特色社会主义思想概论,必修,3,48,数字媒体艺术
NCC0051,计算机及程序设计基础（Python）,必修,3,48,数字媒体艺术
PHE0003,大学体育（一）（1-2学期）,必修,1.8,60,数字媒体艺术
PHE0013,大学体育（二）（3-4学期）,必修,1.8,60,数字媒体艺术
PHE0023,大学体育（三）（5-6学期）,必修,0.4,24,数字媒体艺术
SFL0004,综合英语（一）,必修,2.5,40,数字媒体艺术
SFL0014,综合英语（二）,必修,2.5,40,数字媒体艺术
SOD0000,人工智能概论（C）,必修,2,32,数字媒体艺术
AUT0004,C语言程序设计,必修,3.5,76,数字经济（AI双学位）
AUT0012,模式识别,必修,2.5,40,数字经济（AI双学位）
AUT0032,计算机视觉,必修,2.5,40,数字经济（AI双学位）
AUT0131,视觉与自然语言处理,选修,3,48,数字经济（AI双学位）
AUT0522,电子技术,必修,3,48,数字经济（AI双学位）
AUT0553,离散数学,必修,2,32,数字经济（AI双学位）
AUT0571,信号分析,必修,2,32,数字经济（AI双学位）
AUT2222,自动控制原理（一）,选修,3.5,56,数字经济（AI双学位）
AUT2232,自动控制原理（二）,选修,2.5,40,数字经济（AI双学位）
AUT2241,人工智能导论,必修,2,32,数字经济（AI双学位）
AUT2252,最优化理论与方法,必修,3,48,数字经济（AI双学位）
AUT2271,传感技术,选修,2.5,40,数字经济（AI双学位）
AUT2291,数据结构与算法分析,必修,4,64,数字经济（AI双学位）
AUT3621,生产实习,必修,1,2w,数字经济（AI双学位）
AUT3751,模式识别与机器学习课程设计,必修,1.5,3w,数字经济（AI双学位）
AUT5381,计算机网络,必修,2.5,40,数字经济（AI双学位）
AUT5501,人机交互技术,选修,2,32,数字经济（AI双学位）
AUT5643,数字图像处理,选修,2.5,40,数字经济（AI双学位）
AUT5664,数字信号处理,选修,2.5,40,数字经济（AI双学位）
AUT6062,机器学习,必修,2.5,40,数字经济（AI双学位）
AUT6082,脑与认知科学导论,选修,2,32,数字经济（AI双学位）
AUT6281,计算机组成与嵌入式系统,必修,4,64,数字经济（AI双学位）
CHI0001,中国语文,必修,2,32,数字经济（AI双学位）
CST0048,人工智能概论（A）,必修,2,32,数字经济（AI双学位）
ECN0000,数据挖掘,选修,3,48,数字经济（AI双学位）
ECN0002,机器学习在金融中的应用,选修,3,48,数字经济（AI双学位）
ECN0004,人工智能与量化交易,选修,3,48,数字经济（AI双学位）
ECN0007,数字贸易,选修,3,48,数字经济（AI双学位）
ECN0008,网络与平台经济学,必修,2,32,数字经济（AI双学位）
ECN0521,会计学,选修,3.5,56,数字经济（AI双学位）
ECN0531,货币银行学,选修,3,48,数字经济（AI双学位）
ECN0541,计量经济学,必修,4,64,数字经济（AI双学位）
ECN0571,经济学原理,必修,4,64,数字经济（AI双学位）
ECN0581,经济学综合实验,选修,4,64,数字经济（AI双学位）
ECN0591,中级宏观经济学,必修,4,64,数字经济（AI双学位）
ECN0611,中级微观经济学,必修,4,64,数字经济（AI双学位）
ECN0631,政治经济学原理,必修,3,48,数字经济（AI双学位）
ECN0841,数字经济导论,必修,3,48,数字经济（AI双学位）
ECN0861,数据要素市场,选修,2,32,数字经济（AI双学位）
ECN0871,数字产业经济学,选修,2,32,数字经济（AI双学位）
ECN0881,区块链与数字货币,选修,2,32,数字经济（AI双学位）
ECN0891,博弈论与信息经济学,必修,2.5,40,数字经济（AI双学位）
ECN0901,习近平经济思想概论,必修,1,16,数字经济（AI双学位）
ECN1001,行为经济学与实验方法,选修,2,32,数字经济（AI双学位）
ECN1011,数字经济发展与治理,选修,2,32,数字经济（AI双学位）
ECN1021,智能决策分析,选修,3,48,数字经济（AI双学位）
ECN2051,国际金融学,选修,3,48,数字经济（AI双学位）
ECN2071,金融工程学,选修,2.5,40,数字经济（AI双学位）
ECN2141,证券投资学,选修,2.5,40,数字经济（AI双学位）
ECN3511,毕业论文,必修,8,16w,数字经济（AI双学位）
ECN3521,科研训练,必修,1,2w,数字经济（AI双学位）
ECN3541,课程设计,必修,1.5,3w,数字经济（AI双学位）
ECN3551,社会实践,必修,1.5,3w,数字经济（AI双学位）
ECN3561,专业实习,必修,2.5,5w,数字经济（AI双学位）
ECN5031,财政学,选修,2.5,40,数字经济（AI双学位）
ECN5081,国际贸易学,选修,3,48,数字经济（AI双学位）
ECN5131,经济预测与决策,选修,2.5,40,数字经济（AI双学位）
ECN5231,中级金融理论,选修,2.5,40,数字经济（AI双学位）
ECN5241,中国经济改革与发展,选修,2.5,40,数字经济（AI双学位）
ECN5421,实分析,必修,2.5,40,数字经济（AI双学位）
ECN5531,经济大数据分析,选修,2,32,数字经济（AI双学位）
EEE0701,电路理论,必修,2.5,40,数字经济（AI双学位）
EIC0541,电子线路设计、测试及实验（二）,选修,1,32,数字经济（AI双学位）
EIC0551,电子线路设计、测试及实验（一）,选修,1,32,数字经济（AI双学位）
EIC0751,数字电路与逻辑设计,必修,3.5,56,数字经济（AI双学位）
GEC3092,批判性思维（公选课）,必修,2.5,40,数字经济（AI双学位）
MAT0001,高等数学（A）（上）,必修,5.5,88,数字经济（AI双学位）
MAT0011,高等数学（A）（下）,必修,5.5,88,数字经济（AI双学位）
MAT0121,线性代数（B）,必修,2.5,40,数字经济（AI双学位）
MAT0131,概率论与数理统计（B）,必修,2.5,40,数字经济（AI双学位）
MAT0561,复变函数与积分变换,必修,2.5,40,数字经济（AI双学位）
MAX0013,马克思主义基本原理,必修,2.5,40,数字经济（AI双学位）
MAX0022,思想道德与法治,必修,2.5,40,数字经济（AI双学位）
MAX0033,形势与政策（1-8学期）,必修,2,64,数字经济（AI双学位）
MAX0042,中国近现代史纲要,必修,2.5,40,数字经济（AI双学位）
MAX0064,毛泽东思想和中国特色社会主义理论体系概论,必修,2.5,40,数字经济（AI双学位）
MAX0072,习近平新时代中国特色社会主义思想概论,必修,3,48,数字经济（AI双学位）
PHE0003,大学体育（一）（1-2学期）,必修,1.8,60,数字经济（AI双学位）
PHE0013,大学体育（二）（3-4学期）,必修,1.8,60,数字经济（AI双学位）
PHE0023,大学体育（三）（5-6学期）,必修,0.4,24,数字经济（AI双学位）
SFL0004,综合英语（一）,必修,2.5,40,数字经济（AI双学位）
SFL0014,综合英语（二）,必修,2.5,40,数字经济（AI双学位）
CHI0001,中国语文,必修,2,32,数学与应用数学
CST0048,人工智能概论（A）,必修,2,32,数学与应用数学
MAT0000,抽象代数,必修,4.0,64,数学与应用数学
MAT0002,微分流形,选修,1.5,24,数学与应用数学
MAT0003,现代数学选讲,选修,2.0,32,数学与应用数学
MAT0004,广义函数与 Sobolev 空间,选修,4.0,64,数学与应用数学
MAT0005,群与表示,选修,3.0,48,数学与应用数学
MAT0006,数学分析 A（一）实践,必修,0.0,32,数学与应用数学
MAT0007,数学分析 A（二）实践,必修,0.0,32,数学与应用数学
MAT0008,数学分析（三）实践,必修,0,32,数学与应用数学
MAT0009,高等代数与解析几何 A（一）实践,必修,0.0,32,数学与应用数学
MAT0010,高等代数与解析几何 A（二）实践,必修,0.0,32,数学与应用数学
MAT0012,数学分析（一）实践,必修,0,32,数学与应用数学
MAT0013,数学分析（二）实践,必修,0,32,数学与应用数学
MAT0014,数学分析 A（三）实践,必修,0.0,32,数学与应用数学
MAT0015,高等代数与解析几何（一）实践,必修,0,32,数学与应用数学
MAT0016,高等代数与解析几何（二）实践,必修,0,32,数学与应用数学
MAT0017,科技创新活动（一）,选修,1.5,2w,数学与应用数学
MAT0018,科技创新活动（二）,选修,1.5,2w,数学与应用数学
MAT0019,科技创新活动（三）,选修,1.5,2w,数学与应用数学
MAT0020,科技创新活动（四）,选修,1.5,2w,数学与应用数学
MAT0022,科技创新活动（五）,选修,1.5,2w,数学与应用数学
MAT0023,Python数据分析,选修,2,32,数学与应用数学
MAT0024,交换代数,选修,3,48,数学与应用数学
MAT0025,机器学习基础,选修,4,64,数学与应用数学
MAT0034,数学分析 A（一）,必修,5.0,80,数学与应用数学
MAT0035,数学分析 A（二）,必修,5.5,88,数学与应用数学
MAT0036,数学分析 A（三）,必修,5.5,88,数学与应用数学
MAT0037,高等代数与解析几何 A（一）,必修,5.0,80,数学与应用数学
MAT0038,高等代数与解析几何 A（二）,必修,5.5,88,数学与应用数学
MAT0039,常微分方程 A,必修,4.0,64,数学与应用数学
MAT0040,概率论 A,必修,4.0,64,数学与应用数学
MAT0042,数理统计,选修,3.5,56,数学与应用数学
MAT0043,毕业设计（论文）,必修,12,18w,数学与应用数学
MAT0044,软件实习,必修,1.5,2w,数学与应用数学
MAT0045,生产实习,必修,3,4w,数学与应用数学
MAT0046,有限元方法,选修,3,48,数学与应用数学
MAT0047,调和分析,选修,4,64,数学与应用数学
MAT0049,非参数统计,选修,2.5,40,数学与应用数学
MAT0050,科学研究训练,必修,4.0,8,数学与应用数学
MAT0522,泛函分析,必修,4,64,数学与应用数学
MAT0572,复分析,必修,4.0,64,数学与应用数学
MAT0582,概率论,必修,4,64,数学与应用数学
MAT0601,高等代数与解析几何（二）,必修,5.5,88,数学与应用数学
MAT0611,高等代数与解析几何（一）,必修,5,80,数学与应用数学
MAT0621,数学分析（一）,必修,5,80,数学与应用数学
MAT0631,数学分析（二）,必修,5.5,88,数学与应用数学
MAT0641,数学分析（三）,必修,5.5,88,数学与应用数学
MAT0652,常微分方程,必修,4,64,数学与应用数学
MAT0662,复变函数（一）,必修,4,64,数学与应用数学
MAT0682,实变函数,必修,4,64,数学与应用数学
MAT0692,实分析,必修,4.0,64,数学与应用数学
MAT0731,学科（专业）概论,必修,1,16,数学与应用数学
MAT2011,近世代数,必修,4,64,数学与应用数学
MAT2021,拓扑学,必修,4,64,数学与应用数学
MAT2031,微分几何,必修,4,64,数学与应用数学
MAT2041,偏微分方程,必修,4,64,数学与应用数学
MAT2071,数学建模,必修,2,32,数学与应用数学
MAT3551,学科实践,必修,1.5,3,数学与应用数学
MAT5051,测度论,选修,3,48,数学与应用数学
MAT5061,抽样调查,选修,3,48,数学与应用数学
MAT5071,代数几何,选修,3,48,数学与应用数学
MAT5111,分形几何,选修,3,48,数学与应用数学
MAT5121,高等数值方法,选修,3.0,48,数学与应用数学
MAT5161,微分方程数值解,选修,4,64,数学与应用数学
MAT5171,最优化方法,选修,2.5,40,数学与应用数学
MAT5201,控制论基础,选修,2.5,40,数学与应用数学
MAT5211,离散数学,选修,3,48,数学与应用数学
MAT5231,数据结构与算法,选修,3,48,数学与应用数学
MAT5241,数据挖掘,选修,2.5,40,数学与应用数学
MAT5261,数论,选修,3,48,数学与应用数学
MAT5281,数值分析,选修,3.5,56,数学与应用数学
MAT5301,随机过程,选修,4,64,数学与应用数学
MAT5321,信息论基础,选修,3,48,数学与应用数学
MAT5341,运筹学,选修,3.5,56,数学与应用数学
MAT5351,数学实验,选修,1.5,24,数学与应用数学
MAT5361,代数学,选修,4.0,64,数学与应用数学
MAT5371,泛函分析 II,选修,4.0,64,数学与应用数学
MAT5381,拓扑学 II,选修,4.0,64,数学与应用数学
MAT5401,高等概率论,选修,4.0,64,数学与应用数学
MAT5411,高等数理统计,选修,4.0,64,数学与应用数学
MAT5421,回归分析,选修,3,48,数学与应用数学
MAX0013,马克思主义基本原理,必修,2.5,40,数学与应用数学
MAX0022,思想道德与法治,必修,2.5,40,数学与应用数学
MAX0033,形势与政策（1-8学期）,必修,2,64,数学与应用数学
MAX0042,中国近现代史纲要,必修,2.5,40,数学与应用数学
MAX0064,毛泽东思想和中国特色社会主义理论体系概论,必修,2.5,40,数学与应用数学
MAX0072,习近平新时代中国特色社会主义思想概论,必修,3,48,数学与应用数学
NCC0001,计算机及程序设计基础（C++）,必修,3,48,数学与应用数学
PHE0003,大学体育（一）（1-2学期）,必修,1.8,60,数学与应用数学
PHE0013,大学体育（二）（3-4学期）,必修,1.8,60,数学与应用数学
PHE0023,大学体育（三）（5-6学期）,必修,0.4,24,数学与应用数学
PHY0171,大学物理（A）（上）,必修,4,64,数学与应用数学
PHY0181,大学物理（A）（下）,必修,4,64,数学与应用数学
PHY0191,物理实验（上）,必修,2,32,数学与应用数学
PHY0201,物理实验（下）,必修,1.5,24,数学与应用数学
SFL0004,综合英语（一）,必修,2.5,40,数学与应用数学
SFL0014,综合英语（二）,必修,2.5,40,数学与应用数学
CHI0001,中国语文,必修,2,32,数学与应用数学（强基计划实验班）
CST0048,人工智能概论（A）,必修,2,32,数学与应用数学（强基计划实验班）
MAT0000,抽象代数,必修,4,64,数学与应用数学（强基计划实验班）
MAT0006,数学分析A（一）实践,必修,0,32,数学与应用数学（强基计划实验班）
MAT0007,数学分析A（二）实践,必修,0,32,数学与应用数学（强基计划实验班）
MAT0009,高等代数与解析几何A（一）实践,必修,0,32,数学与应用数学（强基计划实验班）
MAT0010,高等代数与解析几何A（二）实践,必修,0,32,数学与应用数学（强基计划实验班）
MAT0014,数学分析A（三）实践,必修,0,32,数学与应用数学（强基计划实验班）
MAT0017,科技创新活动（一）,选修,1.5,2w,数学与应用数学（强基计划实验班）
MAT0018,科技创新活动（二）,选修,1.5,2w,数学与应用数学（强基计划实验班）
MAT0019,科技创新活动（三）,选修,1.5,2w,数学与应用数学（强基计划实验班）
MAT0020,科技创新活动（四）,选修,1.5,2w,数学与应用数学（强基计划实验班）
MAT0022,科技创新活动（五）,选修,1.5,2w,数学与应用数学（强基计划实验班）
MAT0023,Python数据分析,选修,2,32,数学与应用数学（强基计划实验班）
MAT0024,交换代数,选修,3,48,数学与应用数学（强基计划实验班）
MAT0025,机器学习基础,选修,4,64,数学与应用数学（强基计划实验班）
MAT0026,李群与李代数,选修,3,48,数学与应用数学（强基计划实验班）
MAT0027,代数拓扑,选修,3,48,数学与应用数学（强基计划实验班）
MAT0028,黎曼几何,选修,3,48,数学与应用数学（强基计划实验班）
MAT0029,黎曼曲面,选修,3,48,数学与应用数学（强基计划实验班）
MAT0034,数学分析A（一）,必修,5,80,数学与应用数学（强基计划实验班）
MAT0035,数学分析A（二）,必修,5.5,88,数学与应用数学（强基计划实验班）
MAT0036,数学分析A（三）,必修,5.5,88,数学与应用数学（强基计划实验班）
MAT0037,高等代数与解析几何A（一）,必修,5,80,数学与应用数学（强基计划实验班）
MAT0038,高等代数与解析几何A（二）,必修,5.5,88,数学与应用数学（强基计划实验班）
MAT0039,常微分方程A,必修,4,64,数学与应用数学（强基计划实验班）
MAT0040,概率论 A,必修,4,64,数学与应用数学（强基计划实验班）
MAT0042,数理统计,选修,3.5,56,数学与应用数学（强基计划实验班）
MAT0043,毕业设计（论文）,必修,12,18w,数学与应用数学（强基计划实验班）
MAT0046,有限元方法,选修,3,48,数学与应用数学（强基计划实验班）
MAT0047,调和分析,选修,4,64,数学与应用数学（强基计划实验班）
MAT0049,非参数统计,选修,2.5,40,数学与应用数学（强基计划实验班）
MAT0050,科学研究训练,必修,4,8w,数学与应用数学（强基计划实验班）
MAT0522,泛函分析,必修,4,64,数学与应用数学（强基计划实验班）
MAT0572,复分析,必修,4,64,数学与应用数学（强基计划实验班）
MAT0692,实分析,必修,4,64,数学与应用数学（强基计划实验班）
MAT0731,学科（专业）概论,必修,1,16,数学与应用数学（强基计划实验班）
MAT2021,拓扑学,必修,4,64,数学与应用数学（强基计划实验班）
MAT2031,微分几何,必修,4,64,数学与应用数学（强基计划实验班）
MAT2041,偏微分方程,必修,4,64,数学与应用数学（强基计划实验班）
MAT2071,数学建模,必修,2,32,数学与应用数学（强基计划实验班）
MAT3551,学科实践,必修,1.5,3w,数学与应用数学（强基计划实验班）
MAT5051,测度论,选修,3,48,数学与应用数学（强基计划实验班）
MAT5061,抽样调查,选修,3,48,数学与应用数学（强基计划实验班）
MAT5071,代数几何,选修,3,48,数学与应用数学（强基计划实验班）
MAT5111,分形几何,选修,3,48,数学与应用数学（强基计划实验班）
MAT5121,高等数值方法,选修,3,48,数学与应用数学（强基计划实验班）
MAT5161,微分方程数值解,选修,4,64,数学与应用数学（强基计划实验班）
MAT5171,最优化方法,选修,2.5,40,数学与应用数学（强基计划实验班）
MAT5201,控制论基础,选修,2.5,40,数学与应用数学（强基计划实验班）
MAT5211,离散数学,选修,3,48,数学与应用数学（强基计划实验班）
MAT5231,数据结构与算法,选修,3,48,数学与应用数学（强基计划实验班）
MAT5241,数据挖掘,选修,2.5,40,数学与应用数学（强基计划实验班）
MAT5261,数论,选修,3,48,数学与应用数学（强基计划实验班）
MAT5281,数值分析,选修,3.5,56,数学与应用数学（强基计划实验班）
MAT5301,随机过程,选修,4,64,数学与应用数学（强基计划实验班）
MAT5321,信息论基础,选修,3,48,数学与应用数学（强基计划实验班）
MAT5341,运筹学,选修,3.5,56,数学与应用数学（强基计划实验班）
MAT5351,数学实验,选修,1.5,24,数学与应用数学（强基计划实验班）
MAT5361,代数学,选修,4,64,数学与应用数学（强基计划实验班）
MAT5371,泛函分析II,选修,4,64,数学与应用数学（强基计划实验班）
MAT5381,拓扑学II,选修,4,64,数学与应用数学（强基计划实验班）
MAT5401,高等概率论,选修,4,64,数学与应用数学（强基计划实验班）
MAT5411,高等数理统计,选修,4,64,数学与应用数学（强基计划实验班）
MAT5421,回归分析,选修,3,48,数学与应用数学（强基计划实验班）
MAX0013,马克思主义基本原理,必修,2.5,40,数学与应用数学（强基计划实验班）
MAX0022,思想道德与法治,必修,2.5,40,数学与应用数学（强基计划实验班）
MAX0033,形势与政策（1-8学期）,必修,2,64,数学与应用数学（强基计划实验班）
MAX0042,中国近现代史纲要,必修,2.5,40,数学与应用数学（强基计划实验班）
MAX0064,毛泽东思想和中国特色社会主义理论体系概论,必修,2.5,40,数学与应用数学（强基计划实验班）
MAX0072,习近平新时代中国特色社会主义思想概论,必修,3,48,数学与应用数学（强基计划实验班）
NCC0001,计算机及程序设计基础（C++）,必修,3,48,数学与应用数学（强基计划实验班）
PHE0003,大学体育（一）（1-2学期）,必修,1.8,60,数学与应用数学（强基计划实验班）
PHE0013,大学体育（二）（3-4学期）,必修,1.8,60,数学与应用数学（强基计划实验班）
PHE0023,大学体育（三）（5-6学期）,必修,0.4,24,数学与应用数学（强基计划实验班）
PHY0171,大学物理（A）（上）,必修,4,64,数学与应用数学（强基计划实验班）
PHY0181,大学物理（A）（下）,必修,4,64,数学与应用数学（强基计划实验班）
PHY0191,物理实验（上）,必修,2,32,数学与应用数学（强基计划实验班）
PHY0201,物理实验（下）,必修,1.5,24,数学与应用数学（强基计划实验班）
SFL0004,综合英语（一）,必修,2.5,40,数学与应用数学（强基计划实验班）
SFL0014,综合英语（二）,必修,2.5,40,数学与应用数学（强基计划实验班）
CHI0001,中国语文,必修,2,32,数学与应用数学（拔尖基地启明实验班）
CST0048,人工智能概论（A）,必修,2,32,数学与应用数学（拔尖基地启明实验班）
MAT0000,抽象代数,必修,4,64,数学与应用数学（拔尖基地启明实验班）
MAT0002,微分流形,选修,1.5,24,数学与应用数学（拔尖基地启明实验班）
MAT0003,现代数学选讲,选修,2,32,数学与应用数学（拔尖基地启明实验班）
MAT0004,广义函数与Sobolev空间,选修,4,64,数学与应用数学（拔尖基地启明实验班）
MAT0005,群与表示,选修,3,48,数学与应用数学（拔尖基地启明实验班）
MAT0006,数学分析A（一）实践,必修,0,32,数学与应用数学（拔尖基地启明实验班）
MAT0007,数学分析A（二）实践,必修,0,32,数学与应用数学（拔尖基地启明实验班）
MAT0009,高等代数与解析几何A（一）实践,必修,0,32,数学与应用数学（拔尖基地启明实验班）
MAT0010,高等代数与解析几何A（二）实践,必修,0,32,数学与应用数学（拔尖基地启明实验班）
MAT0014,数学分析A（三）实践,必修,0,32,数学与应用数学（拔尖基地启明实验班）
MAT0017,科技创新活动（一）,选修,1.5,2w,数学与应用数学（拔尖基地启明实验班）
MAT0018,科技创新活动（二）,选修,1.5,2w,数学与应用数学（拔尖基地启明实验班）
MAT0019,科技创新活动（三）,选修,1.5,2w,数学与应用数学（拔尖基地启明实验班）
MAT0020,科技创新活动（四）,选修,1.5,2w,数学与应用数学（拔尖基地启明实验班）
MAT0022,科技创新活动（五）,选修,1.5,2w,数学与应用数学（拔尖基地启明实验班）
MAT0034,数学分析A（一）,必修,5,80,数学与应用数学（拔尖基地启明实验班）
MAT0035,数学分析A（二）,必修,5.5,88,数学与应用数学（拔尖基地启明实验班）
MAT0036,数学分析A（三）,必修,5.5,88,数学与应用数学（拔尖基地启明实验班）
MAT0037,高等代数与解析几何A（一）,必修,5,80,数学与应用数学（拔尖基地启明实验班）
MAT0038,高等代数与解析几何A（二）,必修,5.5,88,数学与应用数学（拔尖基地启明实验班）
MAT0039,常微分方程A,必修,4,64,数学与应用数学（拔尖基地启明实验班）
MAT0040,概率论 A,必修,4,64,数学与应用数学（拔尖基地启明实验班）
MAT0042,数理统计,选修,3.5,56,数学与应用数学（拔尖基地启明实验班）
MAT0043,毕业设计（论文）,必修,12,18w,数学与应用数学（拔尖基地启明实验班）
MAT0047,调和分析,选修,4,64,数学与应用数学（拔尖基地启明实验班）
MAT0049,非参数统计,选修,2.5,40,数学与应用数学（拔尖基地启明实验班）
MAT0050,科学研究训练,必修,4,8w,数学与应用数学（拔尖基地启明实验班）
MAT0522,泛函分析,必修,4,64,数学与应用数学（拔尖基地启明实验班）
MAT0572,复分析,必修,4,64,数学与应用数学（拔尖基地启明实验班）
MAT0692,实分析,必修,4,64,数学与应用数学（拔尖基地启明实验班）
MAT0731,学科（专业）概论,必修,1,16,数学与应用数学（拔尖基地启明实验班）
MAT2021,拓扑学,必修,4,64,数学与应用数学（拔尖基地启明实验班）
MAT2031,微分几何,必修,4,64,数学与应用数学（拔尖基地启明实验班）
MAT2041,偏微分方程,必修,4,64,数学与应用数学（拔尖基地启明实验班）
MAT2071,数学建模,必修,2,32,数学与应用数学（拔尖基地启明实验班）
MAT3551,学科实践,必修,1.5,3w,数学与应用数学（拔尖基地启明实验班）
MAT5051,测度论,选修,3,48,数学与应用数学（拔尖基地启明实验班）
MAT5061,抽样调查,选修,3,48,数学与应用数学（拔尖基地启明实验班）
MAT5071,代数几何,选修,3,48,数学与应用数学（拔尖基地启明实验班）
MAT5111,分形几何,选修,3,48,数学与应用数学（拔尖基地启明实验班）
MAT5121,高等数值方法,选修,3,48,数学与应用数学（拔尖基地启明实验班）
MAT5161,微分方程数值解,选修,4,64,数学与应用数学（拔尖基地启明实验班）
MAT5171,最优化方法,选修,2.5,40,数学与应用数学（拔尖基地启明实验班）
MAT5231,数据结构与算法,选修,3,48,数学与应用数学（拔尖基地启明实验班）
MAT5261,数论,必修,3,48,数学与应用数学（拔尖基地启明实验班）
MAT5281,数值分析,选修,3.5,56,数学与应用数学（拔尖基地启明实验班）
MAT5301,随机过程,选修,4,64,数学与应用数学（拔尖基地启明实验班）
MAT5321,信息论基础,选修,3,48,数学与应用数学（拔尖基地启明实验班）
MAT5341,运筹学,选修,3.5,56,数学与应用数学（拔尖基地启明实验班）
MAT5351,数学实验,选修,1.5,24,数学与应用数学（拔尖基地启明实验班）
MAT5361,代数学,选修,4,64,数学与应用数学（拔尖基地启明实验班）
MAT5371,泛函分析II,选修,4,64,数学与应用数学（拔尖基地启明实验班）
MAT5381,拓扑学II,选修,4,64,数学与应用数学（拔尖基地启明实验班）
MAT5401,高等概率论,选修,4,64,数学与应用数学（拔尖基地启明实验班）
MAT5411,高等数理统计,选修,4,64,数学与应用数学（拔尖基地启明实验班）
MAX0013,马克思主义基本原理,必修,2.5,40,数学与应用数学（拔尖基地启明实验班）
MAX0022,思想道德与法治,必修,2.5,40,数学与应用数学（拔尖基地启明实验班）
MAX0033,形势与政策（1-8学期）,必修,2,64,数学与应用数学（拔尖基地启明实验班）
MAX0042,中国近现代史纲要,必修,2.5,40,数学与应用数学（拔尖基地启明实验班）
MAX0064,毛泽东思想和中国特色社会主义理论体系概论,必修,2.5,40,数学与应用数学（拔尖基地启明实验班）
MAX0072,习近平新时代中国特色社会主义思想概论,必修,3,48,数学与应用数学（拔尖基地启明实验班）
NCC0001,计算机及程序设计基础（C++）,必修,3,48,数学与应用数学（拔尖基地启明实验班）
PHE0003,大学体育（一）（1-2学期）,必修,1.8,60,数学与应用数学（拔尖基地启明实验班）
PHE0013,大学体育（二）（3-4学期）,必修,1.8,60,数学与应用数学（拔尖基地启明实验班）
PHE0023,大学体育（三）（5-6学期）,必修,0.4,24,数学与应用数学（拔尖基地启明实验班）
PHY0171,大学物理（A）（上）,必修,4,64,数学与应用数学（拔尖基地启明实验班）
PHY0181,大学物理（A）（下）,必修,4,64,数学与应用数学（拔尖基地启明实验班）
PHY0191,物理实验（上）,必修,2,32,数学与应用数学（拔尖基地启明实验班）
PHY0201,物理实验（下）,必修,1.5,24,数学与应用数学（拔尖基地启明实验班）
SFL0004,综合英语（一）,必修,2.5,40,数学与应用数学（拔尖基地启明实验班）
SFL0014,综合英语（二）,必修,2.5,40,数学与应用数学（拔尖基地启明实验班）
AE0054,流体力学（三）,必修,3.5,56,新能源科学与工程
AE0611,理论力学（二）,必修,3.5,56,新能源科学与工程
AE0662,材料力学,必修,3.5,56,新能源科学与工程
CHE0532,工程化学,必修,2,32,新能源科学与工程
CHI0001,中国语文,必修,2,32,新能源科学与工程
CST0048,人工智能概论（A）,必修,2,32,新能源科学与工程
EEE0701,电路理论,必修,2.5,40,新能源科学与工程
ENG3511,工程训练（一）,必修,2,4w,新能源科学与工程
EPE0006,生产实习（社会实践）,必修,2,2w,新能源科学与工程
EPE0007,专业课程设计,必修,4,4w,新能源科学与工程
EPE0008,科学研究与创新实践（二）,必修,5,5w,新能源科学与工程
EPE0009,新能源专业实验,选修,1,16,新能源科学与工程
EPE0151,科学研究与创新实践（一）,必修,1,16,新能源科学与工程
EPE0211,新能源与电力系统,选修,2,32,新能源科学与工程
EPE0541,学科基础引论,必修,1,16,新能源科学与工程
EPE0551,工程控制基础,必修,2,32,新能源科学与工程
EPE2011,工程传热学（二）,必修,3.5,56,新能源科学与工程
EPE2031,工程热力学(二),必修,4,64,新能源科学与工程
EPE2072,工程测试技术,必修,1.5,24,新能源科学与工程
EPE2112,工程传热学实验,必修,0.5,8,新能源科学与工程
EPE2122,工程测试技术实验,必修,0.5,8,新能源科学与工程
EPE3513,毕业设计（论文）,必修,13,13w,新能源科学与工程
EPE5011,CFD技术及应用,选修,2,32,新能源科学与工程
EPE5051,地热能技术与应用,选修,2,32,新能源科学与工程
EPE5141,风力发电原理及技术,必修,2,32,新能源科学与工程
EPE5181,固体废弃物能源利用原理与技术,选修,2,32,新能源科学与工程
EPE5331,洁净燃烧技术,选修,2,32,新能源科学与工程
EPE5391,可再生能源与能源清洁利用,选修,2,32,新能源科学与工程
EPE5521,能源利用过程中重金属污染及控制,选修,2,32,新能源科学与工程
EPE5541,能源与动力工程专业英语,选修,2,32,新能源科学与工程
EPE5691,新能源材料,选修,2,32,新能源科学与工程
EPE5711,生物质能源利用原理与技术,必修,2,32,新能源科学与工程
EPE5861,有限元方法在热能工程中的应用,选修,2,32,新能源科学与工程
EPE5901,氢能与燃料电池,选修,2,32,新能源科学与工程
EPE5911,太阳能利用原理与技术,必修,2,32,新能源科学与工程
EPE5951,化石能源低碳利用概论,选修,2,32,新能源科学与工程
EPE5971,能源互联网与智慧能源,选修,2,32,新能源科学与工程
EPE5991,能源动力装备数值模拟,选修,2,32,新能源科学与工程
MASE5311,工程材料学,必修,2,32,新能源科学与工程
MAT0021,微积分（B）（上）,必修,5.5,88,新能源科学与工程
MAT0031,微积分（B）（下）,必修,5.5,88,新能源科学与工程
MAT0121,线性代数（B）,必修,2.5,40,新能源科学与工程
MAT0131,概率论与数理统计（B）,必修,2.5,40,新能源科学与工程
MAT0561,复变函数与积分变换,必修,2.5,40,新能源科学与工程
MAX0013,马克思主义基本原理,必修,2.5,40,新能源科学与工程
MAX0022,思想道德与法治,必修,2.5,40,新能源科学与工程
MAX0033,形势与政策（1-8学期）,必修,2,64,新能源科学与工程
MAX0042,中国近现代史纲要,必修,2.5,40,新能源科学与工程
MAX0064,毛泽东思想和中国特色社会主义理论体系概论,必修,2.5,40,新能源科学与工程
MAX0072,习近平新时代中国特色社会主义思想概论,必修,3,48,新能源科学与工程
MESE0611,机械原理,必修,2,32,新能源科学与工程
MESE0831,机械设计,必修,2,32,新能源科学与工程
MESE1111,机械设计理论与方法（一）上,必修,2.5,40,新能源科学与工程
MESE1122,机械设计理论与方法（一）下,必修,1.5,24,新能源科学与工程
MESE3581,机械基础工程训练（二）,必修,1.5,3w,新能源科学与工程
NCC0001,计算机及程序设计基础（C++),必修,3,48,新能源科学与工程
PHE0003,大学体育（一）（1-2学期）,必修,1.8,60,新能源科学与工程
PHE0013,大学体育（二）（3-4学期）,必修,1.8,60,新能源科学与工程
PHE0023,大学体育（三）（5-6学期）,必修,0.4,24,新能源科学与工程
PHY0171,大学物理（A）（上）,必修,4,64,新能源科学与工程
PHY0181,大学物理（A）（下）,必修,4,64,新能源科学与工程
PHY0191,物理实验（上）,必修,2,32,新能源科学与工程
PHY0201,物理实验（下）,必修,1.5,24,新能源科学与工程
SFL0004,综合英语（一）,必修,2.5,40,新能源科学与工程
SFL0014,综合英语（二）,必修,2.5,40,新能源科学与工程
CHI0001,中国语文,必修,2,32,新闻学
ECN0572,经济学原理,必修,2,32,新闻学
JOU0000,经典阅读导引,必修,1,16,新闻学
JOU0003,国际新闻传播,必修,2,32,新闻学
JOU0008,影视画面与拍摄,选修,3,48,新闻学
JOU0023,新闻评论与批判性思维,必修,2.5,40,新闻学
JOU0032,新闻报道策划,必修,2.5,40,新闻学
JOU0033,政治传播,选修,1.5,24,新闻学
JOU0034,视觉新闻报道,选修,2,32,新闻学
JOU0035,专业实习,必修,10,12w,新闻学
JOU0043,事实核查,必修,2,32,新闻学
JOU0044,智能技术与新闻创新,选修,1,16,新闻学
JOU0045,媒介与数字社会,选修,2,32,新闻学
JOU0291,数字媒体前沿,必修,2.5,40,新闻学
JOU0301,中国新闻评论思想史,选修,3,48,新闻学
JOU0521,传播学研究方法,必修,3,48,新闻学
JOU0542,传媒经营管理,必修,2,32,新闻学
JOU0581,品牌传播概论,必修,2,32,新闻学
JOU0601,外国新闻传播史,必修,2.5,40,新闻学
JOU0612,新闻传播伦理与法制,必修,2,32,新闻学
JOU0621,新闻学原理,必修,2.5,40,新闻学
JOU0641,中国新闻传播史,必修,2.5,40,新闻学
JOU0651,视听传播概论,必修,2,32,新闻学
JOU0671,马克思主义新闻观,必修,2,32,新闻学
JOU2041,传播心理学,必修,2,32,新闻学
JOU2231,深度报道,必修,2,32,新闻学
JOU2381,新闻编辑,必修,4,64,新闻学
JOU2391,新闻采写,必修,5,80,新闻学
JOU2412,新闻摄影,必修,3,48,新闻学
JOU3511,毕业设计（论文）,必修,8,16w,新闻学
JOU3522,认知实习,必修,1,4w,新闻学
JOU5061,传播统计学,选修,3,48,新闻学
JOU5251,口语表达与形象造型,必修,2,32,新闻学
JOU5291,媒介地理学,选修,2,32,新闻学
JOU5861,智能传播,必修,2,32,新闻学
JOU5921,数据新闻报道,选修,2,32,新闻学
JOU5931,融合新闻报道,必修,2,32,新闻学
LAW5471,学术规范与论文写作,必修,1,16,新闻学
MAT0051,微积分（D）,必修,4,64,新闻学
MAX0013,马克思主义基本原理,必修,2.5,40,新闻学
MAX0022,思想道德与法治,必修,2.5,40,新闻学
MAX0033,形势与政策（1-8学期）,必修,2,64,新闻学
MAX0042,中国近现代史纲要,必修,2.5,40,新闻学
MAX0064,毛泽东思想和中国特色社会主义理论体系概论,必修,2.5,40,新闻学
MAX0072,习近平新时代中国特色社会主义思想概论,必修,3,48,新闻学
NCC0051,计算机及程序设计基础（Python）,必修,3,48,新闻学
PHE0003,大学体育（一）（1-2学期）,必修,1.8,60,新闻学
PHE0013,大学体育（二）（3-4学期）,必修,1.8,60,新闻学
PHE0023,大学体育（三）（5-6学期）,必修,0.4,24,新闻学
PHI0521,哲学导论,必修,3,48,新闻学
PUBA0512,政治学原理,必修,2,32,新闻学
SFL0004,综合英语（一）,必修,2.5,40,新闻学
SFL0014,综合英语（二）,必修,2.5,40,新闻学
SOC0571,社会学概论,必修,2,32,新闻学
SOD0000,人工智能概论（C）,必修,2,32,新闻学
CHI0001,中国语文,必修,2,32,新闻学（新闻评论）
ECN0572,经济学原理,必修,2,32,新闻学（新闻评论）
JOU0000,经典阅读导引,必修,1,16,新闻学（新闻评论）
JOU0003,国际新闻传播,必修,2,32,新闻学（新闻评论）
JOU0007,公共舆论与融媒评论,选修,1.5,24,新闻学（新闻评论）
JOU0008,影视画面与拍摄,选修,3,48,新闻学（新闻评论）
JOU0023,新闻评论与批判性思维,必修,2.5,40,新闻学（新闻评论）
JOU0032,新闻报道策划,必修,2.5,40,新闻学（新闻评论）
JOU0033,政治传播,选修,1.5,24,新闻学（新闻评论）
JOU0035,专业实习,必修,10,12w,新闻学（新闻评论）
JOU0043,事实核查,必修,2,32,新闻学（新闻评论）
JOU0044,智能技术与新闻创新,选修,1,16,新闻学（新闻评论）
JOU0045,媒介与数字社会,选修,2,32,新闻学（新闻评论）
JOU0291,数字媒体前沿,必修,2.5,40,新闻学（新闻评论）
JOU0301,中国新闻评论思想史,选修,3,48,新闻学（新闻评论）
JOU0521,传播学研究方法,必修,3,48,新闻学（新闻评论）
JOU0542,传媒经营管理,必修,2,32,新闻学（新闻评论）
JOU0581,品牌传播概论,必修,2,32,新闻学（新闻评论）
JOU0601,外国新闻传播史,必修,2.5,40,新闻学（新闻评论）
JOU0612,新闻传播伦理与法制,必修,2,32,新闻学（新闻评论）
JOU0621,新闻学原理,必修,2.5,40,新闻学（新闻评论）
JOU0631,学术规范与论文写作,必修,1,16,新闻学（新闻评论）
JOU0641,中国新闻传播史,必修,2.5,40,新闻学（新闻评论）
JOU0651,视听传播概论,必修,2,32,新闻学（新闻评论）
JOU0671,马克思主义新闻观,必修,2,32,新闻学（新闻评论）
JOU2041,传播心理学,必修,2,32,新闻学（新闻评论）
JOU2231,深度报道,必修,2,32,新闻学（新闻评论）
JOU2381,新闻编辑,必修,4,64,新闻学（新闻评论）
JOU2391,新闻采写,必修,5,80,新闻学（新闻评论）
JOU2412,新闻摄影,必修,3,48,新闻学（新闻评论）
JOU3511,毕业设计（论文）,必修,8,16w,新闻学（新闻评论）
JOU3522,认知实习,必修,1,4w,新闻学（新闻评论）
JOU5161,广播电视及新媒体评论,选修,1,16,新闻学（新闻评论）
JOU5241,经济评论专题,选修,1,16,新闻学（新闻评论）
JOU5251,口语表达与形象造型,必修,2,32,新闻学（新闻评论）
JOU5291,媒介地理学,选修,2,32,新闻学（新闻评论）
JOU5501,文艺评论专题,选修,1,16,新闻学（新闻评论）
JOU5531,新闻评论作品评析,选修,1,16,新闻学（新闻评论）
JOU5861,智能传播,必修,2,32,新闻学（新闻评论）
JOU5921,数据新闻报道,选修,2,32,新闻学（新闻评论）
JOU5931,融合新闻报道,必修,2,32,新闻学（新闻评论）
JOU5971,实践逻辑,选修,1.5,24,新闻学（新闻评论）
MAT0051,微积分（D）,必修,4,64,新闻学（新闻评论）
MAX0013,马克思主义基本原理,必修,2.5,40,新闻学（新闻评论）
MAX0022,思想道德与法治,必修,2.5,40,新闻学（新闻评论）
MAX0033,形势与政策（1-8学期）,必修,2,64,新闻学（新闻评论）
MAX0042,中国近现代史纲要,必修,2.5,40,新闻学（新闻评论）
MAX0064,毛泽东思想和中国特色社会主义理论体系概论,必修,2.5,40,新闻学（新闻评论）
MAX0072,习近平新时代中国特色社会主义思想概论,必修,3,48,新闻学（新闻评论）
NCC0051,计算机及程序设计基础（Python）,必修,3,48,新闻学（新闻评论）
PHE0003,大学体育（一）（1-2学期）,必修,1.8,60,新闻学（新闻评论）
PHE0013,大学体育（二）（3-4学期）,必修,1.8,60,新闻学（新闻评论）
PHE0023,大学体育（三）（5-6学期）,必修,0.4,24,新闻学（新闻评论）
PHI0521,哲学导论,必修,3,48,新闻学（新闻评论）
PUBA0512,政治学原理,必修,2,32,新闻学（新闻评论）
SFL0004,综合英语（一）,必修,2.5,40,新闻学（新闻评论）
SFL0014,综合英语（二）,必修,2.5,40,新闻学（新闻评论）
SOC0571,社会学概论,必修,2,32,新闻学（新闻评论）
SOD0000,人工智能概论（C）,必修,2,32,新闻学（新闻评论）
CHI0001,中国语文,必修,2,32,日语
JOU0081,游戏开发,选修,3,48,日语
MAT0051,微积分（D）,必修,4,64,日语
MAT0121,线性代数（B）,选修,2.5,40,日语
MAT0131,概率论与数理统计（B）,选修,2.5,40,日语
MAX0013,马克思主义基本原理,必修,2.5,40,日语
MAX0022,思想道德与法治,必修,2.5,40,日语
MAX0033,形势与政策（1-8学期）,必修,2,64,日语
MAX0042,中国近现代史纲要,必修,2.5,40,日语
MAX0064,毛泽东思想和中国特色社会主义理论体系概论,必修,2.5,40,日语
MAX0072,习近平新时代中国特色社会主义思想概论,必修,3,48,日语
NCC0051,计算机及程序设计基础（Python）,必修,3,48,日语
PHE0003,大学体育（一）（1-2学期）,必修,1.8,60,日语
PHE0013,大学体育（二）（3-4学期）,必修,1.8,60,日语
PHE0023,大学体育（三）（5-6学期）,必修,0.4,24,日语
SFL0004,综合英语（一）,必修,2.5,40,日语
SFL0009,基础日语2,必修,7,112,日语
SFL0014,综合英语（二）,必修,2.5,40,日语
SFL0019,人工智能与精准汉日翻译,必修,4,64,日语
SFL0020,中日文化交流史,必修,4,64,日语
SFL0023,日本美学与现代设计AI工作坊,选修,2,32,日语
SFL0024,日文报刊选读,必修,4,64,日语
SFL0025,日语学术写作与研究方法,必修,4,64,日语
SFL0026,多模态大数据辅助汉日口译,必修,4,64,日语
SFL0027,日语会话训练4,必修,2,4w,日语
SFL0028,信息技术辅助日语写作,必修,2,32,日语
SFL0049,日语听力2,选修,4,64,日语
SFL0050,日语听力3,选修,4,64,日语
SFL0052,日语听力4,选修,3,48,日语
SFL0351,中外语言对比,选修,2,32,日语
SFL1631,日本文学概论,必修,2,32,日语
SFL1892,日语听力1,必修,1,16,日语
SFL2181,日本文化论,选修,2,32,日语
SFL2331,语言学导论,必修,2,32,日语
SFL2481,翻译与文化传播,选修,2,32,日语
SFL2591,日语演讲与辩论,必修,2,32,日语
SFL3191,基础日语1,必修,7,112,日语
SFL3201,语言与心智,选修,3,48,日语
SFL3291,计算语言学与应用,选修,2,32,日语
SFL3301,信息技术与语言本地化,选修,2,32,日语
SFL3471,语料库与数据挖掘,选修,3,48,日语
SFL3521,毕业设计（论文）,必修,8,16w,日语
SFL3581,专业实习,必修,2,4w,日语
SFL3921,基础日语3,必修,6,96,日语
SFL3931,基础日语4,必修,6,96,日语
SFL3961,高级日语1,必修,4,64,日语
SFL3971,高级日语2,必修,4,64,日语
SFL4031,日本对外政策分析,选修,2,32,日语
SFL4041,语言学习者的数字叙事,选修,2,32,日语
SFL4051,日本企业文化与商务交际,选修,2,32,日语
SFL4061,高级听说1,选修,2,32,日语
SFL4071,高级听说2,选修,2,32,日语
SFL4111,高级日语3,必修,4,64,日语
SFL4121,日语听力训练1,必修,2,4w,日语
SFL4131,日语听力训练2,必修,2,4w,日语
SFL4141,日语听力训练3,必修,2,4w,日语
SFL4151,日语会话训练1,必修,1,2w,日语
SFL4161,日语会话训练2,必修,2,4w,日语
SFL4171,日语会话训练3,必修,2,4w,日语
SFL4251,综合日语1,选修,1,16,日语
SFL4261,综合日语2,选修,1,16,日语
SFL5371,跨文化交际,必修,2,32,日语
SFL5421,日本国情,选修,2,32,日语
SFL5431,日本近现代文学作品赏析,选修,2,32,日语
SFL5442,日本经济,选修,1,16,日语
SFL5471,日本网络资源检索与利用,选修,1,16,日语
SFL5481,日本文化专题研究,选修,1,16,日语
SFL5491,日本文学专题研究,选修,1,16,日语
SFL5501,日本语言专题研究,选修,1,16,日语
SFL5511,日本政治与外交,选修,2,32,日语
SFL5621,中国文化翻译,选修,2,32,日语
SFL5761,日语语音与表现,选修,1,16,日语
SFL5771,日语语言与文化,选修,2,32,日语
SOD0000,人工智能概论（C）,必修,2,32,日语
SSE0101,自然语言处理,选修,2,32,日语
SSE0161,人工智能导论,选修,1.5,24,日语
SSE5672,机器学习导论,选修,3,48,日语
AE0621,材料力学（二）,必修,3.5,56,智能建造
AE0651,理论力学（三）,必修,3,48,智能建造
AUT0001,自动控制原理,必修,2,32,智能建造
AUT2291,数据结构与算法分析,必修,4,64,智能建造
AUT6252,自主智能系统,选修,2,32,智能建造
AUT6281,计算机组成与嵌入式系统,必修,4,64,智能建造
CEM2091,结构力学（上）,必修,3,48,智能建造
CEM2211,结构力学（下）,必修,2,32,智能建造
CEM6351,工程物联网与智能工地,选修,1.5,24,智能建造
CHI0001,中国语文,必修,2,32,智能建造
CST0048,人工智能概论（A）,必修,2,32,智能建造
EEE0571,检测技术,选修,2,32,智能建造
EEE0721,电路理论（五）,必修,4,64,智能建造
EIC0592,模拟电子技术（二）,必修,3,48,智能建造
ENG3581,工程训练（二）,必修,1.5,3w,智能建造
MAN1451,离散数学,必修,2,32,智能建造
MAN1551,系统建模与仿真,选修,2,32,智能建造
MAT0021,微积分（B）（上）,必修,5.5,88,智能建造
MAT0031,微积分（B）（下）,必修,5.5,88,智能建造
MAT0121,线性代数（B）,必修,2.5,40,智能建造
MAT0131,概率论与数理统计（B）,必修,2.5,40,智能建造
MAT0561,复变函数与积分变换,必修,2.5,40,智能建造
MAX0013,马克思主义基本原理,必修,2.5,40,智能建造
MAX0022,思想道德与法治,必修,2.5,40,智能建造
MAX0033,形势与政策（1-8学期）,必修,2,64,智能建造
MAX0042,中国近现代史纲要,必修,2.5,40,智能建造
MAX0064,毛泽东思想和中国特色社会主义理论体系概论,必修,2.5,40,智能建造
MAX0072,习近平新时代中国特色社会主义思想概论,必修,3,48,智能建造
MESE2091,机械原理（三）,必修,3.5,56,智能建造
NCC0021,数据库技术及应用,必修,2,32,智能建造
NCC0032,计算机网络技术及应用,必修,2,32,智能建造
PHE0003,大学体育（一）（1-2学期）,必修,1.8,60,智能建造
PHE0013,大学体育（二）（3-4学期）,必修,1.8,60,智能建造
PHE0023,大学体育（三）（5-6学期）,必修,0.4,24,智能建造
PHY0171,大学物理（A）（上）,必修,4,64,智能建造
PHY0181,大学物理（A）（下）,必修,4,64,智能建造
PHY0191,物理实验（上）,必修,2,32,智能建造
PHY0201,物理实验（下）,必修,1.5,24,智能建造
SCHE0015,工程制图与CAD软件,必修,3,48,智能建造
SCHE0024,建筑环境智能,必修,2,32,智能建造
SCHE0032,毕业设计（论文）,必修,12,18w,智能建造
SCHE0041,结构设计原理,必修,3.5,56,智能建造
SCHE0046,学科交叉创新训练（一）,必修,3,3w,智能建造
SCHE0047,学科交叉创新训练（二）,必修,3,3w,智能建造
SCHE0070,材料科学基础,必修,2,32,智能建造
SCHE0072,机电控制与检测,必修,2,32,智能建造
SCHE0073,施工自动化与建造机器人（一）,必修,2,32,智能建造
SCHE0074,施工自动化与建造机器人（二）,选修,1.5,24,智能建造
SCHE0571,计算机与程序设计基础(C++),必修,3,48,智能建造
SCHE0631,数字电路技术,必修,2.5,40,智能建造
SCHE0661,学科（专业）概论与认知实习,必修,1.25,20,智能建造
SCHE0761,数字建造项目管理,必修,2,32,智能建造
SCHE0801,工程软件开发,选修,2,32,智能建造
SCHE0811,智能优化算法,选修,1.5,24,智能建造
SCHE5141,智能设施管理,选修,1.5,24,智能建造
SFL0004,综合英语（一）,必修,2.5,40,智能建造
SFL0014,综合英语（二）,必修,2.5,40,智能建造
AE0651,理论力学（三）,选修,3,48,智能建造（启明实验班）
AUT0001,自动控制原理,必修,2,32,智能建造（启明实验班）
AUT2291,数据结构与算法分析,必修,4,64,智能建造（启明实验班）
AUT6252,自主智能系统,选修,2,32,智能建造（启明实验班）
AUT6281,计算机组成与嵌入式系统,必修,4,64,智能建造（启明实验班）
CEM0522,材料力学（二）,必修,3.5,56,智能建造（启明实验班）
CEM2211,结构力学（下）,必修,2,32,智能建造（启明实验班）
CEM5221,土力学,必修,2,32,智能建造（启明实验班）
CEM6351,工程物联网与智能工地,选修,1.5,24,智能建造（启明实验班）
CHI0001,中国语文,必修,2,32,智能建造（启明实验班）
CST0048,人工智能概论（A）,必修,2,32,智能建造（启明实验班）
EEE0571,检测技术,选修,2,32,智能建造（启明实验班）
EEE0721,电路理论（五）,必修,4,64,智能建造（启明实验班）
EIC0592,模拟电子技术（二）,必修,3,48,智能建造（启明实验班）
ENG3581,工程训练（二）,必修,1.5,3w,智能建造（启明实验班）
MAN1451,离散数学,必修,2,32,智能建造（启明实验班）
MAN1551,系统建模与仿真,选修,2,32,智能建造（启明实验班）
MAT0021,微积分（B）（上）,必修,5.5,88,智能建造（启明实验班）
MAT0031,微积分（B）（下）,必修,5.5,88,智能建造（启明实验班）
MAT0121,线性代数（B）,必修,2.5,40,智能建造（启明实验班）
MAT0131,概率论与数理统计（B）,必修,2.5,40,智能建造（启明实验班）
MAT0561,复变函数与积分变换,必修,2.5,40,智能建造（启明实验班）
MAX0013,马克思主义基本原理,必修,2.5,40,智能建造（启明实验班）
MAX0022,思想道德与法治,必修,2.5,40,智能建造（启明实验班）
MAX0033,形势与政策（1-8学期）,必修,2,64,智能建造（启明实验班）
MAX0042,中国近现代史纲要,必修,2.5,40,智能建造（启明实验班）
MAX0064,毛泽东思想和中国特色社会主义理论体系概论,必修,2.5,40,智能建造（启明实验班）
MAX0072,习近平新时代中国特色社会主义思想概论,必修,3,48,智能建造（启明实验班）
MESE2091,机械原理（三）,必修,3.5,56,智能建造（启明实验班）
NCC0021,数据库技术及应用,必修,2,32,智能建造（启明实验班）
NCC0032,计算机网络技术及应用,必修,2,32,智能建造（启明实验班）
PHE0003,大学体育（一）（1-2学期）,必修,1.8,60,智能建造（启明实验班）
PHE0013,大学体育（二）（3-4学期）,必修,1.8,60,智能建造（启明实验班）
PHE0023,大学体育（三）（5-6学期）,必修,0.4,24,智能建造（启明实验班）
PHY0171,大学物理（A）（上）,必修,4,64,智能建造（启明实验班）
PHY0181,大学物理（A）（下）,必修,4,64,智能建造（启明实验班）
PHY0191,物理实验（上）,必修,2,32,智能建造（启明实验班）
PHY0201,物理实验（下）,必修,1.5,24,智能建造（启明实验班）
SCHE0015,工程制图与CAD软件,必修,3,48,智能建造（启明实验班）
SCHE0024,建筑环境智能,必修,2,32,智能建造（启明实验班）
SCHE0032,毕业设计（论文）,必修,12,18w,智能建造（启明实验班）
SCHE0046,学科交叉创新训练（一）,必修,3,3w,智能建造（启明实验班）
SCHE0047,学科交叉创新训练（二）,必修,3,3w,智能建造（启明实验班）
SCHE0070,材料科学基础,必修,2,32,智能建造（启明实验班）
SCHE0072,机电控制与检测,必修,2,32,智能建造（启明实验班）
SCHE0073,施工自动化与建造机器人（一）,必修,2,32,智能建造（启明实验班）
SCHE0074,施工自动化与建造机器人（二）,选修,1.5,24,智能建造（启明实验班）
SCHE0122,结构力学（上）,必修,2,32,智能建造（启明实验班）
SCHE0124,混凝土结构基本原理,必修,3,48,智能建造（启明实验班）
SCHE0125,钢结构基本原理,必修,2,32,智能建造（启明实验班）
SCHE0126,弹性力学与有限元分析,必修,2.5,40,智能建造（启明实验班）
SCHE0571,计算机与程序设计基础(C++),必修,3,48,智能建造（启明实验班）
SCHE0631,数字电路技术,必修,2.5,40,智能建造（启明实验班）
SCHE0661,学科（专业）概论与认知实习,必修,1.25,20,智能建造（启明实验班）
SCHE0801,工程软件开发,选修,2,32,智能建造（启明实验班）
SCHE0811,智能优化算法,选修,1.5,24,智能建造（启明实验班）
SCHE5141,智能设施管理,选修,1.5,24,智能建造（启明实验班）
SFL0004,综合英语（一）,必修,2.5,40,智能建造（启明实验班）
SFL0014,综合英语（二）,必修,2.5,40,智能建造（启明实验班）
AE0611,理论力学（二）,必修,3.5,56,机器人工程
AE0662,材料力学,必修,3.5,56,机器人工程
AE0711,工程力学实验,必修,0.5,16,机器人工程
CHI0001,中国语文,必修,2,32,机器人工程
CST0048,人工智能概论（A）,必修,2.0,32,机器人工程
EEE0701,电路理论,必修,2.5,40,机器人工程
EIC0008,人工智能概论（B）,必修,2,32,机器人工程
ENG3511,工程训练（一）,必修,2,4w,机器人工程
MAT0001,高等数学（A）（上）,必修,5.5,88,机器人工程
MAT0011,高等数学（A）（下）,必修,5.5,88,机器人工程
MAT0021,微积分（B）（上）,必修,5.5,88,机器人工程
MAT0031,微积分（B）（下）,必修,5.5,88,机器人工程
MAT0121,线性代数（B）,必修,2.5,40,机器人工程
MAT0131,概率论与数理统计（B）,必修,2.5,40,机器人工程
MAT0561,复变函数与积分变换,必修,2.5,40,机器人工程
MAX0013,马克思主义基本原理,必修,2.5,40,机器人工程
MAX0022,思想道德与法治,必修,2.5,40,机器人工程
MAX0033,形势与政策（1-8学期）,必修,2,64,机器人工程
MAX0042,中国近现代史纲要,必修,2.5,40,机器人工程
MAX0064,毛泽东思想和中国特色社会主义理论体系概论,必修,2.5,40,机器人工程
MAX0072,习近平新时代中国特色社会主义思想概论,必修,3,48,机器人工程
MESE0002,毕业设计（论文）,必修,12,18w,机器人工程
MESE0005,工业控制软件工程,选修,2,32,机器人工程
MESE0006,多领域系统统一建模与仿真,选修,2,32,机器人工程
MESE0007,智能流体传动与控制,选修,2,32,机器人工程
MESE0017,机械设计理论与方法（一）,必修,3,48,机器人工程
MESE0018,机械工程智能系统（一）,必修,2,32,机器人工程
MESE0019,机械工程智能系统（二）,必修,3,48,机器人工程
MESE0020,机械工程智能系统（三）,必修,3,48,机器人工程
MESE0030,机器人创新实践（二）,必修,2,2w,机器人工程
MESE0033,机器人创新实践（一）,必修,1,1w,机器人工程
MESE0461,人形机器人,选修,2,32,机器人工程
MESE1131,机电控制与检测（一）,必修,4,64,机器人工程
MESE1221,计算机视觉,必修,2.5,40,机器人工程
MESE1241,机器人仿真与编程,必修,2.5,40,机器人工程
MESE1291,机械工程学科导论,必修,1,18,机器人工程
MESE2382,机电控制与检测（二）,必修,5,80,机器人工程
MESE2402,机械设计理论与方法（二）,必修,5,80,机器人工程
MESE3634,生产实习,必修,3,3w,机器人工程
MESE3662,专业工程训练,必修,3,3w,机器人工程
MESE3671,专业社会实践,必修,0.5,1w,机器人工程
MESE3774,机械设计创新训练,必修,4,4w,机器人工程
MESE5011,Python程序设计,选修,1.5,24,机器人工程
MESE5231,机电创新决策与设计方法,选修,2,32,机器人工程
MESE5271,机械系统创新设计,选修,2,32,机器人工程
MESE5291,机械振动学,选修,1.5,24,机器人工程
MESE5321,计算方法（二）,必修,2,32,机器人工程
MESE5662,机器人学,必修,2.5,40,机器人工程
MESE5732,数控技术,选修,2.5,40,机器人工程
MESE5832,液压与气压传动,选修,2.5,40,机器人工程
MESE5871,有限元分析与应用,选修,1.5,24,机器人工程
MESE6091,机器人学的几何基础,必修,1.5,24,机器人工程
MESE6121,医疗康复机器人,选修,1.5,24,机器人工程
MESE6132,移动机器人技术,必修,2,32,机器人工程
MESE6141,机器人智能决策,选修,1.5,24,机器人工程
MESE6151,软体机器人,选修,1.5,24,机器人工程
MESE6342,机电控制与检测（三）,必修,2.5,40,机器人工程
MESE6351,机械系统动力学,选修,2,32,机器人工程
NAO0571,流体力学（一）,必修,2,32,机器人工程
NCC0001,计算机及程序设计基础（C++),必修,3,48,机器人工程
PHE0003,大学体育（一）（1-2学期）,必修,1.8,60,机器人工程
PHE0013,大学体育（二）（3-4学期）,必修,1.8,60,机器人工程
PHE0023,大学体育（三）（5-6学期）,必修,0.4,24,机器人工程
PHY0171,大学物理（A）（上）,必修,4,64,机器人工程
PHY0181,大学物理（A）（下）,必修,4,64,机器人工程
PHY0191,物理实验（上）,必修,2,32,机器人工程
PHY0201,物理实验（下）,必修,1.5,24,机器人工程
SFL0004,综合英语（一）,必修,2.5,40,机器人工程
SFL0014,综合英语（二）,必修,2.5,40,机器人工程
AE0611,理论力学（二）,必修,3.5,56,机器人工程（智能机器人启明实验班）
AE0662,材料力学,必修,3.5,56,机器人工程（智能机器人启明实验班）
AE0711,工程力学实验,必修,0.5,16,机器人工程（智能机器人启明实验班）
CHI0001,中国语文,必修,2,32,机器人工程（智能机器人启明实验班）
CST0048,人工智能概论（A）,必修,2,32,机器人工程（智能机器人启明实验班）
EEE0701,电路理论,必修,2.5,40,机器人工程（智能机器人启明实验班）
MAT0001,高等数学（A）（上）,必修,5.5,88,机器人工程（智能机器人启明实验班）
MAT0011,高等数学（A）（下）,必修,5.5,88,机器人工程（智能机器人启明实验班）
MAT0121,线性代数（B）,必修,2.5,40,机器人工程（智能机器人启明实验班）
MAT0131,概率论与数理统计（B）,必修,2.5,40,机器人工程（智能机器人启明实验班）
MAT0561,复变函数与积分变换,必修,2.5,40,机器人工程（智能机器人启明实验班）
MAX0013,马克思主义基本原理,必修,2.5,40,机器人工程（智能机器人启明实验班）
MAX0022,思想道德与法治,必修,2.5,40,机器人工程（智能机器人启明实验班）
MAX0033,形势与政策（1-8学期）,必修,2,64,机器人工程（智能机器人启明实验班）
MAX0042,中国近现代史纲要,必修,2.5,40,机器人工程（智能机器人启明实验班）
MAX0064,毛泽东思想和中国特色社会主义理论体系概论,必修,2.5,40,机器人工程（智能机器人启明实验班）
MAX0072,习近平新时代中国特色社会主义思想概论,必修,3,48,机器人工程（智能机器人启明实验班）
MESE0002,毕业设计（论文）,必修,12,18w,机器人工程（智能机器人启明实验班）
MESE0017,机械设计理论与方法（一）,必修,3,48,机器人工程（智能机器人启明实验班）
MESE0018,机械工程智能系统（一）,必修,2,32,机器人工程（智能机器人启明实验班）
MESE0019,机械工程智能系统（二）,必修,3,48,机器人工程（智能机器人启明实验班）
MESE0020,机械工程智能系统（三）,必修,3,48,机器人工程（智能机器人启明实验班）
MESE0027,软件技术基础,必修,3,48,机器人工程（智能机器人启明实验班）
MESE0029,机器人导论,必修,1,16,机器人工程（智能机器人启明实验班）
MESE0030,机器人创新实践（二）,必修,2,2w,机器人工程（智能机器人启明实验班）
MESE0032,机器人创新实践（三）,必修,2,2w,机器人工程（智能机器人启明实验班）
MESE0033,机器人创新实践（一）,必修,1,1w,机器人工程（智能机器人启明实验班）
MESE0201,科研认知实践,必修,3,15w,机器人工程（智能机器人启明实验班）
MESE0321,科研训练（一）,必修,2.5,10w,机器人工程（智能机器人启明实验班）
MESE0331,科研训练（二）,必修,3,15w,机器人工程（智能机器人启明实验班）
MESE0341,科研训练（三）,必修,3,15w,机器人工程（智能机器人启明实验班）
MESE1131,机电控制与检测（一）,必修,4,64,机器人工程（智能机器人启明实验班）
MESE1221,计算机视觉,必修,2.5,40,机器人工程（智能机器人启明实验班）
MESE1241,机器人仿真与编程,必修,2.5,40,机器人工程（智能机器人启明实验班）
MESE1291,机械工程学科导论,必修,1,18,机器人工程（智能机器人启明实验班）
MESE2021,传感器技术,选修,2,32,机器人工程（智能机器人启明实验班）
MESE2281,生产系统建模与仿真,选修,2,32,机器人工程（智能机器人启明实验班）
MESE2382,机电控制与检测（二）,必修,5,80,机器人工程（智能机器人启明实验班）
MESE2402,机械设计理论与方法（二）,必修,5,80,机器人工程（智能机器人启明实验班）
MESE5231,机电创新决策与设计方法,选修,2,32,机器人工程（智能机器人启明实验班）
MESE5321,计算方法（二）,选修,2,32,机器人工程（智能机器人启明实验班）
MESE5642,柔性电子制造技术基础,选修,2,32,机器人工程（智能机器人启明实验班）
MESE5662,机器人学,必修,2.5,40,机器人工程（智能机器人启明实验班）
MESE5732,数控技术,选修,2.5,40,机器人工程（智能机器人启明实验班）
MESE5832,液压与气压传动,选修,2.5,40,机器人工程（智能机器人启明实验班）
MESE6091,机器人学的几何基础,必修,1.5,24,机器人工程（智能机器人启明实验班）
MESE6132,移动机器人技术,必修,2,32,机器人工程（智能机器人启明实验班）
PHE0003,大学体育（一）（1-2学期）,必修,1.8,60,机器人工程（智能机器人启明实验班）
PHE0013,大学体育（二）（3-4学期）,必修,1.8,60,机器人工程（智能机器人启明实验班）
PHE0023,大学体育（三）（5-6学期）,必修,0.4,24,机器人工程（智能机器人启明实验班）
PHY0171,大学物理（A）（上）,必修,4,64,机器人工程（智能机器人启明实验班）
PHY0181,大学物理（A）（下）,必修,4,64,机器人工程（智能机器人启明实验班）
PHY0191,物理实验（上）,必修,2,32,机器人工程（智能机器人启明实验班）
PHY0201,物理实验（下）,必修,1.5,24,机器人工程（智能机器人启明实验班）
QMXY0011,科学思维与研究方法（新生研讨课）,必修,1,16,机器人工程（智能机器人启明实验班）
SFL0004,综合英语（一）,必修,2.5,40,机器人工程（智能机器人启明实验班）
AE0611,理论力学（二）,必修,3.5,56,机器人工程（科创实验班）
AE0662,材料力学,必修,3.5,56,机器人工程（科创实验班）
BIO5161,化学与生物传感器,选修,2,32,机器人工程（科创实验班）
BMS0021,智能医学,选修,1.5,24,机器人工程（科创实验班）
CHI0001,中国语文,必修,2,32,机器人工程（科创实验班）
EEE0701,电路理论,必修,2.5,40,机器人工程（科创实验班）
EIC0008,人工智能概论（B）,必修,2,32,机器人工程（科创实验班）
ENG3511,工程训练（一）,必修,2,4w,机器人工程（科创实验班）
MAT0021,微积分（B）（上）,必修,5.5,88,机器人工程（科创实验班）
MAT0031,微积分（B）（下）,必修,5.5,88,机器人工程（科创实验班）
MAT0061,线性代数与数值代数,必修,4,64,机器人工程（科创实验班）
MAT0561,复变函数与积分变换,必修,2.5,40,机器人工程（科创实验班）
MAX0013,马克思主义基本原理,必修,2.5,40,机器人工程（科创实验班）
MAX0022,思想道德与法治,必修,2.5,40,机器人工程（科创实验班）
MAX0033,形势与政策（1-8学期）,必修,2,64,机器人工程（科创实验班）
MAX0042,中国近现代史纲要,必修,2.5,40,机器人工程（科创实验班）
MAX0064,毛泽东思想和中国特色社会主义理论体系概论,必修,2.5,40,机器人工程（科创实验班）
MAX0072,习近平新时代中国特色社会主义思想概论,必修,3,48,机器人工程（科创实验班）
MESE0013,定量工程设计方法,必修,3.5,56,机器人工程（科创实验班）
MESE0014,设计思维,必修,2,32,机器人工程（科创实验班）
MESE0191,增材制造工艺及应用,选修,1.5,24,机器人工程（科创实验班）
MESE0231,数据科学与机器学习（一）,必修,3,48,机器人工程（科创实验班）
MESE0251,设计与科学,必修,2,32,机器人工程（科创实验班）
MESE0261,数据科学与机器学习（二）,必修,1.5,24,机器人工程（科创实验班）
MESE0271,数学建模与实战,必修,1.5,24,机器人工程（科创实验班）
MESE0281,科技创业-创业概论,必修,2,32,机器人工程（科创实验班）
MESE0311,机械设计创新训练（二),必修,2,2w,机器人工程（科创实验班）
MESE0351,产品设计与创业项目（毕业设计）（7-8学期）,必修,9,18w,机器人工程（科创实验班）
MESE0381,数值分析与计算方法,必修,2,32,机器人工程（科创实验班）
MESE0391,机器人（一）,必修,2,32,机器人工程（科创实验班）
MESE0401,机器人（二）,必修,3,48,机器人工程（科创实验班）
MESE0411,机器人（三）,必修,4,64,机器人工程（科创实验班）
MESE0431,软件设计与开发,必修,3,48,机器人工程（科创实验班）
MESE0441,产品设计,必修,4,64,机器人工程（科创实验班）
MESE0451,产品制造,必修,4,64,机器人工程（科创实验班）
MESE0461,人形机器人,选修,2,32,机器人工程（科创实验班）
MESE0471,诊断超声：物理与仪器,选修,2,32,机器人工程（科创实验班）
MESE0491,个性化实践（一）（科创训练营）,必修,1.5,3w,机器人工程（科创实验班）
MESE0501,个性化实践（二）,必修,2,4w,机器人工程（科创实验班）
MESE1111,机械设计理论与方法（一）上,必修,2.5,40,机器人工程（科创实验班）
MESE1131,机电控制与检测（一）,必修,4,64,机器人工程（科创实验班）
MESE1201,个性化实践（三）,必修,4,8w,机器人工程（科创实验班）
MESE2382,机电控制与检测（二）,必修,5,80,机器人工程（科创实验班）
MESE2402,机械设计理论与方法（二）,必修,5,80,机器人工程（科创实验班）
MESE5011,Python程序设计,选修,1.5,24,机器人工程（科创实验班）
MESE5091,电液控制工程,选修,1.5,24,机器人工程（科创实验班）
MESE5101,电子气动技术,选修,1.5,24,机器人工程（科创实验班）
MESE5151,高级人机交互及界面设计,选修,1.5,24,机器人工程（科创实验班）
MESE5191,功能材料基础,选修,1.5,24,机器人工程（科创实验班）
MESE5221,机电产品数字化设计制造与管理,选修,1.5,24,机器人工程（科创实验班）
MESE5291,机械振动学,选修,1.5,24,机器人工程（科创实验班）
MESE5331,计算机辅助制造技术,选修,1.5,24,机器人工程（科创实验班）
MESE5341,计算机控制系统,选修,1.5,24,机器人工程（科创实验班）
MESE5381,交流伺服运动控制系统,选修,1.5,24,机器人工程（科创实验班）
MESE5431,纳米技术导论,选修,1.5,24,机器人工程（科创实验班）
MESE5451,气动控制技术,选修,1.5,24,机器人工程（科创实验班）
MESE5461,汽车电子技术,选修,1.5,24,机器人工程（科创实验班）
MESE5471,汽车动力学基础,选修,1.5,24,机器人工程（科创实验班）
MESE5481,汽车构造,选修,1.5,24,机器人工程（科创实验班）
MESE5491,汽车机电液控制技术,选修,1.5,24,机器人工程（科创实验班）
MESE5501,汽车总体设计,选修,1.5,24,机器人工程（科创实验班）
MESE5521,智能测控系统,选修,1.5,24,机器人工程（科创实验班）
MESE5531,微机电系统技术基础与应用,选修,1.5,24,机器人工程（科创实验班）
MESE5541,微系统封装技术基础,选修,1.5,24,机器人工程（科创实验班）
MESE5561,无损检测,选修,1.5,24,机器人工程（科创实验班）
MESE5592,质量工程,选修,1.5,24,机器人工程（科创实验班）
MESE5621,先进制造技术,选修,1.5,24,机器人工程（科创实验班）
MESE5641,柔性电子制造技术基础,选修,1.5,24,机器人工程（科创实验班）
MESE5651,柔性制造自动化概论,选修,1.5,24,机器人工程（科创实验班）
MESE5671,实时控制软件技术,选修,1.5,24,机器人工程（科创实验班）
MESE5732,数控技术,选修,2.5,40,机器人工程（科创实验班）
MESE5751,水液压传动技术,选修,1.5,24,机器人工程（科创实验班）
MESE5761,特种加工,选修,1.5,24,机器人工程（科创实验班）
MESE5781,微电子制造技术,选修,1.5,24,机器人工程（科创实验班）
MESE5801,误差理论与数据处理,选修,1.5,24,机器人工程（科创实验班）
MESE5832,液压与气压传动,选修,2.5,40,机器人工程（科创实验班）
MESE5841,液压元件与系统,选修,1.5,24,机器人工程（科创实验班）
MESE5852,仪器智能技术,选修,1.5,24,机器人工程（科创实验班）
MESE5871,有限元分析与应用,选修,1.5,24,机器人工程（科创实验班）
MESE5911,现代实验方法与数据处理,选修,1.5,24,机器人工程（科创实验班）
MESE6121,医疗康复机器人,选修,1.5,24,机器人工程（科创实验班）
MESE6131,移动机器人技术,选修,1.5,24,机器人工程（科创实验班）
MESE6141,机器人智能决策,选修,1.5,24,机器人工程（科创实验班）
MESE6151,软体机器人,选修,1.5,24,机器人工程（科创实验班）
MESE6351,机械系统动力学,选修,2,32,机器人工程（科创实验班）
MESE6361,智能服务,选修,1.5,24,机器人工程（科创实验班）
MESE6371,知识工程与应用,选修,1.5,24,机器人工程（科创实验班）
MESE6391,数字孪生与边缘计算技术,选修,1.5,24,机器人工程（科创实验班）
MESE6531,智慧医疗导论,选修,1,16,机器人工程（科创实验班）
MESE6571,现代数控编程与机器人加工技术,选修,1.5,24,机器人工程（科创实验班）
NCC0001,计算机及程序设计基础（C++),必修,3,48,机器人工程（科创实验班）
OEI5701,医学影像系统原理,选修,2,32,机器人工程（科创实验班）
PHE0003,大学体育（一）（1-2学期）,必修,1.8,60,机器人工程（科创实验班）
PHE0013,大学体育（二）（3-4学期）,必修,1.8,60,机器人工程（科创实验班）
PHE0023,大学体育（三）（5-6学期）,必修,0.4,24,机器人工程（科创实验班）
PHY0171,大学物理（A）（上）,必修,4,64,机器人工程（科创实验班）
PHY0181,大学物理（A）（下）,必修,4,64,机器人工程（科创实验班）
PHY0191,物理实验（上）,必修,2,32,机器人工程（科创实验班）
PHY0201,物理实验（下）,必修,1.5,24,机器人工程（科创实验班）
SFL0004,综合英语（一）,必修,2.5,40,机器人工程（科创实验班）
AE0611,理论力学（二）,必修,3.5,56,机械设计制造及其自动化（先进电子制造）
AE0662,材料力学,必修,3.5,56,机械设计制造及其自动化（先进电子制造）
AE0711,工程力学实验,必修,0.5,16,机械设计制造及其自动化（先进电子制造）
CHE0532,工程化学,必修,2,32,机械设计制造及其自动化（先进电子制造）
CHI0001,中国语文,必修,2,32,机械设计制造及其自动化（先进电子制造）
EEE0701,电路理论,必修,2.5,40,机械设计制造及其自动化（先进电子制造）
EIC0008,人工智能概论（B）,必修,2,32,机械设计制造及其自动化（先进电子制造）
ENG3511,工程训练（一）,必修,2,4w,机械设计制造及其自动化（先进电子制造）
MASE5311,工程材料学,必修,2,32,机械设计制造及其自动化（先进电子制造）
MAT0021,微积分（B）（上）,必修,5.5,88,机械设计制造及其自动化（先进电子制造）
MAT0031,微积分（B）（下）,必修,5.5,88,机械设计制造及其自动化（先进电子制造）
MAT0121,线性代数（B）,必修,2.5,40,机械设计制造及其自动化（先进电子制造）
MAT0131,概率论与数理统计（B）,必修,2.5,40,机械设计制造及其自动化（先进电子制造）
MAT0561,复变函数与积分变换,必修,2.5,40,机械设计制造及其自动化（先进电子制造）
MAX0013,马克思主义基本原理,必修,2.5,40,机械设计制造及其自动化（先进电子制造）
MAX0022,思想道德与法治,必修,2.5,40,机械设计制造及其自动化（先进电子制造）
MAX0033,形势与政策（1-8学期）,必修,2,64,机械设计制造及其自动化（先进电子制造）
MAX0042,中国近现代史纲要,必修,2.5,40,机械设计制造及其自动化（先进电子制造）
MAX0064,毛泽东思想和中国特色社会主义理论体系概论,必修,2.5,40,机械设计制造及其自动化（先进电子制造）
MAX0072,习近平新时代中国特色社会主义思想概论,必修,3,48,机械设计制造及其自动化（先进电子制造）
MESE0002,毕业设计（论文）,必修,12,18w,机械设计制造及其自动化（先进电子制造）
MESE0012,先进电子制造装备关键技术,选修,2,32,机械设计制造及其自动化（先进电子制造）
MESE0017,机械设计理论与方法（一）,必修,3,48,机械设计制造及其自动化（先进电子制造）
MESE0051,人工智能与深度学习,选修,1.5,24,机械设计制造及其自动化（先进电子制造）
MESE0111,电子材料基础,必修,1.5,24,机械设计制造及其自动化（先进电子制造）
MESE0171,先进电子制造(一)（下）,必修,3.5,56,机械设计制造及其自动化（先进电子制造）
MESE0191,增材制造工艺及应用,选修,1.5,24,机械设计制造及其自动化（先进电子制造）
MESE0361,微电子制造工艺与装备,必修,3,3w,机械设计制造及其自动化（先进电子制造）
MESE1131,机电控制与检测（一）,必修,4,64,机械设计制造及其自动化（先进电子制造）
MESE1142,智能制造装备与工艺（一）,必修,2,32,机械设计制造及其自动化（先进电子制造）
MESE1151,先进电子制造(一)（上）,必修,2,32,机械设计制造及其自动化（先进电子制造）
MESE1291,机械工程学科导论,必修,1,18,机械设计制造及其自动化（先进电子制造）
MESE2382,机电控制与检测（二）,必修,5,80,机械设计制造及其自动化（先进电子制造）
MESE2392,智能制造装备与工艺（二）,必修,5,80,机械设计制造及其自动化（先进电子制造）
MESE2402,机械设计理论与方法（二）,必修,5,80,机械设计制造及其自动化（先进电子制造）
MESE3634,生产实习,必修,3,3w,机械设计制造及其自动化（先进电子制造）
MESE3662,专业工程训练,必修,3,3w,机械设计制造及其自动化（先进电子制造）
MESE3671,专业社会实践,必修,0.5,1w,机械设计制造及其自动化（先进电子制造）
MESE3774,机械设计创新训练,必修,4,4w,机械设计制造及其自动化（先进电子制造）
MESE5011,Python程序设计,选修,1.5,24,机械设计制造及其自动化（先进电子制造）
MESE5091,电液控制工程,选修,1.5,24,机械设计制造及其自动化（先进电子制造）
MESE5101,电子气动技术,选修,1.5,24,机械设计制造及其自动化（先进电子制造）
MESE5161,高速数字图像处理及应用,选修,1.5,24,机械设计制造及其自动化（先进电子制造）
MESE5191,功能材料基础,选修,1.5,24,机械设计制造及其自动化（先进电子制造）
MESE5221,机电产品数字化设计制造与管理,选修,1.5,24,机械设计制造及其自动化（先进电子制造）
MESE5231,机电创新决策与设计方法,选修,2,32,机械设计制造及其自动化（先进电子制造）
MESE5251,机器视觉及应用,选修,1.5,24,机械设计制造及其自动化（先进电子制造）
MESE5261,机器视觉自动检测技术,选修,1.5,24,机械设计制造及其自动化（先进电子制造）
MESE5271,机械系统创新设计,选修,2,32,机械设计制造及其自动化（先进电子制造）
MESE5291,机械振动学,选修,1.5,24,机械设计制造及其自动化（先进电子制造）
MESE5331,计算机辅助制造技术,选修,1.5,24,机械设计制造及其自动化（先进电子制造）
MESE5341,计算机控制系统,选修,1.5,24,机械设计制造及其自动化（先进电子制造）
MESE5381,交流伺服运动控制系统,选修,1.5,24,机械设计制造及其自动化（先进电子制造）
MESE5431,纳米技术导论,选修,1.5,24,机械设计制造及其自动化（先进电子制造）
MESE5451,气动控制技术,选修,1.5,24,机械设计制造及其自动化（先进电子制造）
MESE5461,汽车电子技术,选修,1.5,24,机械设计制造及其自动化（先进电子制造）
MESE5471,汽车动力学基础,选修,1.5,24,机械设计制造及其自动化（先进电子制造）
MESE5481,汽车构造,选修,1.5,24,机械设计制造及其自动化（先进电子制造）
MESE5491,汽车机电液控制技术,选修,1.5,24,机械设计制造及其自动化（先进电子制造）
MESE5501,汽车总体设计,选修,1.5,24,机械设计制造及其自动化（先进电子制造）
MESE5521,智能测控系统,选修,1.5,24,机械设计制造及其自动化（先进电子制造）
MESE5531,微机电系统技术基础与应用,选修,1.5,24,机械设计制造及其自动化（先进电子制造）
MESE5541,微系统封装技术基础,选修,1.5,24,机械设计制造及其自动化（先进电子制造）
MESE5561,无损检测,选修,1.5,24,机械设计制造及其自动化（先进电子制造）
MESE5592,质量工程,选修,1.5,24,机械设计制造及其自动化（先进电子制造）
MESE5621,先进制造技术,选修,1.5,24,机械设计制造及其自动化（先进电子制造）
MESE5641,柔性电子制造技术基础,选修,1.5,24,机械设计制造及其自动化（先进电子制造）
MESE5651,柔性制造自动化概论,选修,1.5,24,机械设计制造及其自动化（先进电子制造）
MESE5671,实时控制软件技术,选修,1.5,24,机械设计制造及其自动化（先进电子制造）
MESE5751,水液压传动技术,选修,1.5,24,机械设计制造及其自动化（先进电子制造）
MESE5761,特种加工,选修,1.5,24,机械设计制造及其自动化（先进电子制造）
MESE5781,微电子制造技术,选修,1.5,24,机械设计制造及其自动化（先进电子制造）
MESE5801,误差理论与数据处理,选修,1.5,24,机械设计制造及其自动化（先进电子制造）
MESE5841,液压元件与系统,选修,1.5,24,机械设计制造及其自动化（先进电子制造）
MESE5852,仪器智能技术,选修,1.5,24,机械设计制造及其自动化（先进电子制造）
MESE5871,有限元分析与应用,选修,1.5,24,机械设计制造及其自动化（先进电子制造）
MESE5911,现代实验方法与数据处理,选修,1.5,24,机械设计制造及其自动化（先进电子制造）
MESE6121,医疗康复机器人,选修,1.5,24,机械设计制造及其自动化（先进电子制造）
MESE6151,软体机器人,选修,1.5,24,机械设计制造及其自动化（先进电子制造）
MESE6161,穿戴式电子技术基础,选修,1.5,24,机械设计制造及其自动化（先进电子制造）
MESE6171,新型感知器件智能计算,选修,1.5,24,机械设计制造及其自动化（先进电子制造）
MESE6181,新型显示设计与制造,选修,1.5,24,机械设计制造及其自动化（先进电子制造）
MESE6191,智能高速机器视觉技术,选修,1.5,24,机械设计制造及其自动化（先进电子制造）
MESE6201,先进电子封装技术,选修,1.5,24,机械设计制造及其自动化（先进电子制造）
MESE6221,芯片制造测试技术,选修,1.5,24,机械设计制造及其自动化（先进电子制造）
MESE6231,封装测试技术,选修,1.5,24,机械设计制造及其自动化（先进电子制造）
MESE6251,先进电子制造(二)（上）,选修,2,32,机械设计制造及其自动化（先进电子制造）
MESE6262,先进电子制造(二)（下）,选修,3.5,56,机械设计制造及其自动化（先进电子制造）
MESE6272,先进电子制造(三)（上）,选修,2.5,40,机械设计制造及其自动化（先进电子制造）
MESE6281,先进电子制造(三)（下）,选修,2,32,机械设计制造及其自动化（先进电子制造）
MESE6291,微纳表征测试技术,选修,1.5,24,机械设计制造及其自动化（先进电子制造）
MESE6301,光电能源器件设计与制造,选修,1.5,24,机械设计制造及其自动化（先进电子制造）
MESE6311,柔性传感与机器人应用,选修,1.5,24,机械设计制造及其自动化（先进电子制造）
MESE6342,机电控制与检测（三）,选修,2.5,40,机械设计制造及其自动化（先进电子制造）
MESE6361,智能服务,选修,1.5,24,机械设计制造及其自动化（先进电子制造）
MESE6371,知识工程与应用,选修,1.5,24,机械设计制造及其自动化（先进电子制造）
MESE6391,数字孪生与边缘计算技术,选修,1.5,24,机械设计制造及其自动化（先进电子制造）
MESE6401,工业物联网及应用,选修,1.5,24,机械设计制造及其自动化（先进电子制造）
MESE6571,现代数控编程与机器人加工技术,选修,1.5,24,机械设计制造及其自动化（先进电子制造）
NCC0001,计算机及程序设计基础（C++),必修,3,48,机械设计制造及其自动化（先进电子制造）
PHE0003,大学体育（一）（1-2学期）,必修,1.8,60,机械设计制造及其自动化（先进电子制造）
PHE0013,大学体育（二）（3-4学期）,必修,1.8,60,机械设计制造及其自动化（先进电子制造）
PHE0023,大学体育（三）（5-6学期）,必修,0.4,24,机械设计制造及其自动化（先进电子制造）
PHY0171,大学物理（A）（上）,必修,4,64,机械设计制造及其自动化（先进电子制造）
PHY0181,大学物理（A）（下）,必修,4,64,机械设计制造及其自动化（先进电子制造）
PHY0191,物理实验（上）,必修,2,32,机械设计制造及其自动化（先进电子制造）
PHY0201,物理实验（下）,必修,1.5,24,机械设计制造及其自动化（先进电子制造）
SFL0004,综合英语（一）,必修,2.5,40,机械设计制造及其自动化（先进电子制造）
SFL0014,综合英语（二）,必修,2.5,40,机械设计制造及其自动化（先进电子制造）
AE0611,理论力学（二）,必修,3.5,56,机械设计制造及其自动化（智能制造启明实验班）
AE0662,材料力学,必修,3.5,56,机械设计制造及其自动化（智能制造启明实验班）
AE0711,工程力学实验,必修,0.5,16,机械设计制造及其自动化（智能制造启明实验班）
CHI0001,中国语文,必修,2,32,机械设计制造及其自动化（智能制造启明实验班）
EEE0701,电路理论,必修,2.5,40,机械设计制造及其自动化（智能制造启明实验班）
EIC0008,人工智能概论（B）,必修,2,32,机械设计制造及其自动化（智能制造启明实验班）
ENG3511,工程训练（一）,必修,2,4w,机械设计制造及其自动化（智能制造启明实验班）
EPE0522,热工基础,必修,2.5,40,机械设计制造及其自动化（智能制造启明实验班）
MASE5311,工程材料学,必修,2,32,机械设计制造及其自动化（智能制造启明实验班）
MAT0001,高等数学（A）（上）,必修,5.5,88,机械设计制造及其自动化（智能制造启明实验班）
MAT0011,高等数学（A）（下）,必修,5.5,88,机械设计制造及其自动化（智能制造启明实验班）
MAT0121,线性代数（B）,必修,2.5,40,机械设计制造及其自动化（智能制造启明实验班）
MAT0131,概率论与数理统计（B）,必修,2.5,40,机械设计制造及其自动化（智能制造启明实验班）
MAT0561,复变函数与积分变换,必修,2.5,40,机械设计制造及其自动化（智能制造启明实验班）
MAX0013,马克思主义基本原理,必修,2.5,40,机械设计制造及其自动化（智能制造启明实验班）
MAX0022,思想道德与法治,必修,2.5,40,机械设计制造及其自动化（智能制造启明实验班）
MAX0033,形势与政策（1-8学期）,必修,2,64,机械设计制造及其自动化（智能制造启明实验班）
MAX0042,中国近现代史纲要,必修,2.5,40,机械设计制造及其自动化（智能制造启明实验班）
MAX0064,毛泽东思想和中国特色社会主义理论体系概论,必修,2.5,40,机械设计制造及其自动化（智能制造启明实验班）
MAX0072,习近平新时代中国特色社会主义思想概论,必修,3,48,机械设计制造及其自动化（智能制造启明实验班）
MESE0002,毕业设计（论文）,必修,12,18w,机械设计制造及其自动化（智能制造启明实验班）
MESE0015,创成式设计方法及应用,必修,1.5,24,机械设计制造及其自动化（智能制造启明实验班）
MESE0017,机械设计理论与方法（一）,必修,3,48,机械设计制造及其自动化（智能制造启明实验班）
MESE0018,机械工程智能系统（一）,必修,2,32,机械设计制造及其自动化（智能制造启明实验班）
MESE0027,软件技术基础,必修,3,48,机械设计制造及其自动化（智能制造启明实验班）
MESE0201,科研认知实践,必修,3,15w,机械设计制造及其自动化（智能制造启明实验班）
MESE0321,科研训练（一）,必修,2.5,10w,机械设计制造及其自动化（智能制造启明实验班）
MESE0331,科研训练（二）,必修,3,15w,机械设计制造及其自动化（智能制造启明实验班）
MESE0341,科研训练（三）,必修,3,15w,机械设计制造及其自动化（智能制造启明实验班）
MESE1131,机电控制与检测（一）,必修,4,64,机械设计制造及其自动化（智能制造启明实验班）
MESE1142,智能制造装备与工艺（一）,必修,2,32,机械设计制造及其自动化（智能制造启明实验班）
MESE1291,机械工程学科导论,必修,1,18,机械设计制造及其自动化（智能制造启明实验班）
MESE2021,传感器技术,选修,2,32,机械设计制造及其自动化（智能制造启明实验班）
MESE2281,生产系统建模与仿真,选修,2,32,机械设计制造及其自动化（智能制造启明实验班）
MESE2382,机电控制与检测（二）,必修,5,80,机械设计制造及其自动化（智能制造启明实验班）
MESE2392,智能制造装备与工艺（二）,必修,5,80,机械设计制造及其自动化（智能制造启明实验班）
MESE2402,机械设计理论与方法（二）,必修,5,80,机械设计制造及其自动化（智能制造启明实验班）
MESE5231,机电创新决策与设计方法,选修,2,32,机械设计制造及其自动化（智能制造启明实验班）
MESE5321,计算方法（二）,选修,2,32,机械设计制造及其自动化（智能制造启明实验班）
MESE5642,柔性电子制造技术基础,选修,2,32,机械设计制造及其自动化（智能制造启明实验班）
MESE5662,机器人学,选修,2.5,40,机械设计制造及其自动化（智能制造启明实验班）
MESE5732,数控技术,选修,2.5,40,机械设计制造及其自动化（智能制造启明实验班）
MESE5832,液压与气压传动,选修,2.5,40,机械设计制造及其自动化（智能制造启明实验班）
MESE6322,机械设计理论与方法（三）,选修,2.5,40,机械设计制造及其自动化（智能制造启明实验班）
MESE6342,机电控制与检测（三）,选修,2.5,40,机械设计制造及其自动化（智能制造启明实验班）
MESE6351,机械系统动力学,选修,2,32,机械设计制造及其自动化（智能制造启明实验班）
NAO0571,流体力学（一）,必修,2,32,机械设计制造及其自动化（智能制造启明实验班）
PHE0003,大学体育（一）（1-2学期）,必修,1.8,60,机械设计制造及其自动化（智能制造启明实验班）
PHE0013,大学体育（二）（3-4学期）,必修,1.8,60,机械设计制造及其自动化（智能制造启明实验班）
PHE0023,大学体育（三）（5-6学期）,必修,0.4,24,机械设计制造及其自动化（智能制造启明实验班）
PHY0171,大学物理（A）（上）,必修,4,64,机械设计制造及其自动化（智能制造启明实验班）
PHY0181,大学物理（A）（下）,必修,4,64,机械设计制造及其自动化（智能制造启明实验班）
PHY0191,物理实验（上）,必修,2,32,机械设计制造及其自动化（智能制造启明实验班）
PHY0201,物理实验（下）,必修,1.5,24,机械设计制造及其自动化（智能制造启明实验班）
QMXY0011,科学思维与研究方法（新生研讨课）,必修,1,16,机械设计制造及其自动化（智能制造启明实验班）
SFL0004,综合英语（一）,必修,2.5,40,机械设计制造及其自动化（智能制造启明实验班）
AE0611,理论力学（二）,必修,3.5,56,机械设计制造及其自动化（智能制造）
AE0662,材料力学,必修,3.5,56,机械设计制造及其自动化（智能制造）
AE0711,工程力学实验,必修,0.5,16,机械设计制造及其自动化（智能制造）
CHI0001,中国语文,必修,2,32,机械设计制造及其自动化（智能制造）
EEE0701,电路理论,必修,2.5,40,机械设计制造及其自动化（智能制造）
EIC0008,人工智能概论（B）,必修,2,32,机械设计制造及其自动化（智能制造）
ENG0000,智能系统多领域建模工程训练,必修,1,2w,机械设计制造及其自动化（智能制造）
ENG3511,工程训练（一）,必修,2,4w,机械设计制造及其自动化（智能制造）
EPE0522,热工基础,必修,2.5,40,机械设计制造及其自动化（智能制造）
MASE5311,工程材料学,必修,2,32,机械设计制造及其自动化（智能制造）
MAT0021,微积分（B）（上）,必修,5.5,88,机械设计制造及其自动化（智能制造）
MAT0031,微积分（B）（下）,必修,5.5,88,机械设计制造及其自动化（智能制造）
MAT0121,线性代数（B）,必修,2.5,40,机械设计制造及其自动化（智能制造）
MAT0131,概率论与数理统计（B）,必修,2.5,40,机械设计制造及其自动化（智能制造）
MAT0561,复变函数与积分变换,必修,2.5,40,机械设计制造及其自动化（智能制造）
MAX0013,马克思主义基本原理,必修,2.5,40,机械设计制造及其自动化（智能制造）
MAX0022,思想道德与法治,必修,2.5,40,机械设计制造及其自动化（智能制造）
MAX0033,形势与政策（1-8学期）,必修,2,64,机械设计制造及其自动化（智能制造）
MAX0042,中国近现代史纲要,必修,2.5,40,机械设计制造及其自动化（智能制造）
MAX0064,毛泽东思想和中国特色社会主义理论体系概论,必修,2.5,40,机械设计制造及其自动化（智能制造）
MAX0072,习近平新时代中国特色社会主义思想概论,必修,3,48,机械设计制造及其自动化（智能制造）
MESE0002,毕业设计（论文）,必修,12,18w,机械设计制造及其自动化（智能制造）
MESE0005,工业控制软件工程,选修,2,32,机械设计制造及其自动化（智能制造）
MESE0006,多领域系统统一建模与仿真,选修,2,32,机械设计制造及其自动化（智能制造）
MESE0007,智能流体传动与控制,选修,2,32,机械设计制造及其自动化（智能制造）
MESE0012,先进电子制造装备关键技术,选修,2,32,机械设计制造及其自动化（智能制造）
MESE0017,机械设计理论与方法（一）,必修,3,48,机械设计制造及其自动化（智能制造）
MESE0018,机械工程智能系统（一）,必修,2,32,机械设计制造及其自动化（智能制造）
MESE0051,人工智能与深度学习,选修,1.5,24,机械设计制造及其自动化（智能制造）
MESE0191,增材制造工艺及应用,选修,1.5,24,机械设计制造及其自动化（智能制造）
MESE0241,智能制造导论,必修,2,32,机械设计制造及其自动化（智能制造）
MESE0311,机械设计创新训练（二),必修,2,2w,机械设计制造及其自动化（智能制造）
MESE1131,机电控制与检测（一）,必修,4,64,机械设计制造及其自动化（智能制造）
MESE1142,智能制造装备与工艺（一）,必修,2,32,机械设计制造及其自动化（智能制造）
MESE1291,机械工程学科导论,必修,1,18,机械设计制造及其自动化（智能制造）
MESE2382,机电控制与检测（二）,必修,5,80,机械设计制造及其自动化（智能制造）
MESE2392,智能制造装备与工艺（二）,必修,5,80,机械设计制造及其自动化（智能制造）
MESE2402,机械设计理论与方法（二）,必修,5,80,机械设计制造及其自动化（智能制造）
MESE3634,生产实习,必修,3,3w,机械设计制造及其自动化（智能制造）
MESE3662,专业工程训练,必修,3,3w,机械设计制造及其自动化（智能制造）
MESE3671,专业社会实践,必修,0.5,1w,机械设计制造及其自动化（智能制造）
MESE3774,机械设计创新训练,必修,4,4w,机械设计制造及其自动化（智能制造）
MESE5011,Python程序设计,选修,1.5,24,机械设计制造及其自动化（智能制造）
MESE5091,电液控制工程,选修,1.5,24,机械设计制造及其自动化（智能制造）
MESE5101,电子气动技术,选修,1.5,24,机械设计制造及其自动化（智能制造）
MESE5161,高速数字图像处理及应用,选修,1.5,24,机械设计制造及其自动化（智能制造）
MESE5191,功能材料基础,选修,1.5,24,机械设计制造及其自动化（智能制造）
MESE5221,机电产品数字化设计制造与管理,选修,1.5,24,机械设计制造及其自动化（智能制造）
MESE5231,机电创新决策与设计方法,选修,2,32,机械设计制造及其自动化（智能制造）
MESE5251,机器视觉及应用,选修,1.5,24,机械设计制造及其自动化（智能制造）
MESE5261,机器视觉自动检测技术,选修,1.5,24,机械设计制造及其自动化（智能制造）
MESE5271,机械系统创新设计,选修,2,32,机械设计制造及其自动化（智能制造）
MESE5291,机械振动学,选修,1.5,24,机械设计制造及其自动化（智能制造）
MESE5321,计算方法（二）,选修,2,32,机械设计制造及其自动化（智能制造）
MESE5331,计算机辅助制造技术,选修,1.5,24,机械设计制造及其自动化（智能制造）
MESE5341,计算机控制系统,选修,1.5,24,机械设计制造及其自动化（智能制造）
MESE5381,交流伺服运动控制系统,选修,1.5,24,机械设计制造及其自动化（智能制造）
MESE5431,纳米技术导论,选修,1.5,24,机械设计制造及其自动化（智能制造）
MESE5451,气动控制技术,选修,1.5,24,机械设计制造及其自动化（智能制造）
MESE5461,汽车电子技术,选修,1.5,24,机械设计制造及其自动化（智能制造）
MESE5471,汽车动力学基础,选修,1.5,24,机械设计制造及其自动化（智能制造）
MESE5481,汽车构造,选修,1.5,24,机械设计制造及其自动化（智能制造）
MESE5491,汽车机电液控制技术,选修,1.5,24,机械设计制造及其自动化（智能制造）
MESE5501,汽车总体设计,选修,1.5,24,机械设计制造及其自动化（智能制造）
MESE5521,智能测控系统,选修,1.5,24,机械设计制造及其自动化（智能制造）
MESE5531,微机电系统技术基础与应用,选修,1.5,24,机械设计制造及其自动化（智能制造）
MESE5541,微系统封装技术基础,选修,1.5,24,机械设计制造及其自动化（智能制造）
MESE5561,无损检测,选修,1.5,24,机械设计制造及其自动化（智能制造）
MESE5592,质量工程,选修,1.5,24,机械设计制造及其自动化（智能制造）
MESE5621,先进制造技术,选修,1.5,24,机械设计制造及其自动化（智能制造）
MESE5641,柔性电子制造技术基础,选修,1.5,24,机械设计制造及其自动化（智能制造）
MESE5651,柔性制造自动化概论,选修,1.5,24,机械设计制造及其自动化（智能制造）
MESE5662,机器人学,选修,2.5,40,机械设计制造及其自动化（智能制造）
MESE5671,实时控制软件技术,选修,1.5,24,机械设计制造及其自动化（智能制造）
MESE5732,数控技术,选修,2.5,40,机械设计制造及其自动化（智能制造）
MESE5751,水液压传动技术,选修,1.5,24,机械设计制造及其自动化（智能制造）
MESE5761,特种加工,选修,1.5,24,机械设计制造及其自动化（智能制造）
MESE5781,微电子制造技术,选修,1.5,24,机械设计制造及其自动化（智能制造）
MESE5801,误差理论与数据处理,选修,1.5,24,机械设计制造及其自动化（智能制造）
MESE5832,液压与气压传动,选修,2.5,40,机械设计制造及其自动化（智能制造）
MESE5841,液压元件与系统,选修,1.5,24,机械设计制造及其自动化（智能制造）
MESE5852,仪器智能技术,选修,1.5,24,机械设计制造及其自动化（智能制造）
MESE5871,有限元分析与应用,选修,1.5,24,机械设计制造及其自动化（智能制造）
MESE5911,现代实验方法与数据处理,选修,1.5,24,机械设计制造及其自动化（智能制造）
MESE6121,医疗康复机器人,选修,1.5,24,机械设计制造及其自动化（智能制造）
MESE6322,机械设计理论与方法（三）,选修,2.5,40,机械设计制造及其自动化（智能制造）
MESE6332,智能制造装备与工艺（三）,选修,2.5,40,机械设计制造及其自动化（智能制造）
MESE6342,机电控制与检测（三）,选修,2.5,40,机械设计制造及其自动化（智能制造）
MESE6351,机械系统动力学,选修,2,32,机械设计制造及其自动化（智能制造）
MESE6361,智能服务,选修,1.5,24,机械设计制造及其自动化（智能制造）
MESE6371,知识工程与应用,选修,1.5,24,机械设计制造及其自动化（智能制造）
MESE6391,数字孪生与边缘计算技术,选修,1.5,24,机械设计制造及其自动化（智能制造）
MESE6401,工业物联网及应用,选修,1.5,24,机械设计制造及其自动化（智能制造）
MESE6571,现代数控编程与机器人加工技术,选修,1.5,24,机械设计制造及其自动化（智能制造）
NAO0571,流体力学（一）,必修,2,32,机械设计制造及其自动化（智能制造）
NCC0001,计算机及程序设计基础（C++),必修,3,48,机械设计制造及其自动化（智能制造）
PHE0003,大学体育（一）（1-2学期）,必修,1.8,60,机械设计制造及其自动化（智能制造）
PHE0013,大学体育（二）（3-4学期）,必修,1.8,60,机械设计制造及其自动化（智能制造）
PHE0023,大学体育（三）（5-6学期）,必修,0.4,24,机械设计制造及其自动化（智能制造）
PHY0171,大学物理（A）（上）,必修,4,64,机械设计制造及其自动化（智能制造）
PHY0181,大学物理（A）（下）,必修,4,64,机械设计制造及其自动化（智能制造）
PHY0191,物理实验（上）,必修,2,32,机械设计制造及其自动化（智能制造）
PHY0201,物理实验（下）,必修,1.5,24,机械设计制造及其自动化（智能制造）
SFL0004,综合英语（一）,必修,2.5,40,机械设计制造及其自动化（智能制造）
SFL0014,综合英语（二）,必修,2.5,40,机械设计制造及其自动化（智能制造）
AE0651,理论力学（三）,必修,3,48,材料成型及控制工程
CEM0522,材料力学（二）,必修,3.5,56,材料成型及控制工程
CHI0001,中国语文,必修,2,32,材料成型及控制工程
CST0048,人工智能概论（A）,必修,2,32,材料成型及控制工程
EEE0006,电路与模拟电子技术,必修,2,32,材料成型及控制工程
EEE5321,数字电路,必修,2,32,材料成型及控制工程
ENG3511,工程训练（一）,必修,2,4w,材料成型及控制工程
ENG3521,工程训练（五）,必修,0.5,1w,材料成型及控制工程
EPE2021,工程传热学（一）,必修,2,32,材料成型及控制工程
EPE2072,工程测试技术,必修,1.5,24,材料成型及控制工程
MASE0006,数据库技术及应用,必修,2,32,材料成型及控制工程
MASE0012,毕业设计（论文）,必修,14,14w,材料成型及控制工程
MASE0013,数据结构,选修,1.5,24,材料成型及控制工程
MASE0014,材料成形工业软件开发与应用,选修,2.5,40,材料成型及控制工程
MASE0015,软件工程基础,选修,1.5,24,材料成型及控制工程
MASE0016,增材制造设计与构件评测,选修,1.5,24,材料成型及控制工程
MASE0017,增材制造材料及应用,选修,2.5,40,材料成型及控制工程
MASE0018,增材制造技术原理及应用,选修,1.5,24,材料成型及控制工程
MASE0019,材料智能成形（Ⅱ）非金属成形,选修,1.5,24,材料成型及控制工程
MASE0020,材料智能成形(Ⅰ)金属成形,选修,2.5,40,材料成型及控制工程
MASE0021,增材制造装备及控制,选修,1.5,24,材料成型及控制工程
MASE0022,材料智能成形技术基础,选修,1.5,24,材料成型及控制工程
MASE0031,青铜文化与艺术铸造,选修,1.5,24,材料成型及控制工程
MASE0038,材料专业创新创业导论,必修,1.5,24,材料成型及控制工程
MASE0040,专业社会实践,必修,1,1w,材料成型及控制工程
MASE0042,专业课程设计,必修,3,3w,材料成型及控制工程
MASE0043,生产实习,必修,3,3w,材料成型及控制工程
MASE0045,工程控制基础,必修,1.5,24,材料成型及控制工程
MASE0046,工程控制实验（一）,必修,0.5,8,材料成型及控制工程
MASE0047,工程测试技术实验（一）,必修,0.5,8,材料成型及控制工程
MASE0048,机械设计,必修,1.5,24,材料成型及控制工程
MASE0049,材料工程检测与控制系统综合实验,必修,0.5,8,材料成型及控制工程
MASE0050,材料精密成形综合实验（铸锻焊注塑）,必修,2,32,材料成型及控制工程
MASE0052,模具CAD/CAE/CAM一体化综合实验,必修,1,16,材料成型及控制工程
MASE0053,机械基础工程训练,必修,3,3w,材料成型及控制工程
MASE0151,算法设计与分析,选修,1.5,24,材料成型及控制工程
MASE0161,Python设计基础,选修,1.5,24,材料成型及控制工程
MASE0631,工程化学,必修,2,32,材料成型及控制工程
MASE0681,微机原理,选修,2,32,材料成型及控制工程
MASE0711,学科（专业）概论,必修,1,16,材料成型及控制工程
MASE2021,材料成型理论基础,必修,3.5,56,材料成型及控制工程
MASE2031,材料成型装备及自动化,必修,3,48,材料成型及控制工程
MASE2041,材料加工工程,必修,3.5,56,材料成型及控制工程
MASE2151,金属学及热处理,必修,4,64,材料成型及控制工程
MASE3631,焊接电源,选修,1.5,24,材料成型及控制工程
MASE5041,CAD技术基础,必修,2,32,材料成型及控制工程
MASE5071,材料表面工程,选修,2,32,材料成型及控制工程
MASE5152,冲压工艺与模具设计,选修,1.5,24,材料成型及控制工程
MASE5331,管理与工业工程,必修,1.5,24,材料成型及控制工程
MASE5392,焊接结构,选修,1.5,24,材料成型及控制工程
MASE5411,激光加工技术,选修,1.5,24,材料成型及控制工程
MASE5451,精密模锻,选修,1.5,24,材料成型及控制工程
MASE5471,冷挤压成型工艺及模具设计,选修,1.5,24,材料成型及控制工程
MASE5501,模具材料及强化技术,选修,2,32,材料成型及控制工程
MASE5511,模具制造工艺,选修,2,32,材料成型及控制工程
MASE5561,汽车覆盖件模具/应用技术,选修,1.5,24,材料成型及控制工程
MASE5571,液压传动,必修,1.5,24,材料成型及控制工程
MASE5602,塑料成形工艺与模具设计,选修,1.5,24,材料成型及控制工程
MASE5641,新材料概论,选修,2,32,材料成型及控制工程
MASE5651,铸造企业管理与ERP技术,选修,1.5,24,材料成型及控制工程
MASE5671,计算方法一（有限元法）,选修,1.5,24,材料成型及控制工程
MASE5721,Java程序设计基础,选修,1.5,24,材料成型及控制工程
MASE5731,机器人技术基础,选修,2,32,材料成型及控制工程
MASE5741,数控技术,选修,2,32,材料成型及控制工程
MASE5761,铸造CAD/CAE及模具技术,选修,2,32,材料成型及控制工程
MASE5771,计算方法二（有限差分法),选修,1.5,24,材料成型及控制工程
MASE5822,高分子材料结构与性能,选修,1.5,24,材料成型及控制工程
MASE5881,材料的焊接性,选修,1.5,24,材料成型及控制工程
MASE5891,碳纤维复合材料及其成形工艺,选修,1.5,24,材料成型及控制工程
MASE5931,智能锻造技术与模具设计,选修,1.5,24,材料成型及控制工程
MASE5941,特种精密成形,选修,1.5,24,材料成型及控制工程
MASE5951,造型材料及工艺优化,选修,1.5,24,材料成型及控制工程
MASE5961,金属材料及熔炼,选修,1.5,24,材料成型及控制工程
MAT0021,微积分（B）（上）,必修,5.5,88,材料成型及控制工程
MAT0031,微积分（B）（下）,必修,5.5,88,材料成型及控制工程
MAT0121,线性代数（B）,必修,2.5,40,材料成型及控制工程
MAT0131,概率论与数理统计（B）,必修,2.5,40,材料成型及控制工程
MAT0532,微积分（A）（下）,必修,6.0,96,材料成型及控制工程
MAT0552,微积分（A）（上）,必修,6.0,96,材料成型及控制工程
MAT0561,复变函数与积分变换,必修,2.5,40,材料成型及控制工程
MAT0592,概率论与数理统计（A）,必修,3.0,48,材料成型及控制工程
MAX0013,马克思主义基本原理,必修,2.5,40,材料成型及控制工程
MAX0022,思想道德与法治,必修,2.5,40,材料成型及控制工程
MAX0033,形势与政策（1-8学期）,必修,2,64,材料成型及控制工程
MAX0042,中国近现代史纲要,必修,2.5,40,材料成型及控制工程
MAX0064,毛泽东思想和中国特色社会主义理论体系概论,必修,2.5,40,材料成型及控制工程
MAX0072,习近平新时代中国特色社会主义思想概论,必修,3,48,材料成型及控制工程
MESE0611,机械原理,必修,2,32,材料成型及控制工程
MESE1111,机械设计理论与方法（一）上,必修,2.5,40,材料成型及控制工程
MESE1122,机械设计理论与方法（一）下,必修,1.5,24,材料成型及控制工程
MESE6381,增材制造技术,选修,1.5,24,材料成型及控制工程
NAO0571,流体力学（一）,必修,2,32,材料成型及控制工程
NCC0001,计算机及程序设计基础（C++),必修,3,48,材料成型及控制工程
PHE0003,大学体育（一）（1-2学期）,必修,1.8,60,材料成型及控制工程
PHE0013,大学体育（二）（3-4学期）,必修,1.8,60,材料成型及控制工程
PHE0023,大学体育（三）（5-6学期）,必修,0.4,24,材料成型及控制工程
PHY0171,大学物理（A）（上）,必修,4,64,材料成型及控制工程
PHY0181,大学物理（A）（下）,必修,4,64,材料成型及控制工程
PHY0191,物理实验（上）,必修,2,32,材料成型及控制工程
PHY0201,物理实验（下）,必修,1.5,24,材料成型及控制工程
SFL0004,综合英语（一）,必修,2.5,40,材料成型及控制工程
SFL0014,综合英语（二）,必修,2.5,40,材料成型及控制工程
AE0651,理论力学（三）,必修,3,48,材料成型及控制工程（智能成形启明实验班）
CEM0522,材料力学（二）,必修,3.5,56,材料成型及控制工程（智能成形启明实验班）
CHI0001,中国语文,必修,2,32,材料成型及控制工程（智能成形启明实验班）
CST0048,人工智能概论（A）,必修,2,32,材料成型及控制工程（智能成形启明实验班）
EEE0006,电路与模拟电子技术,必修,2,32,材料成型及控制工程（智能成形启明实验班）
ENG3511,工程训练（一）,必修,2,4w,材料成型及控制工程（智能成形启明实验班）
ENG3521,工程训练（五）,必修,0.5,1w,材料成型及控制工程（智能成形启明实验班）
EPE2021,工程传热学（一）,必修,2,32,材料成型及控制工程（智能成形启明实验班）
MASE0001,C++面向对象程序设计与实践,必修,3,48,材料成型及控制工程（智能成形启明实验班）
MASE0002,材料晶体学,选修,1.5,24,材料成型及控制工程（智能成形启明实验班）
MASE0004,新生研讨课,必修,0.5,8,材料成型及控制工程（智能成形启明实验班）
MASE0005,科研认知实践,必修,0.5,8,材料成型及控制工程（智能成形启明实验班）
MASE0006,数据库技术及应用,必修,2,32,材料成型及控制工程（智能成形启明实验班）
MASE0012,毕业设计（论文）,必修,14,14w,材料成型及控制工程（智能成形启明实验班）
MASE0013,数据结构,选修,1.5,24,材料成型及控制工程（智能成形启明实验班）
MASE0014,材料成形工业软件开发与应用,选修,2.5,40,材料成型及控制工程（智能成形启明实验班）
MASE0015,软件工程基础,选修,1.5,24,材料成型及控制工程（智能成形启明实验班）
MASE0016,增材制造设计与构件评测,选修,1.5,24,材料成型及控制工程（智能成形启明实验班）
MASE0017,增材制造材料及应用,选修,2.5,40,材料成型及控制工程（智能成形启明实验班）
MASE0018,增材制造技术原理及应用,选修,1.5,24,材料成型及控制工程（智能成形启明实验班）
MASE0019,材料智能成形（Ⅱ）非金属成形,选修,1.5,24,材料成型及控制工程（智能成形启明实验班）
MASE0020,材料智能成形(Ⅰ)金属成形,选修,2.5,40,材料成型及控制工程（智能成形启明实验班）
MASE0021,增材制造装备及控制,选修,1.5,24,材料成型及控制工程（智能成形启明实验班）
MASE0022,材料智能成形技术基础,选修,1.5,24,材料成型及控制工程（智能成形启明实验班）
MASE0023,磁性物理与磁性材料,选修,1.5,24,材料成型及控制工程（智能成形启明实验班）
MASE0024,功能高分子材料,选修,1.5,24,材料成型及控制工程（智能成形启明实验班）
MASE0031,青铜文化与艺术铸造,选修,1.5,24,材料成型及控制工程（智能成形启明实验班）
MASE0038,材料专业创新创业导论,必修,1.5,24,材料成型及控制工程（智能成形启明实验班）
MASE0040,专业社会实践,必修,1,1w,材料成型及控制工程（智能成形启明实验班）
MASE0042,专业课程设计,必修,3,3w,材料成型及控制工程（智能成形启明实验班）
MASE0043,生产实习,必修,3,3w,材料成型及控制工程（智能成形启明实验班）
MASE0048,机械设计,必修,1.5,24,材料成型及控制工程（智能成形启明实验班）
MASE0052,模具CAD/CAE/CAM一体化综合实验,必修,1,16,材料成型及控制工程（智能成形启明实验班）
MASE0053,机械基础工程训练,必修,3,3w,材料成型及控制工程（智能成形启明实验班）
MASE0054,材料科学基础实验,必修,0.5,8,材料成型及控制工程（智能成形启明实验班）
MASE0055,科技写作,必修,1,1w,材料成型及控制工程（智能成形启明实验班）
MASE0056,"工程创新实践（大学生科创活动，任意参加一次竞赛，
课外）",必修,3,3w,材料成型及控制工程（智能成形启明实验班）
MASE0057,材料成型创新实践（实验班）,必修,1,16,材料成型及控制工程（智能成形启明实验班）
MASE0058,材料成型基础实验,必修,1,16,材料成型及控制工程（智能成形启明实验班）
MASE0141,增材制造技术,选修,1.5,24,材料成型及控制工程（智能成形启明实验班）
MASE0151,算法设计与分析,选修,1.5,24,材料成型及控制工程（智能成形启明实验班）
MASE0161,Python设计基础,选修,1.5,24,材料成型及控制工程（智能成形启明实验班）
MASE0241,双碳能源战略,选修,1.5,24,材料成型及控制工程（智能成形启明实验班）
MASE0251,材料大数据与机器学习,选修,1.5,24,材料成型及控制工程（智能成形启明实验班）
MASE0261,金属智能设计与制造,选修,1.5,24,材料成型及控制工程（智能成形启明实验班）
MASE0271,智能材料与器件,选修,1.5,24,材料成型及控制工程（智能成形启明实验班）
MASE0281,电子材料,选修,1.5,24,材料成型及控制工程（智能成形启明实验班）
MASE0341,智能复合材料,选修,1.5,24,材料成型及控制工程（智能成形启明实验班）
MASE0541,材料科学基础（上）,必修,3,48,材料成型及控制工程（智能成形启明实验班）
MASE0551,材料科学基础（下）,必修,2.5,40,材料成型及控制工程（智能成形启明实验班）
MASE0631,工程化学,必修,2,32,材料成型及控制工程（智能成形启明实验班）
MASE0681,微机原理,选修,2,32,材料成型及控制工程（智能成形启明实验班）
MASE0711,学科（专业）概论,必修,1,16,材料成型及控制工程（智能成形启明实验班）
MASE2021,材料成型理论基础,必修,3.5,56,材料成型及控制工程（智能成形启明实验班）
MASE2031,材料成型装备及自动化,必修,3,48,材料成型及控制工程（智能成形启明实验班）
MASE2041,材料加工工程,必修,3.5,56,材料成型及控制工程（智能成形启明实验班）
MASE3631,焊接电源,选修,1.5,24,材料成型及控制工程（智能成形启明实验班）
MASE3641,有机材料合成,选修,1.5,24,材料成型及控制工程（智能成形启明实验班）
MASE5021,3D打印材料,选修,1.5,24,材料成型及控制工程（智能成形启明实验班）
MASE5041,CAD技术基础,必修,2,32,材料成型及控制工程（智能成形启明实验班）
MASE5072,材料表面工程,选修,1.5,24,材料成型及控制工程（智能成形启明实验班）
MASE5111,材料失效分析,选修,1.5,24,材料成型及控制工程（智能成形启明实验班）
MASE5152,冲压工艺与模具设计,选修,1.5,24,材料成型及控制工程（智能成形启明实验班）
MASE5172,电子材料测试技术,选修,1.5,24,材料成型及控制工程（智能成形启明实验班）
MASE5262,电子制造技术,选修,1.5,24,材料成型及控制工程（智能成形启明实验班）
MASE5291,粉末材料成型,选修,1.5,24,材料成型及控制工程（智能成形启明实验班）
MASE5342,光电材料与器件,选修,1.5,24,材料成型及控制工程（智能成形启明实验班）
MASE5392,焊接结构,选修,1.5,24,材料成型及控制工程（智能成形启明实验班）
MASE5411,激光加工技术,选修,1.5,24,材料成型及控制工程（智能成形启明实验班）
MASE5431,检测与控制,必修,2,32,材料成型及控制工程（智能成形启明实验班）
MASE5451,精密模锻,选修,1.5,24,材料成型及控制工程（智能成形启明实验班）
MASE5471,冷挤压成型工艺及模具设计,选修,1.5,24,材料成型及控制工程（智能成形启明实验班）
MASE5501,模具材料及强化技术,选修,2,32,材料成型及控制工程（智能成形启明实验班）
MASE5511,模具制造工艺,选修,2,32,材料成型及控制工程（智能成形启明实验班）
MASE5522,纳米材料和技术,选修,1.5,24,材料成型及控制工程（智能成形启明实验班）
MASE5561,汽车覆盖件模具/应用技术,选修,1.5,24,材料成型及控制工程（智能成形启明实验班）
MASE5571,液压传动,必修,1.5,24,材料成型及控制工程（智能成形启明实验班）
MASE5602,塑料成形工艺与模具设计,选修,1.5,24,材料成型及控制工程（智能成形启明实验班）
MASE5632,生物材料学,选修,1.5,24,材料成型及控制工程（智能成形启明实验班）
MASE5641,新材料概论,选修,2,32,材料成型及控制工程（智能成形启明实验班）
MASE5651,铸造企业管理与ERP技术,选修,1.5,24,材料成型及控制工程（智能成形启明实验班）
MASE5671,计算方法一（有限元法）,选修,1.5,24,材料成型及控制工程（智能成形启明实验班）
MASE5721,Java程序设计基础,选修,1.5,24,材料成型及控制工程（智能成形启明实验班）
MASE5731,机器人技术基础,选修,2,32,材料成型及控制工程（智能成形启明实验班）
MASE5741,数控技术,选修,2,32,材料成型及控制工程（智能成形启明实验班）
MASE5761,铸造CAD/CAE及模具技术,选修,2,32,材料成型及控制工程（智能成形启明实验班）
MASE5771,计算方法二（有限差分法),选修,1.5,24,材料成型及控制工程（智能成形启明实验班）
MASE5822,高分子材料结构与性能,选修,1.5,24,材料成型及控制工程（智能成形启明实验班）
MASE5832,电化学原理和方法,选修,1.5,24,材料成型及控制工程（智能成形启明实验班）
MASE5881,材料的焊接性,选修,1.5,24,材料成型及控制工程（智能成形启明实验班）
MASE5891,碳纤维复合材料及其成形工艺,选修,1.5,24,材料成型及控制工程（智能成形启明实验班）
MASE5931,智能锻造技术与模具设计,选修,1.5,24,材料成型及控制工程（智能成形启明实验班）
MASE5941,特种精密成形,选修,1.5,24,材料成型及控制工程（智能成形启明实验班）
MASE5951,造型材料及工艺优化,选修,1.5,24,材料成型及控制工程（智能成形启明实验班）
MASE5961,金属材料及熔炼,选修,1.5,24,材料成型及控制工程（智能成形启明实验班）
MAT0121,线性代数（B）,必修,2.5,40,材料成型及控制工程（智能成形启明实验班）
MAT0532,微积分（A）（下）,必修,6,96,材料成型及控制工程（智能成形启明实验班）
MAT0552,微积分（A）（上）,必修,6,96,材料成型及控制工程（智能成形启明实验班）
MAT0561,复变函数与积分变换,必修,2.5,40,材料成型及控制工程（智能成形启明实验班）
MAT0592,概率论与数理统计（A）,必修,3,48,材料成型及控制工程（智能成形启明实验班）
MAX0013,马克思主义基本原理,必修,2.5,40,材料成型及控制工程（智能成形启明实验班）
MAX0022,思想道德与法治,必修,2.5,40,材料成型及控制工程（智能成形启明实验班）
MAX0033,形势与政策（1-8学期）,必修,2,64,材料成型及控制工程（智能成形启明实验班）
MAX0042,中国近现代史纲要,必修,2.5,40,材料成型及控制工程（智能成形启明实验班）
MAX0064,毛泽东思想和中国特色社会主义理论体系概论,必修,2.5,40,材料成型及控制工程（智能成形启明实验班）
MAX0072,习近平新时代中国特色社会主义思想概论,必修,3,48,材料成型及控制工程（智能成形启明实验班）
MESE0611,机械原理,必修,2,32,材料成型及控制工程（智能成形启明实验班）
MESE1111,机械设计理论与方法（一）上,必修,2.5,40,材料成型及控制工程（智能成形启明实验班）
MESE1122,机械设计理论与方法（一）下,必修,1.5,24,材料成型及控制工程（智能成形启明实验班）
NAO0571,流体力学（一）,必修,2,32,材料成型及控制工程（智能成形启明实验班）
PHE0003,大学体育（一）（1-2学期）,必修,1.8,60,材料成型及控制工程（智能成形启明实验班）
PHE0013,大学体育（二）（3-4学期）,必修,1.8,60,材料成型及控制工程（智能成形启明实验班）
PHE0023,大学体育（三）（5-6学期）,必修,0.4,24,材料成型及控制工程（智能成形启明实验班）
PHY0171,大学物理（A）（上）,必修,4,64,材料成型及控制工程（智能成形启明实验班）
PHY0181,大学物理（A）（下）,必修,4,64,材料成型及控制工程（智能成形启明实验班）
PHY0191,物理实验（上）,必修,2,32,材料成型及控制工程（智能成形启明实验班）
PHY0201,物理实验（下）,必修,1.5,24,材料成型及控制工程（智能成形启明实验班）
SFL0004,综合英语（一）,必修,2.5,40,材料成型及控制工程（智能成形启明实验班）
SFL0014,综合英语（二）,必修,2.5,40,材料成型及控制工程（智能成形启明实验班）
CHE5401,固体物理,必修,3,48,材料科学与工程
CHI0001,中国语文,必修,2,32,材料科学与工程
CST0048,人工智能概论（A）,必修,2,32,材料科学与工程
ENG3511,工程训练（一）,必修,2,4w,材料科学与工程
ENG3521,工程训练（五）,必修,0.5,1w,材料科学与工程
EPE5691,新能源材料,必修,2,32,材料科学与工程
MASE0002,材料晶体学,选修,1.5,24,材料科学与工程
MASE0008,物理化学（上）,必修,1.75,28,材料科学与工程
MASE0009,物理化学（下）,必修,1.75,28,材料科学与工程
MASE0012,毕业设计（论文）,必修,14,14w,材料科学与工程
MASE0023,磁性物理与磁性材料,选修,1.5,24,材料科学与工程
MASE0024,功能高分子材料,选修,1.5,24,材料科学与工程
MASE0025,智能高分子材料,必修,2,32,材料科学与工程
MASE0027,先进金属材料,必修,2,32,材料科学与工程
MASE0028,材料物理与力学性能,必修,3.5,56,材料科学与工程
MASE0029,金属材料制备及组织性能综合实验,必修,1.5,24,材料科学与工程
MASE0030,材料物理性能综合实验,必修,1.5,24,材料科学与工程
MASE0032,先进材料综合实验课程,必修,1.5,24,材料科学与工程
MASE0033,非金属材料制备及组织性能综合实验,必修,1.5,24,材料科学与工程
MASE0035,物理化学实验,必修,1.5,24,材料科学与工程
MASE0038,材料专业创新创业导论,必修,1.5,24,材料科学与工程
MASE0039,量子力学,必修,2.5,40,材料科学与工程
MASE0040,专业社会实践,必修,1,1w,材料科学与工程
MASE0042,专业课程设计,必修,3,3w,材料科学与工程
MASE0043,生产实习,必修,3,3w,材料科学与工程
MASE0172,电工技术,必修,2,32,材料科学与工程
MASE0181,计算材料学,必修,3,48,材料科学与工程
MASE0241,双碳能源战略,选修,1.5,24,材料科学与工程
MASE0251,材料大数据与机器学习,选修,1.5,24,材料科学与工程
MASE0261,金属智能设计与制造,选修,1.5,24,材料科学与工程
MASE0271,智能材料与器件,选修,1.5,24,材料科学与工程
MASE0281,电子材料,选修,1.5,24,材料科学与工程
MASE0331,材料加工工程（III）,必修,2,32,材料科学与工程
MASE0341,智能复合材料,选修,1.5,24,材料科学与工程
MASE0351,工程力学（三）,必修,2.5,40,材料科学与工程
MASE0541,材料科学基础（上）,必修,3,48,材料科学与工程
MASE0551,材料科学基础（下）,必修,2.5,40,材料科学与工程
MASE0631,工程化学,必修,2,32,材料科学与工程
MASE0651,现代分析测试,必修,2.5,40,材料科学与工程
MASE0711,学科（专业）概论,必修,1,16,材料科学与工程
MASE0751,半导体物理与器件,必修,3,48,材料科学与工程
MASE0761,材料实验室安全,必修,1,16,材料科学与工程
MASE2161,热处理原理与工艺,必修,3,48,材料科学与工程
MASE2241,先进陶瓷材料,必修,3,48,材料科学与工程
MASE3641,有机材料合成,选修,1.5,24,材料科学与工程
MASE5021,3D打印材料,选修,1.5,24,材料科学与工程
MASE5072,材料表面工程,选修,1.5,24,材料科学与工程
MASE5111,材料失效分析,选修,1.5,24,材料科学与工程
MASE5172,电子材料测试技术,选修,1.5,24,材料科学与工程
MASE5261,电子制造技术,选修,2,32,材料科学与工程
MASE5291,粉末材料成型,选修,1.5,24,材料科学与工程
MASE5342,光电材料与器件,选修,1.5,24,材料科学与工程
MASE5432,检测与控制,选修,1.5,24,材料科学与工程
MASE5502,模具材料及强化技术,选修,1.5,24,材料科学与工程
MASE5522,纳米材料和技术,选修,1.5,24,材料科学与工程
MASE5632,生物材料学,选修,1.5,24,材料科学与工程
MASE5832,电化学原理和方法,选修,1.5,24,材料科学与工程
MAT0021,微积分（B）（上）,必修,5.5,88,材料科学与工程
MAT0031,微积分（B）（下）,必修,5.5,88,材料科学与工程
MAT0121,线性代数（B）,必修,2.5,40,材料科学与工程
MAT0131,概率论与数理统计（B）,必修,2.5,40,材料科学与工程
MAX0013,马克思主义基本原理,必修,2.5,40,材料科学与工程
MAX0022,思想道德与法治,必修,2.5,40,材料科学与工程
MAX0033,形势与政策（1-8学期）,必修,2,64,材料科学与工程
MAX0042,中国近现代史纲要,必修,2.5,40,材料科学与工程
MAX0064,毛泽东思想和中国特色社会主义理论体系概论,必修,2.5,40,材料科学与工程
MAX0072,习近平新时代中国特色社会主义思想概论,必修,3.0,48,材料科学与工程
MESE1111,机械设计理论与方法（一）上,必修,2.5,40,材料科学与工程
MESE1122,机械设计理论与方法（一）下,必修,1.5,24,材料科学与工程
MESE5361,计算机网络技术及应用,必修,2,32,材料科学与工程
NCC0001,计算机及程序设计基础（C++),必修,3,48,材料科学与工程
PHE0003,大学体育（一）（1-2学期）,必修,1.8,60,材料科学与工程
PHE0013,大学体育（二）（3-4学期）,必修,1.8,60,材料科学与工程
PHE0023,大学体育（三）（5-6学期）,必修,0.4,24,材料科学与工程
PHY0171,大学物理（A）（上）,必修,4,64,材料科学与工程
PHY0181,大学物理（A）（下）,必修,4,64,材料科学与工程
PHY0191,物理实验（上）,必修,2,32,材料科学与工程
PHY0201,物理实验（下）,必修,1.5,24,材料科学与工程
SFL0004,综合英语（一）,必修,2.5,40,材料科学与工程
SFL0014,综合英语（二）,必修,2.5,40,材料科学与工程
AE0054,流体力学（三）,必修,3.5,56,核工程与核技术
AE0611,理论力学（二）,必修,3.5,56,核工程与核技术
AE0662,材料力学,必修,3.5,56,核工程与核技术
CHE0532,工程化学,必修,2,32,核工程与核技术
CHI0001,中国语文,必修,2,32,核工程与核技术
CST0048,人工智能概论（A）,必修,2,32,核工程与核技术
EEE0701,电路理论,必修,2.5,40,核工程与核技术
ENG3511,工程训练（一）,必修,2,4w,核工程与核技术
EPE0005,核电实验（一）,选修,1.5,24,核工程与核技术
EPE0006,生产实习（社会实践）,必修,2,2w,核工程与核技术
EPE0007,专业课程设计,必修,4,4w,核工程与核技术
EPE0008,科学研究与创新实践（二）,必修,5,5w,核工程与核技术
EPE0101,核反应堆物理（二）,选修,2,32,核工程与核技术
EPE0111,核电厂仪表与控制,选修,2.5,40,核工程与核技术
EPE0121,核电厂电气原理与设备,选修,2.5,40,核工程与核技术
EPE0151,科学研究与创新实践（一）,必修,1,16,核工程与核技术
EPE0541,学科基础引论,必修,1,16,核工程与核技术
EPE0551,工程控制基础,必修,2,32,核工程与核技术
EPE2011,工程传热学（二）,必修,3.5,56,核工程与核技术
EPE2031,工程热力学(二),必修,4,64,核工程与核技术
EPE2042,工程数值计算方法,必修,1.5,24,核工程与核技术
EPE2072,工程测试技术,必修,1.5,24,核工程与核技术
EPE2112,工程传热学实验,必修,0.5,8,核工程与核技术
EPE2122,工程测试技术实验,必修,0.5,8,核工程与核技术
EPE3513,毕业设计（论文）,必修,13,13w,核工程与核技术
EPE5011,CFD技术及应用,选修,2,32,核工程与核技术
EPE5111,反应堆热工水力分析,必修,2,32,核工程与核技术
EPE5121,放射化学与水化学,选修,2,32,核工程与核技术
EPE5131,放射性废物与处理,选修,2,32,核工程与核技术
EPE5201,核电厂模型化与仿真,选修,2,32,核工程与核技术
EPE5231,核电站安全,选修,2,32,核工程与核技术
EPE5251,核电站系统与设备,必修,2,32,核工程与核技术
EPE5271,核反应堆材料,选修,2,32,核工程与核技术
EPE5281,核反应堆物理,必修,3,48,核工程与核技术
EPE5291,核辐射与防护,必修,2,32,核工程与核技术
EPE5461,面向对象程序设计,选修,2,32,核工程与核技术
EPE5521,能源利用过程中重金属污染及控制,选修,2,32,核工程与核技术
EPE5531,能源系统中的气液两相流,选修,2,32,核工程与核技术
EPE5541,能源与动力工程专业英语,选修,2,32,核工程与核技术
EPE5861,有限元方法在热能工程中的应用,选修,2,32,核工程与核技术
EPE5871,未来能源,选修,2,32,核工程与核技术
EPE6001,核技术与应用,选修,2,32,核工程与核技术
MASE5311,工程材料学,必修,2,32,核工程与核技术
MAT0021,微积分（B）（上）,必修,5.5,88,核工程与核技术
MAT0031,微积分（B）（下）,必修,5.5,88,核工程与核技术
MAT0121,线性代数（B）,必修,2.5,40,核工程与核技术
MAT0131,概率论与数理统计（B）,必修,2.5,40,核工程与核技术
MAT0561,复变函数与积分变换,必修,2.5,40,核工程与核技术
MAX0013,马克思主义基本原理,必修,2.5,40,核工程与核技术
MAX0022,思想道德与法治,必修,2.5,40,核工程与核技术
MAX0033,形势与政策（1-8学期）,必修,2,64,核工程与核技术
MAX0042,中国近现代史纲要,必修,2.5,40,核工程与核技术
MAX0064,毛泽东思想和中国特色社会主义理论体系概论,必修,2.5,40,核工程与核技术
MAX0072,习近平新时代中国特色社会主义思想概论,必修,3,48,核工程与核技术
MESE0611,机械原理,必修,2,32,核工程与核技术
MESE0831,机械设计,必修,2,32,核工程与核技术
MESE1111,机械设计理论与方法（一）上,必修,2.5,40,核工程与核技术
MESE1122,机械设计理论与方法（一）下,必修,1.5,24,核工程与核技术
MESE3581,机械基础工程训练（二）,必修,1.5,3w,核工程与核技术
NCC0001,计算机及程序设计基础（C++),必修,3,48,核工程与核技术
PHE0003,大学体育（一）（1-2学期）,必修,1.8,60,核工程与核技术
PHE0013,大学体育（二）（3-4学期）,必修,1.8,60,核工程与核技术
PHE0023,大学体育（三）（5-6学期）,必修,0.4,24,核工程与核技术
PHY0171,大学物理（A）（上）,必修,4,64,核工程与核技术
PHY0181,大学物理（A）（下）,必修,4,64,核工程与核技术
PHY0191,物理实验（上）,必修,2,32,核工程与核技术
PHY0201,物理实验（下）,必修,1.5,24,核工程与核技术
SFL0004,综合英语（一）,必修,2.5,40,核工程与核技术
SFL0014,综合英语（二）,必修,2.5,40,核工程与核技术
CEM0533,工程力学,必修,3,48,水利水电工程
CEM2271,工程经济学,选修,2,32,水利水电工程
CEM2301,工程项目管理与法规,选修,2,32,水利水电工程
CEM2502,运筹学,必修,2,32,水利水电工程
CEM6131,工程测量,必修,2.5,40,水利水电工程
CHE0532,工程化学,必修,2,32,水利水电工程
CHI0001,中国语文,必修,2,32,水利水电工程
CST0048,人工智能概论（A）,必修,2,32,水利水电工程
EEE0441,电路理论（二）,选修,2,32,水利水电工程
EIC5651,遥感技术及应用,选修,2,32,水利水电工程
EIC5841,信号与系统,选修,2,32,水利水电工程
ENG3581,工程训练（二）,必修,1.5,3w,水利水电工程
HIE0521,自动控制理论,必修,3.5,56,水利水电工程
HIE2011,地理信息系统及其应用,选修,2.5,40,水利水电工程
HIE2021,水电站,必修,2,32,水利水电工程
HIE2031,水电站经济运行,选修,2,32,水利水电工程
HIE3511,认知实习,必修,0.5,1w,水利水电工程
HIE5011,抽水蓄能电站,选修,2,32,水利水电工程
HIE5151,可编程序控制器,选修,2,32,水利水电工程
HIE5191,水电站自动化,选修,2.5,40,水利水电工程
HIE5221,水轮机,选修,2.5,40,水利水电工程
HIE5231,水轮机调节,选修,3,48,水利水电工程
HIE5261,水文统计学,选修,2.5,40,水利水电工程
HIE5281,水文学原理,选修,2.5,40,水利水电工程
MAT0021,微积分（B）（上）,必修,5.5,88,水利水电工程
MAT0031,微积分（B）（下）,必修,5.5,88,水利水电工程
MAT0121,线性代数（B）,必修,2.5,40,水利水电工程
MAT0131,概率论与数理统计（B）,必修,2.5,40,水利水电工程
MAT0561,复变函数与积分变换,必修,2.5,40,水利水电工程
MAX0013,马克思主义基本原理,必修,2.5,40,水利水电工程
MAX0022,思想道德与法治,必修,2.5,40,水利水电工程
MAX0033,形势与政策（1-8学期）,必修,2,64,水利水电工程
MAX0042,中国近现代史纲要,必修,2.5,40,水利水电工程
MAX0064,毛泽东思想和中国特色社会主义理论体系概论,必修,2.5,40,水利水电工程
MAX0072,习近平新时代中国特色社会主义思想概论,必修,3,48,水利水电工程
PHE0003,大学体育（一）（1-2学期）,必修,1.8,60,水利水电工程
PHE0013,大学体育（二）（3-4学期）,必修,1.8,60,水利水电工程
PHE0023,大学体育（三）（5-6学期）,必修,0.4,24,水利水电工程
PHY0171,大学物理（A）（上）,必修,4,64,水利水电工程
PHY0181,大学物理（A）（下）,必修,4,64,水利水电工程
PHY0191,物理实验（上）,必修,2,32,水利水电工程
PHY0201,物理实验（下）,必修,1.5,24,水利水电工程
SCHE0002,科研实践,必修,2,2w,水利水电工程
SCHE0003,数据库技术及应用,必修,2,32,水利水电工程
SCHE0008,工程水文学,必修,3.5,56,水利水电工程
SCHE0015,工程制图与CAD软件,必修,3,48,水利水电工程
SCHE0017,新能源技术,选修,2,32,水利水电工程
SCHE0032,毕业设计（论文）,必修,12,18w,水利水电工程
SCHE0039,工程流体力学,必修,3,48,水利水电工程
SCHE0040,智能监测与检测技术,选修,2,32,水利水电工程
SCHE0042,水资源规划与智能调度,选修,2.5,40,水利水电工程
SCHE0043,水工建筑物概论,必修,2.5,40,水利水电工程
SCHE0044,现代水文预报技术,选修,3,48,水利水电工程
SCHE0045,水灾害学,选修,2.5,40,水利水电工程
SCHE0060,生产实习,必修,3,3w,水利水电工程
SCHE0062,水环境学,选修,2,32,水利水电工程
SCHE0063,智慧水利实验,选修,1.5,24,水利水电工程
SCHE0064,电子技术基础,选修,3.5,56,水利水电工程
SCHE0086,电子测试与实验（二）,选修,1.5,24,水利水电工程
SCHE0120,水利水能规划,必修,3,48,水利水电工程
SCHE0128,专业工程训练,必修,3,3w,水利水电工程
SCHE0129,水风光储多能互补智能调度技术,必修,3,48,水利水电工程
SCHE0571,计算机与程序设计基础(C++),必修,3,48,水利水电工程
SCHE0671,水利水电工程概论,必修,1,16,水利水电工程
SCHE0691,数字孪生流域技术,选修,2.5,40,水利水电工程
SCHE0731,软件工程,选修,2,32,水利水电工程
SCHE0881,Python程序设计(二）,选修,2,32,水利水电工程
SCHE0891,数据结构与算法分析(二),必修,2.5,40,水利水电工程
SCHE0901,电机学（三）,选修,2.5,40,水利水电工程
SFL0004,综合英语（一）,必修,2.5,40,水利水电工程
SFL0014,综合英语（二）,必修,2.5,40,水利水电工程
SSE5562,大数据技术基础,选修,2,32,水利水电工程
CHI0002,外国文学（一）,必修,2,32,汉语国际教育
CHI0004,跨文化交流概论,必修,1.5,24,汉语国际教育
CHI0005,对外汉语教学（概论与教学法）,必修,3,48,汉语国际教育
CHI0007,文化安全与监测分析,选修,1.5,24,汉语国际教育
CHI0013,形式逻辑,必修,2,32,汉语国际教育
CHI0014,新生研讨课,必修,1,16,汉语国际教育
CHI0015,文化遗产数智化技术,选修,1.5,24,汉语国际教育
CHI0017,"学年论文（2,4,6学期）",必修,2,4w,汉语国际教育
CHI0018,古代汉语（一）,必修,4,64,汉语国际教育
CHI0441,诗骚研究,选修,1.5,24,汉语国际教育
CHI0471,学术规范与论文写作,必修,1,16,汉语国际教育
CHI0481,汉语课堂教学观察与实践,选修,1.5,24,汉语国际教育
CHI0522,现代汉语（一）,必修,3,48,汉语国际教育
CHI0532,现代汉语（二）,必修,3,48,汉语国际教育
CHI0771,中国语言文学导论,必修,2,32,汉语国际教育
CHI1051,外国文学（二）,必修,3,48,汉语国际教育
CHI1171,中国当代文学（一）,必修,2,32,汉语国际教育
CHI1181,中国当代文学（二）,必修,2,32,汉语国际教育
CHI1331,社会语言学与语言接触,选修,1.5,24,汉语国际教育
CHI2021,古代汉语（二）,必修,3,48,汉语国际教育
CHI2102,中国现代文学（一）,必修,2,32,汉语国际教育
CHI2111,中国现代文学（二）,必修,2,32,汉语国际教育
CHI2123,中国古代文学（一）,必修,4,64,汉语国际教育
CHI2144,中国古代文学（三）,必修,4,64,汉语国际教育
CHI2153,中国古代文学（二）,必修,4,64,汉语国际教育
CHI2171,语言学概论,必修,3,48,汉语国际教育
CHI2181,文学概论,必修,3,48,汉语国际教育
CHI2471,二语习得,必修,2,32,汉语国际教育
CHI2481,中国语言学史,选修,2,32,汉语国际教育
CHI3521,毕业设计（论文）,必修,8,16w,汉语国际教育
CHI3611,生产实习,必修,2,4w,汉语国际教育
CHI5061,东方文学,选修,1.5,24,汉语国际教育
CHI5071,对比语言学,选修,1.5,24,汉语国际教育
CHI5111,海外汉学研究,选修,1.5,24,汉语国际教育
CHI5121,汉英语言对比,选修,2,32,汉语国际教育
CHI5131,汉语方言,选修,1.5,24,汉语国际教育
CHI5161,汉字与文化,选修,1.5,24,汉语国际教育
CHI5171,计算机辅助教学,选修,1.5,24,汉语国际教育
CHI5201,美学概论,选修,1.5,24,汉语国际教育
CHI5341,诗词写作,选修,1.5,24,汉语国际教育
CHI5441,戏曲小说研究,选修,1.5,24,汉语国际教育
CHI5481,影视与文化,选修,1.5,24,汉语国际教育
CHI5491,文艺心理学,选修,1.5,24,汉语国际教育
CHI5521,音韵学,选修,1.5,24,汉语国际教育
CHI5531,中国文化原典精读,选修,1.5,24,汉语国际教育
CHI5881,唐宋诗词研究,选修,1.5,24,汉语国际教育
CHI5921,中国民俗与文化,选修,1.5,24,汉语国际教育
CHI5931,语法学,选修,1.5,24,汉语国际教育
CHI6051,训诂学,选修,1.5,24,汉语国际教育
CHI6061,修辞学,选修,1.5,24,汉语国际教育
CHI6101,当代文学思潮及选读,选修,1.5,24,汉语国际教育
MAT0051,微积分（D）,必修,4,64,汉语国际教育
MAX0013,马克思主义基本原理,必修,2.5,40,汉语国际教育
MAX0022,思想道德与法治,必修,2.5,40,汉语国际教育
MAX0033,形势与政策（1-8学期）,必修,2,64,汉语国际教育
MAX0042,中国近现代史纲要,必修,2.5,40,汉语国际教育
MAX0064,毛泽东思想和中国特色社会主义理论体系概论,必修,2.5,40,汉语国际教育
MAX0072,习近平新时代中国特色社会主义思想概论,必修,3,48,汉语国际教育
NCC0051,计算机及程序设计基础（Python）,必修,3,48,汉语国际教育
PHE0003,大学体育（一）（1-2学期）,必修,1.8,60,汉语国际教育
PHE0013,大学体育（二）（3-4学期）,必修,1.8,60,汉语国际教育
PHE0023,大学体育（三）（5-6学期）,必修,0.4,24,汉语国际教育
SFL0004,综合英语（一）,必修,2.5,40,汉语国际教育
SFL0014,综合英语（二）,必修,2.5,40,汉语国际教育
SOD0000,人工智能概论（C）,必修,2,32,汉语国际教育
CHI0002,外国文学（一）,必修,2,32,汉语言文学
CHI0006,民间文艺调查与研究,选修,1.5,24,汉语言文学
CHI0013,形式逻辑,必修,2,32,汉语言文学
CHI0014,新生研讨课,必修,1,16,汉语言文学
CHI0015,文化遗产数智化技术,选修,1.5,24,汉语言文学
CHI0017,"学年论文（2,4,6学期）",必修,2,4w,汉语言文学
CHI0018,古代汉语（一）,必修,4,64,汉语言文学
CHI0251,文学批评,选修,2,32,汉语言文学
CHI0441,诗骚研究,选修,1.5,24,汉语言文学
CHI0471,学术规范与论文写作,必修,1,16,汉语言文学
CHI0501,马克思主义文艺理论,选修,2,32,汉语言文学
CHI0522,现代汉语（一）,必修,3,48,汉语言文学
CHI0532,现代汉语（二）,必修,3,48,汉语言文学
CHI0771,中国语言文学导论,必修,2,32,汉语言文学
CHI1051,外国文学（二）,必修,3,48,汉语言文学
CHI1061,博物学与中国文学,选修,2,32,汉语言文学
CHI1171,中国当代文学（一）,必修,2,32,汉语言文学
CHI1181,中国当代文学（二）,必修,2,32,汉语言文学
CHI1331,社会语言学与语言接触,选修,1.5,24,汉语言文学
CHI2021,古代汉语（二）,必修,3,48,汉语言文学
CHI2102,中国现代文学（一）,必修,2,32,汉语言文学
CHI2111,中国现代文学（二）,必修,2,32,汉语言文学
CHI2123,中国古代文学（一）,必修,4,64,汉语言文学
CHI2144,中国古代文学（三）,必修,4,64,汉语言文学
CHI2153,中国古代文学（二）,必修,4,64,汉语言文学
CHI2171,语言学概论,必修,3,48,汉语言文学
CHI2181,文学概论,必修,3,48,汉语言文学
CHI2401,比较文学,选修,2,32,汉语言文学
CHI2442,古典文献学,必修,2,32,汉语言文学
CHI2481,中国语言学史,选修,2,32,汉语言文学
CHI3521,毕业设计（论文）,必修,8,16w,汉语言文学
CHI3611,生产实习,必修,2,4w,汉语言文学
CHI5061,东方文学,选修,1.5,24,汉语言文学
CHI5071,对比语言学,选修,1.5,24,汉语言文学
CHI5111,海外汉学研究,选修,1.5,24,汉语言文学
CHI5131,汉语方言,选修,1.5,24,汉语言文学
CHI5161,汉字与文化,选修,1.5,24,汉语言文学
CHI5181,经典讲析与文学写作,选修,1.5,24,汉语言文学
CHI5191,鲁迅研究,选修,1.5,24,汉语言文学
CHI5201,美学概论,选修,1.5,24,汉语言文学
CHI5341,诗词写作,选修,1.5,24,汉语言文学
CHI5351,新诗研究,选修,1.5,24,汉语言文学
CHI5402,中国文学批评史,选修,2,32,汉语言文学
CHI5441,戏曲小说研究,选修,1.5,24,汉语言文学
CHI5481,影视与文化,选修,1.5,24,汉语言文学
CHI5491,文艺心理学,选修,1.5,24,汉语言文学
CHI5521,音韵学,选修,1.5,24,汉语言文学
CHI5531,中国文化原典精读,选修,1.5,24,汉语言文学
CHI5831,西方文论,选修,2,32,汉语言文学
CHI5881,唐宋诗词研究,选修,1.5,24,汉语言文学
CHI5931,语法学,选修,1.5,24,汉语言文学
CHI6051,训诂学,选修,1.5,24,汉语言文学
CHI6061,修辞学,选修,1.5,24,汉语言文学
CHI6101,当代文学思潮及选读,选修,1.5,24,汉语言文学
MAT0051,微积分（D）,必修,4,64,汉语言文学
MAX0013,马克思主义基本原理,必修,2.5,40,汉语言文学
MAX0022,思想道德与法治,必修,2.5,40,汉语言文学
MAX0033,形势与政策（1-8学期）,必修,2,64,汉语言文学
MAX0042,中国近现代史纲要,必修,2.5,40,汉语言文学
MAX0064,毛泽东思想和中国特色社会主义理论体系概论,必修,2.5,40,汉语言文学
MAX0072,习近平新时代中国特色社会主义思想概论,必修,3,48,汉语言文学
NCC0051,计算机及程序设计基础（Python）,必修,3,48,汉语言文学
PHE0003,大学体育（一）（1-2学期）,必修,1.8,60,汉语言文学
PHE0013,大学体育（二）（3-4学期）,必修,1.8,60,汉语言文学
PHE0023,大学体育（三）（5-6学期）,必修,0.4,24,汉语言文学
SFL0004,综合英语（一）,必修,2.5,40,汉语言文学
SFL0014,综合英语（二）,必修,2.5,40,汉语言文学
SOD0000,人工智能概论（C）,必修,2,32,汉语言文学
CHI0002,外国文学（一）,必修,2,32,汉语言文学（强基计划实验班，古文字学方向）
CHI0006,民间文艺调查与研究,选修,1.5,24,汉语言文学（强基计划实验班，古文字学方向）
CHI0007,文化安全与监测分析,选修,1.5,24,汉语言文学（强基计划实验班，古文字学方向）
CHI0009,名物考据,选修,1.5,24,汉语言文学（强基计划实验班，古文字学方向）
CHI0010,楚文化专题,选修,1.5,24,汉语言文学（强基计划实验班，古文字学方向）
CHI0012,古文字与书法,选修,1.5,24,汉语言文学（强基计划实验班，古文字学方向）
CHI0013,形式逻辑,必修,2,32,汉语言文学（强基计划实验班，古文字学方向）
CHI0014,新生研讨课,必修,1,16,汉语言文学（强基计划实验班，古文字学方向）
CHI0015,文化遗产数智化技术,选修,1.5,24,汉语言文学（强基计划实验班，古文字学方向）
CHI0017,"学年论文（2,4,6学期）",必修,2,4w,汉语言文学（强基计划实验班，古文字学方向）
CHI0018,古代汉语（一）,必修,4,64,汉语言文学（强基计划实验班，古文字学方向）
CHI0441,诗骚研究,选修,1.5,24,汉语言文学（强基计划实验班，古文字学方向）
CHI0471,学术规范与论文写作,必修,1,16,汉语言文学（强基计划实验班，古文字学方向）
CHI0522,现代汉语（一）,必修,3,48,汉语言文学（强基计划实验班，古文字学方向）
CHI0532,现代汉语（二）,必修,3,48,汉语言文学（强基计划实验班，古文字学方向）
CHI0771,中国语言文学导论,必修,2,32,汉语言文学（强基计划实验班，古文字学方向）
CHI1051,外国文学（二）,必修,3,48,汉语言文学（强基计划实验班，古文字学方向）
CHI1061,博物学与中国文学,选修,2,32,汉语言文学（强基计划实验班，古文字学方向）
CHI1171,中国当代文学（一）,必修,2,32,汉语言文学（强基计划实验班，古文字学方向）
CHI1181,中国当代文学（二）,必修,2,32,汉语言文学（强基计划实验班，古文字学方向）
CHI1321,文字学概要,必修,2,32,汉语言文学（强基计划实验班，古文字学方向）
CHI1331,社会语言学与语言接触,选修,1.5,24,汉语言文学（强基计划实验班，古文字学方向）
CHI2021,古代汉语（二）,必修,3,48,汉语言文学（强基计划实验班，古文字学方向）
CHI2102,中国现代文学（一）,必修,2,32,汉语言文学（强基计划实验班，古文字学方向）
CHI2111,中国现代文学（二）,必修,2,32,汉语言文学（强基计划实验班，古文字学方向）
CHI2123,中国古代文学（一）,必修,4,64,汉语言文学（强基计划实验班，古文字学方向）
CHI2144,中国古代文学（三）,必修,4,64,汉语言文学（强基计划实验班，古文字学方向）
CHI2153,中国古代文学（二）,必修,4,64,汉语言文学（强基计划实验班，古文字学方向）
CHI2171,语言学概论,必修,3,48,汉语言文学（强基计划实验班，古文字学方向）
CHI2181,文学概论,必修,3,48,汉语言文学（强基计划实验班，古文字学方向）
CHI2431,出土文献概要,必修,1.5,24,汉语言文学（强基计划实验班，古文字学方向）
CHI2442,古典文献学,必修,2,32,汉语言文学（强基计划实验班，古文字学方向）
CHI2451,古文字学专题,选修,1.5,24,汉语言文学（强基计划实验班，古文字学方向）
CHI2462,《说文解字》导读,必修,2,32,汉语言文学（强基计划实验班，古文字学方向）
CHI2481,中国语言学史,选修,2,32,汉语言文学（强基计划实验班，古文字学方向）
CHI3521,毕业设计（论文）,必修,8,16w,汉语言文学（强基计划实验班，古文字学方向）
CHI3611,生产实习,必修,2,4w,汉语言文学（强基计划实验班，古文字学方向）
CHI5071,对比语言学,选修,1.5,24,汉语言文学（强基计划实验班，古文字学方向）
CHI5111,海外汉学研究,选修,1.5,24,汉语言文学（强基计划实验班，古文字学方向）
CHI5121,汉英语言对比,选修,2,32,汉语言文学（强基计划实验班，古文字学方向）
CHI5131,汉语方言,选修,1.5,24,汉语言文学（强基计划实验班，古文字学方向）
CHI5161,汉字与文化,选修,1.5,24,汉语言文学（强基计划实验班，古文字学方向）
CHI5201,美学概论,选修,1.5,24,汉语言文学（强基计划实验班，古文字学方向）
CHI5341,诗词写作,选修,1.5,24,汉语言文学（强基计划实验班，古文字学方向）
CHI5441,戏曲小说研究,选修,1.5,24,汉语言文学（强基计划实验班，古文字学方向）
CHI5471,语料库应用,选修,1.5,24,汉语言文学（强基计划实验班，古文字学方向）
CHI5491,文艺心理学,选修,1.5,24,汉语言文学（强基计划实验班，古文字学方向）
CHI5521,音韵学,选修,1.5,24,汉语言文学（强基计划实验班，古文字学方向）
CHI5531,中国文化原典精读,选修,1.5,24,汉语言文学（强基计划实验班，古文字学方向）
CHI5881,唐宋诗词研究,选修,1.5,24,汉语言文学（强基计划实验班，古文字学方向）
CHI5931,语法学,选修,1.5,24,汉语言文学（强基计划实验班，古文字学方向）
CHI6051,训诂学,选修,1.5,24,汉语言文学（强基计划实验班，古文字学方向）
CHI6061,修辞学,选修,1.5,24,汉语言文学（强基计划实验班，古文字学方向）
MAT0051,微积分（D）,必修,4,64,汉语言文学（强基计划实验班，古文字学方向）
MAX0013,马克思主义基本原理,必修,2.5,40,汉语言文学（强基计划实验班，古文字学方向）
MAX0022,思想道德与法治,必修,2.5,40,汉语言文学（强基计划实验班，古文字学方向）
MAX0033,形势与政策（1-8学期）,必修,2,64,汉语言文学（强基计划实验班，古文字学方向）
MAX0042,中国近现代史纲要,必修,2.5,40,汉语言文学（强基计划实验班，古文字学方向）
MAX0064,毛泽东思想和中国特色社会主义理论体系概论,必修,2.5,40,汉语言文学（强基计划实验班，古文字学方向）
MAX0072,习近平新时代中国特色社会主义思想概论,必修,3,48,汉语言文学（强基计划实验班，古文字学方向）
NCC0051,计算机及程序设计基础（Python）,必修,3,48,汉语言文学（强基计划实验班，古文字学方向）
PHE0003,大学体育（一）（1-2学期）,必修,1.8,60,汉语言文学（强基计划实验班，古文字学方向）
PHE0013,大学体育（二）（3-4学期）,必修,1.8,60,汉语言文学（强基计划实验班，古文字学方向）
PHE0023,大学体育（三）（5-6学期）,必修,0.4,24,汉语言文学（强基计划实验班，古文字学方向）
SFL0004,综合英语（一）,必修,2.5,40,汉语言文学（强基计划实验班，古文字学方向）
SFL0014,综合英语（二）,必修,2.5,40,汉语言文学（强基计划实验班，古文字学方向）
SOD0000,人工智能概论（C）,必修,2,32,汉语言文学（强基计划实验班，古文字学方向）
BIO0786,细胞生物学,必修,2.5,48,法医学
BMS0514,系统解剖学,必修,4.5,96,法医学
BMS0521,局部解剖学,必修,2,72,法医学
BMS0533,病理生理学,必修,3,48,法医学
BMS0544,病理学,必修,4,80,法医学
BMS0563,组织学与胚胎学,必修,2.5,56,法医学
BMS0587,药理学,必修,3,48,法医学
BMS0599,生物化学与分子生物学,必修,5,104,法医学
BMS0671,机能实验1,必修,1,32,法医学
BMS0681,机能实验2,必修,2,64,法医学
BMS0747,生理学,必修,4.5,72,法医学
BMS0804,医学免疫学,必修,1.5,32,法医学
BMS0832,医学遗传学,必修,1.5,32,法医学
BMS0952,病原生物学（一）,必修,2,47,法医学
BMS0962,病原生物学（二）,必修,3,62,法医学
CHE0721,基础化学（一）,必修,4.5,72,法医学
CHE0821,有机化学（一）,必修,6,96,法医学
CHI0001,中国语文,必修,2,32,法医学
CLF0000,内科实习,必修,2,4w,法医学
CLF0003,外科实习,必修,2,4w,法医学
CLF0004,妇产科实习,必修,1,2w,法医学
CLF0005,儿科实习,必修,1,2w,法医学
CLF0006,影像医学实习,必修,1,2w,法医学
CLF0582,手术学,必修,1,32,法医学
CLF3591,耳鼻咽喉科学实习,必修,1,2w,法医学
CLF3821,眼科实习,必修,1,2w,法医学
CLS0561,实验诊断学,必修,2,40,法医学
CLS0591,物理诊断学,必修,3.5,80,法医学
CLS0631,医学影像学,必修,2,32,法医学
CLS2021,传染病学,必修,2,32,法医学
CLS2031,儿科学,必修,2.5,40,法医学
CLS2051,耳鼻咽喉科学,必修,1.5,24,法医学
CLS2061,妇产科学,必修,2.5,40,法医学
CLS2231,内科学,必修,6,96,法医学
CLS2251,皮肤性病学,必修,1.5,24,法医学
CLS2271,神经及精神病学,必修,2,32,法医学
CLS2291,外科学,必修,6,96,法医学
CLS2371,眼科学,必修,1.5,24,法医学
DFM0001,法医影像学基础,选修,1.5,32,法医学
DFM0011,法医学实验鉴识实践,必修,0.5,16,法医学
DFM0021,法医学人体鉴识实践,必修,0.5,16,法医学
DFM0031,法医人类学,必修,1.5,24,法医学
DFM0041,法医鉴定思维综合训练,必修,3,64,法医学
DFM0051,微量物证学,选修,1,16,法医学
DFM0061,环境法医学,选修,1,16,法医学
DFM0081,科研思维训练专题,选修,1,16,法医学
DFM0511,法医学概论,必修,1.5,24,法医学
DFM2011,临床法医学,必修,4.5,78,法医学
DFM2021,刑事科学技术,必修,2,32,法医学
DFM2041,法医物证学,必修,5,104,法医学
DFM2051,法医精神病学,必修,2.5,42,法医学
DFM2061,法医法学,必修,1,16,法医学
DFM2071,法医毒物分析,必修,2,48,法医学
DFM2081,法医毒理学,必修,3,48,法医学
DFM2091,法医病理学,必修,6.5,120,法医学
DFM3521,神经及精神病科实习,必修,1,2w,法医学
DFM3591,毕业实习,必修,13,26w,法医学
DFM3611,毕业考试,必修,0.5,1w,法医学
EIC0008,人工智能概论（B）,必修,2,32,法医学
MAT0051,微积分（D）,必修,4,64,法医学
MAX0013,马克思主义基本原理,必修,2.5,40,法医学
MAX0022,思想道德与法治,必修,2.5,40,法医学
MAX0033,形势与政策（1-8学期）,必修,2,64,法医学
MAX0042,中国近现代史纲要,必修,2.5,40,法医学
MAX0064,毛泽东思想和中国特色社会主义理论体系概论,必修,2.5,40,法医学
MAX0072,习近平新时代中国特色社会主义思想概论,必修,3,48,法医学
NCC0051,计算机及程序设计基础（Python）,必修,3,48,法医学
PHE0003,大学体育（一）（1-2学期）,必修,1.8,60,法医学
PHE0013,大学体育（二）（3-4学期）,必修,1.8,60,法医学
PHE0023,大学体育（三）（5-6学期）,必修,0.4,24,法医学
PHY0211,大学物理（B）,必修,4,64,法医学
PUH0585,医学统计学,必修,1.5,32,法医学
SFL0004,综合英语（一）,必修,2.5,40,法医学
SFL0014,综合英语（二）,必修,2.5,40,法医学
CHI0001,中国语文,必修,2,32,法学
LAW0001,大学德语（二）,选修,3.5,56,法学
LAW0011,大学德语（三）,选修,3.5,56,法学
LAW0021,大学德语（四）,选修,3.5,56,法学
LAW0031,大学德语（一）,选修,3.5,56,法学
LAW0041,习近平法治思想概论,必修,2,32,法学
LAW0061,国际法律竞赛,选修,2,32,法学
LAW0071,世界贸易组织(WTO)法模拟竞赛,选修,2,32,法学
LAW0091,人权法,选修,2,32,法学
LAW0101,数字法学,选修,2,32,法学
LAW0111,人工智能法学,选修,2,32,法学
LAW0121,网络安全法学,选修,2,32,法学
LAW0141,法律人工智能系统实验,选修,2,32,法学
LAW0151,司法大数据前沿应用与实践,选修,1,16,法学
LAW0171,刑法总论,必修,3,48,法学
LAW0181,民法总论,必修,3,48,法学
LAW0191,经济法,必修,2,32,法学
LAW0201,国际法,必修,2,32,法学
LAW0211,知识产权法,必修,4,64,法学
LAW0221,民事诉讼法,必修,3,48,法学
LAW0231,刑事诉讼法,必修,3,48,法学
LAW0241,公司法,必修,2,32,法学
LAW0251,物权法,必修,2,32,法学
LAW0261,侵权责任法,必修,2,32,法学
LAW0271,破产法,选修,2,32,法学
LAW0281,证券法,选修,2,32,法学
LAW0291,法律职业伦理,必修,2,32,法学
LAW0301,创新创业课社会实践（认知实习）,必修,3,48,法学
LAW0311,中国法制史,必修,3,48,法学
LAW0321,刑法分论,必修,4,64,法学
LAW0331,债法,必修,2,32,法学
LAW0341,中华民族共同体概论,选修,2,32,法学
LAW0351,刑法理论与实务,选修,2,32,法学
LAW0361,婚姻家庭继承法,选修,2,32,法学
LAW0371,民商法诊所,选修,2,32,法学
LAW0381,仲裁法实务,选修,2,32,法学
LAW0391,监察法实务,选修,2,32,法学
LAW0401,公务员法实务,选修,2,32,法学
LAW0512,法理学（一）,必修,2,32,法学
LAW0521,法学导论（法学导引）,必修,3,48,法学
LAW0531,宪法,必修,3,48,法学
LAW2021,环境与资源保护法,必修,3,48,法学
LAW2102,国际经济法,必修,2,32,法学
LAW2112,国际私法,必修,2,32,法学
LAW2121,劳动与社会保障法（一）,必修,2,32,法学
LAW2151,行政法与行政诉讼法,必修,4,64,法学
LAW3512,毕业实习,必修,6,96,法学
LAW3523,毕业论文,必修,8,128,法学
LAW3541,立法（虚拟仿真实验）法律诊所,选修,2,32,法学
LAW3551,法律实务,选修,2,32,法学
LAW5011,法律社会学,选修,2,32,法学
LAW5021,环境法诊所,选修,2,32,法学
LAW5051,德语综合训练（一）,选修,3.5,56,法学
LAW5061,德语综合训练（四）,选修,3.5,56,法学
LAW5071,德语综合训练（三）,选修,3.5,56,法学
LAW5081,德语综合训练（二）,选修,3.5,56,法学
LAW5092,财税法,选修,2,32,法学
LAW5101,法理学（二）,必修,2,32,法学
LAW5131,法律英语,选修,2,32,法学
LAW5251,证据法,选修,2,32,法学
LAW5261,知识产权法诊所,选修,2,32,法学
LAW5281,中国法律思想史,选修,2,32,法学
LAW5322,金融法,选修,2,32,法学
LAW5341,竞争法,选修,2,32,法学
LAW5351,科技法,必修,2,32,法学
LAW5401,劳动与社会保障法（二）,选修,2,32,法学
LAW5421,外国法制史,选修,2,32,法学
LAW5431,网络知识产权法,选修,2,32,法学
LAW5451,刑法诊所,选修,2,32,法学
LAW5471,学术规范与论文写作,选修,1,16,法学
LAW5482,国际商法,选修,2,32,法学
MAT0051,微积分（D）,必修,4,64,法学
MAX0013,马克思主义基本原理,必修,2.5,40,法学
MAX0022,思想道德与法治,必修,2.5,40,法学
MAX0033,形势与政策（1-8学期）,必修,2,64,法学
MAX0042,中国近现代史纲要,必修,2.5,40,法学
MAX0064,毛泽东思想和中国特色社会主义理论体系概论,必修,2.5,40,法学
MAX0072,习近平新时代中国特色社会主义思想概论,必修,3,48,法学
NCC0051,计算机及程序设计基础（Python）,必修,3,48,法学
PHE0003,大学体育（一）（1-2学期）,必修,1.8,60,法学
PHE0013,大学体育（二）（3-4学期）,必修,1.8,60,法学
PHE0023,大学体育（三）（5-6学期）,必修,0.4,24,法学
SFL0004,综合英语（一）,必修,2.5,40,法学
SFL0014,综合英语（二）,必修,2.5,40,法学
SOD0000,人工智能概论（C）,必修,2,32,法学
CHI0001,中国语文,必修,2,32,法语
MAT0051,微积分（D）,必修,4,64,法语
MAT0121,线性代数（B）,选修,2.5,40,法语
MAT0131,概率论与数理统计（B）,选修,2.5,40,法语
MAX0013,马克思主义基本原理,必修,2.5,40,法语
MAX0022,思想道德与法治,必修,2.5,40,法语
MAX0033,形势与政策（1-8学期）,必修,2,64,法语
MAX0042,中国近现代史纲要,必修,2.5,40,法语
MAX0064,毛泽东思想和中国特色社会主义理论体系概论,必修,2.5,40,法语
MAX0072,习近平新时代中国特色社会主义思想概论,必修,3,48,法语
NCC0051,计算机及程序设计基础（Python）,必修,3,48,法语
PHE0003,大学体育（一）（1-2学期）,必修,1.8,60,法语
PHE0013,大学体育（二）（3-4学期）,必修,1.8,60,法语
PHE0023,大学体育（三）（5-6学期）,必修,0.4,24,法语
SFL0004,综合英语（一）,必修,2.5,40,法语
SFL0005,理解当代中国法语演讲,必修,2,32,法语
SFL0014,综合英语（二）,必修,2.5,40,法语
SFL0053,法语口语,必修,2,32,法语
SFL0054,法语写作实践,必修,2,32,法语
SFL0055,法语语法训练,必修,2,32,法语
SFL0056,法语阅读实践,必修,2,32,法语
SFL0331,中外文化比较,选修,2,32,法语
SFL0351,中外语言对比,选修,2,32,法语
SFL0381,法国古典文学,选修,2,32,法语
SFL0391,中法文学比较,选修,2,32,法语
SFL0411,中法关系史,选修,2,32,法语
SFL0421,法语语音,选修,2,32,法语
SFL0431,法语系统语法,选修,2,32,法语
SFL0441,翻译赏析,选修,2,32,法语
SFL0461,学术写作与研究方法,必修,1,2w,法语
SFL0481,法语文学选读,必修,2,32,法语
SFL0822,基础法语（二）,必修,8,128,法语
SFL0903,基础法语（一）,必修,8,128,法语
SFL0912,基础法语（四）,必修,8,128,法语
SFL0922,基础法语（三）,必修,8,128,法语
SFL1361,中国文化概要,选修,2,32,法语
SFL2061,法国文化,必修,2,32,法语
SFL2071,法国文学史,必修,2,32,法语
SFL2101,高级法语（二）,必修,2,32,法语
SFL2111,高级法语（三）,必修,2,32,法语
SFL2121,高级法语（一）,必修,2,32,法语
SFL2152,基础口译,选修,2,32,法语
SFL2331,语言学导论,必修,2,32,法语
SFL2461,翻译概论,必修,2,32,法语
SFL2611,法语诗歌鉴赏,选修,2,32,法语
SFL2881,法语阅读（一）,必修,2,32,法语
SFL2891,法语阅读（二）,必修,4,64,法语
SFL2901,法语阅读（三）,必修,4,64,法语
SFL2911,基础法语视听说（一）,必修,4,64,法语
SFL2921,基础法语视听说（二）,必修,4,64,法语
SFL2931,中级法语视听说（一）,必修,2,32,法语
SFL2941,中级法语视听说（二）,必修,2,32,法语
SFL2971,法语国家文学,选修,2,32,法语
SFL2981,外语批判性思维读写,选修,2,32,法语
SFL3011,法汉互译,选修,2,32,法语
SFL3201,语言与心智,选修,3,48,法语
SFL3291,计算语言学与应用,选修,2,32,法语
SFL3301,信息技术与语言本地化,选修,2,32,法语
SFL3431,新闻法语,选修,2,32,法语
SFL3441,中国经典与国际传播,选修,2,32,法语
SFL3451,国际事务与中国外交,选修,2,32,法语
SFL3461,语言能力综合训练,选修,2,32,法语
SFL3471,语料库与数据挖掘,选修,3,48,法语
SFL3521,毕业设计（论文）,必修,8,16w,法语
SFL3581,专业实习,必修,2,4w,法语
SFL5131,法国当代文学,选修,2,32,法语
SFL5141,法国历史,选修,2,32,法语
SFL5151,法国文学评论,选修,2,32,法语
SFL5171,法国艺术史,选修,2,32,法语
SFL5181,法国政治与经济,选修,2,32,法语
SFL5211,法语区文化,选修,2,32,法语
SFL5341,科技翻译,选修,2,32,法语
SFL5621,中国文化翻译,选修,2,32,法语
SFL5821,语义学,选修,2,32,法语
SFL5911,交替传译,选修,2,32,法语
SFL6001,文学翻译,选修,2,32,法语
SFL6071,初级句法学,选修,2,32,法语
SFL6081,高级句法学,选修,2,32,法语
SOD0000,人工智能概论（C）,必修,2,32,法语
SSE0101,自然语言处理,选修,2,32,法语
SSE0161,人工智能导论,选修,1.5,24,法语
SSE5672,机器学习导论,选修,3,48,法语
AE0692,工程力学（三）,必修,2.5,40,测控技术与仪器
AUT0000,C语言程序设计课程设计,选修,3,3w,测控技术与仪器
AUT5071,测控电路,必修,2,32,测控技术与仪器
CHI0001,中国语文,必修,2,32,测控技术与仪器
EEE0671,电路测试实验,必修,1,32,测控技术与仪器
EEE0701,电路理论,必修,2.5,40,测控技术与仪器
EIC0008,人工智能概论（B）,必修,2,32,测控技术与仪器
EIC0591,模拟电子技术（二）,必修,3.5,56,测控技术与仪器
EIC0741,电子线路设计·测试·实验,必修,2,64,测控技术与仪器
EIC0751,数字电路与逻辑设计,必修,3.5,56,测控技术与仪器
ENG3551,工程训练（七）,必修,1,2w,测控技术与仪器
MASE0701,工程控制基础,必修,2,32,测控技术与仪器
MAT0021,微积分（B）（上）,必修,5.5,88,测控技术与仪器
MAT0031,微积分（B）（下）,必修,5.5,88,测控技术与仪器
MAT0121,线性代数（B）,必修,2.5,40,测控技术与仪器
MAT0131,概率论与数理统计（B）,必修,2.5,40,测控技术与仪器
MAT0561,复变函数与积分变换,必修,2.5,40,测控技术与仪器
MAX0013,马克思主义基本原理,必修,2.5,40,测控技术与仪器
MAX0022,思想道德与法治,必修,2.5,40,测控技术与仪器
MAX0033,形势与政策（1-8学期）,必修,2,64,测控技术与仪器
MAX0042,中国近现代史纲要,必修,2.5,40,测控技术与仪器
MAX0064,毛泽东思想和中国特色社会主义理论体系概论,必修,2.5,40,测控技术与仪器
MAX0072,习近平新时代中国特色社会主义思想概论,必修,3,48,测控技术与仪器
MESE0000,单片机原理,必修,2,32,测控技术与仪器
MESE0002,毕业设计（论文）,必修,12,18w,测控技术与仪器
MESE0008,智能流体传动与控制,选修,1.5,24,测控技术与仪器
MESE0017,机械设计理论与方法（一）,必修,3,48,测控技术与仪器
MESE0028,精密机械设计基础,必修,3,48,测控技术与仪器
MESE0051,人工智能与深度学习,选修,1.5,24,测控技术与仪器
MESE0162,测控综合实践（二）,必修,3,3w,测控技术与仪器
MESE0291,信号与线性系统,必修,2.5,40,测控技术与仪器
MESE1191,微机电系统设计基础,必修,2,32,测控技术与仪器
MESE1211,光电检测技术,选修,2,32,测控技术与仪器
MESE1231,微纳测试技术,选修,2,32,测控技术与仪器
MESE1251,科技创新与挑战（3-6学期）,必修,5,5w,测控技术与仪器
MESE1291,机械工程学科导论,必修,1,18,测控技术与仪器
MESE1311,传感器与检测技术,必修,4,64,测控技术与仪器
MESE1361,微机电系统制造技术,选修,2,32,测控技术与仪器
MESE2061,互换性与测量技术基础,必修,2.5,40,测控技术与仪器
MESE2291,误差理论与数据处理,必修,2,32,测控技术与仪器
MESE2421,精密仪器设计理论与方法,必修,2,32,测控技术与仪器
MESE2432,智能视觉检测技术,必修,3.5,56,测控技术与仪器
MESE3634,生产实习,必修,3,3w,测控技术与仪器
MESE3671,专业社会实践,必修,0.5,1w,测控技术与仪器
MESE3822,测控综合实践（5-6学期）,必修,4,4w,测控技术与仪器
MESE5011,Python程序设计,选修,1.5,24,测控技术与仪器
MESE5431,纳米技术导论,选修,1.5,24,测控技术与仪器
MESE5541,微系统封装技术基础,选修,1.5,24,测控技术与仪器
MESE5641,柔性电子制造技术基础,选修,1.5,24,测控技术与仪器
MESE5661,机器人学,选修,3,48,测控技术与仪器
MESE5731,数控技术,选修,3,48,测控技术与仪器
MESE5853,仪器智能技术,选修,2,32,测控技术与仪器
MESE5871,有限元分析与应用,选修,1.5,24,测控技术与仪器
MESE6171,新型感知器件智能计算,选修,1.5,24,测控技术与仪器
MESE6311,柔性传感与机器人应用,选修,1.5,24,测控技术与仪器
MESE6391,数字孪生与边缘计算技术,选修,1.5,24,测控技术与仪器
MESE6401,工业物联网及应用,选修,1.5,24,测控技术与仪器
NCC0001,计算机及程序设计基础（C++),必修,3,48,测控技术与仪器
OEI0039,光学课程设计,必修,2,2w,测控技术与仪器
OEI5181,工程光学,必修,3,48,测控技术与仪器
PHE0003,大学体育（一）（1-2学期）,必修,1.8,60,测控技术与仪器
PHE0013,大学体育（二）（3-4学期）,必修,1.8,60,测控技术与仪器
PHE0023,大学体育（三）（5-6学期）,必修,0.4,24,测控技术与仪器
PHY0171,大学物理（A）（上）,必修,4,64,测控技术与仪器
PHY0181,大学物理（A）（下）,必修,4,64,测控技术与仪器
PHY0191,物理实验（上）,必修,2,32,测控技术与仪器
PHY0201,物理实验（下）,必修,1.5,24,测控技术与仪器
SFL0004,综合英语（一）,必修,2.5,40,测控技术与仪器
SFL0014,综合英语（二）,必修,2.5,40,测控技术与仪器
CHI0001,中国语文,必修,2,32,物理学
CST0048,人工智能概论（A）,必修,2,32,物理学
EIC0681,模拟电子技术（一）,选修,4,64,物理学
EIC5741,数字电子技术,选修,3,48,物理学
ENG3541,工程训练（三）,必修,1,2w,物理学
MAT0021,微积分（B）（上）,必修,5.5,88,物理学
MAT0031,微积分（B）（下）,必修,5.5,88,物理学
MAT0131,概率论与数理统计（B）,必修,2.5,40,物理学
MAX0013,马克思主义基本原理,必修,2.5,40,物理学
MAX0022,思想道德与法治,必修,2.5,40,物理学
MAX0033,形势与政策（1-8学期）,必修,2,64,物理学
MAX0042,中国近现代史纲要,必修,2.5,40,物理学
MAX0064,毛泽东思想和中国特色社会主义理论体系概论,必修,2.5,40,物理学
MAX0072,习近平新时代中国特色社会主义思想概论,必修,3,48,物理学
MESE0891,工程制图（一）,选修,2.5,40,物理学
NCC0001,计算机及程序设计基础（C++),必修,3,48,物理学
PHE0003,大学体育（一）（1-2学期）,必修,1.8,60,物理学
PHE0013,大学体育（二）（3-4学期）,必修,1.8,60,物理学
PHE0023,大学体育（三）（5-6学期）,必修,0.4,24,物理学
PHY0000,科学研究训练（Ⅰ）,必修,2,4w,物理学
PHY0002,科学研究训练（Ⅱ）,必修,4,8w,物理学
PHY0007,近代物理实验（一）,必修,3,48,物理学
PHY0008,近代物理实验（二）,必修,3,48,物理学
PHY0009,创新物理实验（一）,选修,3,48,物理学
PHY0010,创新物理实验（二）,选修,3,48,物理学
PHY0021,相对论天体物理,选修,3,48,物理学
PHY0031,引力波物理,选修,3,48,物理学
PHY0041,等离子体天体物理,选修,3,48,物理学
PHY0051,天文观测与数据处理,选修,3,48,物理学
PHY0061,天体物理辐射过程,选修,3,48,物理学
PHY0071,生物物理计算方法,选修,4,64,物理学
PHY0091,量子信息和量子计算,选修,4,64,物理学
PHY0101,大学生科研训练导论,必修,2,32,物理学
PHY0111,聚变等离子体物理,选修,3,48,物理学
PHY0121,原子干涉仪及其应用,选修,2,32,物理学
PHY0572,综合物理实验,必修,4,64,物理学
PHY0583,电磁学,必修,4,64,物理学
PHY0593,光学,必修,4,64,物理学
PHY0602,基础物理实验（二）,必修,4,64,物理学
PHY0612,基础物理实验（一）,必修,3,48,物理学
PHY0633,力学,必修,4,64,物理学
PHY0641,热学,必修,3,48,物理学
PHY0662,数学物理方法基础,必修,3.5,56,物理学
PHY0671,物理学史,必修,1.5,24,物理学
PHY0681,误差分析与数据处理,必修,2,32,物理学
PHY0691,原子物理,必修,3,48,物理学
PHY0711,复变函数,必修,3,48,物理学
PHY0721,数学物理方程,必修,3.5,56,物理学
PHY2012,电动力学,必修,4,72,物理学
PHY2021,固体物理（一）,必修,4,64,物理学
PHY2042,理论力学,必修,4,72,物理学
PHY2052,量子力学,必修,4,72,物理学
PHY2062,热力学与统计物理,必修,4,72,物理学
PHY3511,毕业论文,必修,10,20w,物理学
PHY5011,等离子体物理导论,选修,3,48,物理学
PHY5021,地球物理导论,选修,3,48,物理学
PHY5031,高等电动力学,选修,4,64,物理学
PHY5041,高等量子力学,选修,4,64,物理学
PHY5051,高等统计物理,选修,4,64,物理学
PHY5061,固体物理（二）,选修,3,48,物理学
PHY5071,广义相对论与宇宙学,选修,3,48,物理学
PHY5082,核物理与粒子物理,选修,4,64,物理学
PHY5091,激光物理,选修,3,48,物理学
PHY5101,计算物理,必修,3,48,物理学
PHY5111,精密测量物理前沿导论,选修,3,48,物理学
PHY5121,生物物理学导论,选修,3,48,物理学
PHY5131,天体物理导论,选修,3,48,物理学
PHY5221,卫星重力学,选修,3,48,物理学
PHY5231,生物物理实验方法,选修,3,48,物理学
PHY5251,量子频标原理,选修,2,32,物理学
PHY5281,宇宙学,选修,2,32,物理学
PHY5291,规范场论,选修,4,64,物理学
PHY5301,地球物理学基础,选修,3,48,物理学
PHY5311,等离子体动理学,选修,3,48,物理学
PHY5322,量子测量学,选修,3,48,物理学
PHY5341,凝聚态理论,选修,4,64,物理学
PHY5351,高能天体物理,选修,3,48,物理学
PHY5361,广义相对论,选修,4,64,物理学
PHY5371,量子场论,选修,4,64,物理学
PHY5381,群论,选修,4,64,物理学
PHY5391,生物物理学,选修,4,64,物理学
PHY5401,材料物理学,选修,3,48,物理学
PHY5421,引力实验原理,选修,2,32,物理学
PHY5431,精密光谱学,选修,3,48,物理学
PHY5451,激光冷却原理,选修,2,32,物理学
PHY5462,物理学研究前沿导论,选修,2,32,物理学
PHY5471,微弱信号检测,选修,2,32,物理学
PHY5491,非线性光学,选修,3,48,物理学
PHY5501,微纳光学,选修,3,48,物理学
PHY5521,地球动力学,选修,3,48,物理学
PHY5531,地震学,选修,3,48,物理学
PHY5551,精密测量技术基础,选修,2,32,物理学
PHY5561,超快光学,选修,2,32,物理学
PHY5571,量子光学,选修,4,64,物理学
PHY5602,现代数理方法,选修,4,72,物理学
SFL0004,综合英语（一）,必修,2.5,40,物理学
SFL0014,综合英语（二）,必修,2.5,40,物理学
CHI0001,中国语文,必修,2,32,物理学（严济慈启明实验班）
CST0048,人工智能概论（A）,必修,2,32,物理学（严济慈启明实验班）
EIC0681,模拟电子技术（一）,选修,4,64,物理学（严济慈启明实验班）
EIC5741,数字电子技术,选修,3,48,物理学（严济慈启明实验班）
ENG3541,工程训练（三）,必修,1,2w,物理学（严济慈启明实验班）
MAT0001,高等数学（A）（上）,必修,5.5,88,物理学（严济慈启明实验班）
MAT0011,高等数学（A）（下）,必修,5.5,88,物理学（严济慈启明实验班）
MAT0592,概率论与数理统计（A）,必修,3,48,物理学（严济慈启明实验班）
MAX0013,马克思主义基本原理,必修,2.5,40,物理学（严济慈启明实验班）
MAX0022,思想道德与法治,必修,2.5,40,物理学（严济慈启明实验班）
MAX0033,形势与政策（1-8学期）,必修,2,64,物理学（严济慈启明实验班）
MAX0042,中国近现代史纲要,必修,2.5,40,物理学（严济慈启明实验班）
MAX0064,毛泽东思想和中国特色社会主义理论体系概论,必修,2.5,40,物理学（严济慈启明实验班）
MAX0072,习近平新时代中国特色社会主义思想概论,必修,3,48,物理学（严济慈启明实验班）
MESE0891,工程制图（一）,选修,2.5,40,物理学（严济慈启明实验班）
NCC0001,计算机及程序设计基础（C++),必修,3,48,物理学（严济慈启明实验班）
PHE0003,大学体育（一）（1-2学期）,必修,1.8,60,物理学（严济慈启明实验班）
PHE0013,大学体育（二）（3-4学期）,必修,1.8,60,物理学（严济慈启明实验班）
PHE0023,大学体育（三）（5-6学期）,必修,0.4,24,物理学（严济慈启明实验班）
PHY0000,科学研究训练（Ⅰ）,必修,2,4w,物理学（严济慈启明实验班）
PHY0002,科学研究训练（Ⅱ）,必修,4,8w,物理学（严济慈启明实验班）
PHY0007,近代物理实验（一）,必修,3,48,物理学（严济慈启明实验班）
PHY0008,近代物理实验（二）,必修,3,48,物理学（严济慈启明实验班）
PHY0009,创新物理实验（一）,选修,3,48,物理学（严济慈启明实验班）
PHY0010,创新物理实验（二）,选修,3,48,物理学（严济慈启明实验班）
PHY0021,相对论天体物理,选修,3,48,物理学（严济慈启明实验班）
PHY0031,引力波物理,选修,3,48,物理学（严济慈启明实验班）
PHY0041,等离子体天体物理,选修,3,48,物理学（严济慈启明实验班）
PHY0051,天文观测与数据处理,选修,3,48,物理学（严济慈启明实验班）
PHY0061,天体物理辐射过程,选修,3,48,物理学（严济慈启明实验班）
PHY0071,生物物理计算方法,选修,4,64,物理学（严济慈启明实验班）
PHY0091,量子信息和量子计算,选修,4,64,物理学（严济慈启明实验班）
PHY0101,大学生科研训练导论,必修,2,32,物理学（严济慈启明实验班）
PHY0111,聚变等离子体物理,选修,3,48,物理学（严济慈启明实验班）
PHY0121,原子干涉仪及其应用,选修,2,32,物理学（严济慈启明实验班）
PHY0572,综合物理实验,必修,4,64,物理学（严济慈启明实验班）
PHY0583,电磁学,必修,4,64,物理学（严济慈启明实验班）
PHY0593,光学,必修,4,64,物理学（严济慈启明实验班）
PHY0602,基础物理实验（二）,必修,4,64,物理学（严济慈启明实验班）
PHY0612,基础物理实验（一）,必修,3,48,物理学（严济慈启明实验班）
PHY0633,力学,必修,4,64,物理学（严济慈启明实验班）
PHY0641,热学,必修,3,48,物理学（严济慈启明实验班）
PHY0662,数学物理方法基础,必修,3.5,56,物理学（严济慈启明实验班）
PHY0671,物理学史,必修,1.5,24,物理学（严济慈启明实验班）
PHY0681,误差分析与数据处理,必修,2,32,物理学（严济慈启明实验班）
PHY0691,原子物理,必修,3,48,物理学（严济慈启明实验班）
PHY0711,复变函数,必修,3,48,物理学（严济慈启明实验班）
PHY0721,数学物理方程,必修,3.5,56,物理学（严济慈启明实验班）
PHY2012,电动力学,必修,4,72,物理学（严济慈启明实验班）
PHY2021,固体物理（一）,必修,4,64,物理学（严济慈启明实验班）
PHY2042,理论力学,必修,4,72,物理学（严济慈启明实验班）
PHY2052,量子力学,必修,4,72,物理学（严济慈启明实验班）
PHY2062,热力学与统计物理,必修,4,72,物理学（严济慈启明实验班）
PHY3511,毕业论文,必修,10,20w,物理学（严济慈启明实验班）
PHY5011,等离子体物理导论,选修,3,48,物理学（严济慈启明实验班）
PHY5021,地球物理导论,选修,3,48,物理学（严济慈启明实验班）
PHY5031,高等电动力学,选修,4,64,物理学（严济慈启明实验班）
PHY5041,高等量子力学,选修,4,64,物理学（严济慈启明实验班）
PHY5051,高等统计物理,选修,4,64,物理学（严济慈启明实验班）
PHY5061,固体物理（二）,选修,3,48,物理学（严济慈启明实验班）
PHY5071,广义相对论与宇宙学,选修,3,48,物理学（严济慈启明实验班）
PHY5082,核物理与粒子物理,选修,4,64,物理学（严济慈启明实验班）
PHY5091,激光物理,选修,3,48,物理学（严济慈启明实验班）
PHY5101,计算物理,必修,3,48,物理学（严济慈启明实验班）
PHY5111,精密测量物理前沿导论,选修,3,48,物理学（严济慈启明实验班）
PHY5121,生物物理学导论,选修,3,48,物理学（严济慈启明实验班）
PHY5131,天体物理导论,选修,3,48,物理学（严济慈启明实验班）
PHY5221,卫星重力学,选修,3,48,物理学（严济慈启明实验班）
PHY5231,生物物理实验方法,选修,3,48,物理学（严济慈启明实验班）
PHY5251,量子频标原理,选修,2,32,物理学（严济慈启明实验班）
PHY5281,宇宙学,选修,2,32,物理学（严济慈启明实验班）
PHY5291,规范场论,选修,4,64,物理学（严济慈启明实验班）
PHY5301,地球物理学基础,选修,3,48,物理学（严济慈启明实验班）
PHY5311,等离子体动理学,选修,3,48,物理学（严济慈启明实验班）
PHY5322,量子测量学,选修,3,48,物理学（严济慈启明实验班）
PHY5341,凝聚态理论,选修,4,64,物理学（严济慈启明实验班）
PHY5351,高能天体物理,选修,3,48,物理学（严济慈启明实验班）
PHY5361,广义相对论,选修,4,64,物理学（严济慈启明实验班）
PHY5371,量子场论,选修,4,64,物理学（严济慈启明实验班）
PHY5381,群论,选修,4,64,物理学（严济慈启明实验班）
PHY5391,生物物理学,选修,4,64,物理学（严济慈启明实验班）
PHY5401,材料物理学,选修,3,48,物理学（严济慈启明实验班）
PHY5421,引力实验原理,选修,2,32,物理学（严济慈启明实验班）
PHY5431,精密光谱学,选修,3,48,物理学（严济慈启明实验班）
PHY5451,激光冷却原理,选修,2,32,物理学（严济慈启明实验班）
PHY5462,物理学研究前沿导论,选修,2,32,物理学（严济慈启明实验班）
PHY5471,微弱信号检测,选修,2,32,物理学（严济慈启明实验班）
PHY5491,非线性光学,选修,3,48,物理学（严济慈启明实验班）
PHY5501,微纳光学,选修,3,48,物理学（严济慈启明实验班）
PHY5521,地球动力学,选修,3,48,物理学（严济慈启明实验班）
PHY5531,地震学,选修,3,48,物理学（严济慈启明实验班）
PHY5551,精密测量技术基础,选修,2,32,物理学（严济慈启明实验班）
PHY5561,超快光学,选修,2,32,物理学（严济慈启明实验班）
PHY5571,量子光学,选修,4,64,物理学（严济慈启明实验班）
PHY5602,现代数理方法,选修,4,72,物理学（严济慈启明实验班）
SFL0004,综合英语（一）,必修,2.5,40,物理学（严济慈启明实验班）
SFL0014,综合英语（二）,必修,2.5,40,物理学（严济慈启明实验班）
CHI0001,中国语文,必修,2,32,物理学（天眷英才试验班）
CST0048,人工智能概论（A）,必修,2,32,物理学（天眷英才试验班）
EIC0681,模拟电子技术（一）,选修,4,64,物理学（天眷英才试验班）
EIC5741,数字电子技术,选修,3,48,物理学（天眷英才试验班）
ENG3541,工程训练（三）,必修,1,2w,物理学（天眷英才试验班）
MAT0021,微积分（B）（上）,必修,5.5,88,物理学（天眷英才试验班）
MAT0031,微积分（B）（下）,必修,5.5,88,物理学（天眷英才试验班）
MAT0131,概率论与数理统计（B）,必修,2.5,40,物理学（天眷英才试验班）
MAX0013,马克思主义基本原理,必修,2.5,40,物理学（天眷英才试验班）
MAX0022,思想道德与法治,必修,2.5,40,物理学（天眷英才试验班）
MAX0033,形势与政策（1-8学期）,必修,2,64,物理学（天眷英才试验班）
MAX0042,中国近现代史纲要,必修,2.5,40,物理学（天眷英才试验班）
MAX0064,毛泽东思想和中国特色社会主义理论体系概论,必修,2.5,40,物理学（天眷英才试验班）
MAX0072,习近平新时代中国特色社会主义思想概论,必修,3,48,物理学（天眷英才试验班）
MESE0891,工程制图（一）,选修,2.5,40,物理学（天眷英才试验班）
NCC0001,计算机及程序设计基础（C++),必修,3,48,物理学（天眷英才试验班）
PHE0003,大学体育（一）（1-2学期）,必修,1.8,60,物理学（天眷英才试验班）
PHE0013,大学体育（二）（3-4学期）,必修,1.8,60,物理学（天眷英才试验班）
PHE0023,大学体育（三）（5-6学期）,必修,0.4,24,物理学（天眷英才试验班）
PHY0000,科学研究训练（Ⅰ）,必修,2,4w,物理学（天眷英才试验班）
PHY0002,科学研究训练（Ⅱ）,必修,4,8w,物理学（天眷英才试验班）
PHY0007,近代物理实验（一）,必修,3,48,物理学（天眷英才试验班）
PHY0008,近代物理实验（二）,必修,3,48,物理学（天眷英才试验班）
PHY0009,创新物理实验（一）,选修,3,48,物理学（天眷英才试验班）
PHY0010,创新物理实验（二）,选修,3,48,物理学（天眷英才试验班）
PHY0021,相对论天体物理,选修,3,48,物理学（天眷英才试验班）
PHY0031,引力波物理,选修,3,48,物理学（天眷英才试验班）
PHY0041,等离子体天体物理,选修,3,48,物理学（天眷英才试验班）
PHY0051,天文观测与数据处理,选修,3,48,物理学（天眷英才试验班）
PHY0061,天体物理辐射过程,选修,3,48,物理学（天眷英才试验班）
PHY0071,生物物理计算方法,选修,4,64,物理学（天眷英才试验班）
PHY0091,量子信息和量子计算,选修,4,64,物理学（天眷英才试验班）
PHY0101,大学生科研训练导论,必修,2,32,物理学（天眷英才试验班）
PHY0111,聚变等离子体物理,选修,3,48,物理学（天眷英才试验班）
PHY0121,原子干涉仪及其应用,选修,2,32,物理学（天眷英才试验班）
PHY0572,综合物理实验,必修,4,64,物理学（天眷英才试验班）
PHY0583,电磁学,必修,4,64,物理学（天眷英才试验班）
PHY0593,光学,必修,4,64,物理学（天眷英才试验班）
PHY0602,基础物理实验（二）,必修,4,64,物理学（天眷英才试验班）
PHY0612,基础物理实验（一）,必修,3,48,物理学（天眷英才试验班）
PHY0633,力学,必修,4,64,物理学（天眷英才试验班）
PHY0641,热学,必修,3,48,物理学（天眷英才试验班）
PHY0662,数学物理方法基础,必修,3.5,56,物理学（天眷英才试验班）
PHY0671,物理学史,必修,1.5,24,物理学（天眷英才试验班）
PHY0681,误差分析与数据处理,必修,2,32,物理学（天眷英才试验班）
PHY0691,原子物理,必修,3,48,物理学（天眷英才试验班）
PHY0711,复变函数,必修,3,48,物理学（天眷英才试验班）
PHY0721,数学物理方程,必修,3.5,56,物理学（天眷英才试验班）
PHY2012,电动力学,必修,4,72,物理学（天眷英才试验班）
PHY2021,固体物理（一）,必修,4,64,物理学（天眷英才试验班）
PHY2042,理论力学,必修,4,72,物理学（天眷英才试验班）
PHY2052,量子力学,必修,4,72,物理学（天眷英才试验班）
PHY2062,热力学与统计物理,必修,4,72,物理学（天眷英才试验班）
PHY3511,毕业论文,必修,10,20w,物理学（天眷英才试验班）
PHY5011,等离子体物理导论,选修,3,48,物理学（天眷英才试验班）
PHY5021,地球物理导论,选修,3,48,物理学（天眷英才试验班）
PHY5031,高等电动力学,选修,4,64,物理学（天眷英才试验班）
PHY5041,高等量子力学,选修,4,64,物理学（天眷英才试验班）
PHY5051,高等统计物理,选修,4,64,物理学（天眷英才试验班）
PHY5061,固体物理（二）,选修,3,48,物理学（天眷英才试验班）
PHY5071,广义相对论与宇宙学,选修,3,48,物理学（天眷英才试验班）
PHY5082,核物理与粒子物理,选修,4,64,物理学（天眷英才试验班）
PHY5091,激光物理,选修,3,48,物理学（天眷英才试验班）
PHY5101,计算物理,必修,3,48,物理学（天眷英才试验班）
PHY5111,精密测量物理前沿导论,选修,3,48,物理学（天眷英才试验班）
PHY5121,生物物理学导论,选修,3,48,物理学（天眷英才试验班）
PHY5131,天体物理导论,选修,3,48,物理学（天眷英才试验班）
PHY5221,卫星重力学,选修,3,48,物理学（天眷英才试验班）
PHY5231,生物物理实验方法,选修,3,48,物理学（天眷英才试验班）
PHY5251,量子频标原理,选修,2,32,物理学（天眷英才试验班）
PHY5281,宇宙学,选修,2,32,物理学（天眷英才试验班）
PHY5291,规范场论,选修,4,64,物理学（天眷英才试验班）
PHY5301,地球物理学基础,选修,3,48,物理学（天眷英才试验班）
PHY5311,等离子体动理学,选修,3,48,物理学（天眷英才试验班）
PHY5322,量子测量学,选修,3,48,物理学（天眷英才试验班）
PHY5341,凝聚态理论,选修,4,64,物理学（天眷英才试验班）
PHY5351,高能天体物理,选修,3,48,物理学（天眷英才试验班）
PHY5361,广义相对论,选修,4,64,物理学（天眷英才试验班）
PHY5371,量子场论,选修,4,64,物理学（天眷英才试验班）
PHY5381,群论,选修,4,64,物理学（天眷英才试验班）
PHY5391,生物物理学,选修,4,64,物理学（天眷英才试验班）
PHY5401,材料物理学,选修,3,48,物理学（天眷英才试验班）
PHY5421,引力实验原理,选修,2,32,物理学（天眷英才试验班）
PHY5431,精密光谱学,选修,3,48,物理学（天眷英才试验班）
PHY5451,激光冷却原理,选修,2,32,物理学（天眷英才试验班）
PHY5462,物理学研究前沿导论,选修,2,32,物理学（天眷英才试验班）
PHY5471,微弱信号检测,选修,2,32,物理学（天眷英才试验班）
PHY5491,非线性光学,选修,3,48,物理学（天眷英才试验班）
PHY5501,微纳光学,选修,3,48,物理学（天眷英才试验班）
PHY5521,地球动力学,选修,3,48,物理学（天眷英才试验班）
PHY5531,地震学,选修,3,48,物理学（天眷英才试验班）
PHY5551,精密测量技术基础,选修,2,32,物理学（天眷英才试验班）
PHY5561,超快光学,选修,2,32,物理学（天眷英才试验班）
PHY5571,量子光学,选修,4,64,物理学（天眷英才试验班）
PHY5602,现代数理方法,选修,4,72,物理学（天眷英才试验班）
SFL0004,综合英语（一）,必修,2.5,40,物理学（天眷英才试验班）
SFL0014,综合英语（二）,必修,2.5,40,物理学（天眷英才试验班）
CHI0001,中国语文,必修,2,32,物理学（强基计划实验班）
CST0048,人工智能概论（A）,必修,2,32,物理学（强基计划实验班）
EIC0681,模拟电子技术（一）,选修,4,64,物理学（强基计划实验班）
EIC5741,数字电子技术,选修,3,48,物理学（强基计划实验班）
ENG3541,工程训练（三）,必修,1,2w,物理学（强基计划实验班）
MAT0001,高等数学（A）（上）,必修,5.5,88,物理学（强基计划实验班）
MAT0011,高等数学（A）（下）,必修,5.5,88,物理学（强基计划实验班）
MAT0592,概率论与数理统计（A）,必修,3,48,物理学（强基计划实验班）
MAX0013,马克思主义基本原理,必修,2.5,40,物理学（强基计划实验班）
MAX0022,思想道德与法治,必修,2.5,40,物理学（强基计划实验班）
MAX0033,形势与政策（1-8学期）,必修,2,64,物理学（强基计划实验班）
MAX0042,中国近现代史纲要,必修,2.5,40,物理学（强基计划实验班）
MAX0064,毛泽东思想和中国特色社会主义理论体系概论,必修,2.5,40,物理学（强基计划实验班）
MAX0072,习近平新时代中国特色社会主义思想概论,必修,3,48,物理学（强基计划实验班）
MESE0891,工程制图（一）,选修,2.5,40,物理学（强基计划实验班）
NCC0001,计算机及程序设计基础（C++),必修,3,48,物理学（强基计划实验班）
PHE0003,大学体育（一）（1-2学期）,必修,1.8,60,物理学（强基计划实验班）
PHE0013,大学体育（二）（3-4学期）,必修,1.8,60,物理学（强基计划实验班）
PHE0023,大学体育（三）（5-6学期）,必修,0.4,24,物理学（强基计划实验班）
PHY0000,科学研究训练（Ⅰ）,必修,2,4w,物理学（强基计划实验班）
PHY0002,科学研究训练（Ⅱ）,必修,4,8w,物理学（强基计划实验班）
PHY0007,近代物理实验（一）,必修,3,48,物理学（强基计划实验班）
PHY0008,近代物理实验（二）,必修,3,48,物理学（强基计划实验班）
PHY0009,创新物理实验（一）,选修,3,48,物理学（强基计划实验班）
PHY0010,创新物理实验（二）,选修,3,48,物理学（强基计划实验班）
PHY0021,相对论天体物理,选修,3,48,物理学（强基计划实验班）
PHY0031,引力波物理,选修,3,48,物理学（强基计划实验班）
PHY0041,等离子体天体物理,选修,3,48,物理学（强基计划实验班）
PHY0051,天文观测与数据处理,选修,3,48,物理学（强基计划实验班）
PHY0061,天体物理辐射过程,选修,3,48,物理学（强基计划实验班）
PHY0071,生物物理计算方法,选修,4,64,物理学（强基计划实验班）
PHY0091,量子信息和量子计算,选修,4,64,物理学（强基计划实验班）
PHY0101,大学生科研训练导论,必修,2,32,物理学（强基计划实验班）
PHY0111,聚变等离子体物理,选修,3,48,物理学（强基计划实验班）
PHY0121,原子干涉仪及其应用,选修,2,32,物理学（强基计划实验班）
PHY0572,综合物理实验,必修,4,64,物理学（强基计划实验班）
PHY0583,电磁学,必修,4,64,物理学（强基计划实验班）
PHY0593,光学,必修,4,64,物理学（强基计划实验班）
PHY0602,基础物理实验（二）,必修,4,64,物理学（强基计划实验班）
PHY0612,基础物理实验（一）,必修,3,48,物理学（强基计划实验班）
PHY0633,力学,必修,4,64,物理学（强基计划实验班）
PHY0641,热学,必修,3,48,物理学（强基计划实验班）
PHY0662,数学物理方法基础,必修,3.5,56,物理学（强基计划实验班）
PHY0671,物理学史,必修,1.5,24,物理学（强基计划实验班）
PHY0681,误差分析与数据处理,必修,2,32,物理学（强基计划实验班）
PHY0691,原子物理,必修,3,48,物理学（强基计划实验班）
PHY0711,复变函数,必修,3,48,物理学（强基计划实验班）
PHY0721,数学物理方程,必修,3.5,56,物理学（强基计划实验班）
PHY2012,电动力学,必修,4,72,物理学（强基计划实验班）
PHY2021,固体物理（一）,必修,4,64,物理学（强基计划实验班）
PHY2042,理论力学,必修,4,72,物理学（强基计划实验班）
PHY2052,量子力学,必修,4,72,物理学（强基计划实验班）
PHY2062,热力学与统计物理,必修,4,72,物理学（强基计划实验班）
PHY3511,毕业论文,必修,10,20w,物理学（强基计划实验班）
PHY5011,等离子体物理导论,选修,3,48,物理学（强基计划实验班）
PHY5021,地球物理导论,选修,3,48,物理学（强基计划实验班）
PHY5031,高等电动力学,选修,4,64,物理学（强基计划实验班）
PHY5041,高等量子力学,选修,4,64,物理学（强基计划实验班）
PHY5051,高等统计物理,选修,4,64,物理学（强基计划实验班）
PHY5061,固体物理（二）,选修,3,48,物理学（强基计划实验班）
PHY5071,广义相对论与宇宙学,选修,3,48,物理学（强基计划实验班）
PHY5082,核物理与粒子物理,选修,4,64,物理学（强基计划实验班）
PHY5091,激光物理,选修,3,48,物理学（强基计划实验班）
PHY5101,计算物理,必修,3,48,物理学（强基计划实验班）
PHY5111,精密测量物理前沿导论,选修,3,48,物理学（强基计划实验班）
PHY5121,生物物理学导论,选修,3,48,物理学（强基计划实验班）
PHY5131,天体物理导论,选修,3,48,物理学（强基计划实验班）
PHY5221,卫星重力学,选修,3,48,物理学（强基计划实验班）
PHY5231,生物物理实验方法,选修,3,48,物理学（强基计划实验班）
PHY5251,量子频标原理,选修,2,32,物理学（强基计划实验班）
PHY5281,宇宙学,选修,2,32,物理学（强基计划实验班）
PHY5291,规范场论,选修,4,64,物理学（强基计划实验班）
PHY5301,地球物理学基础,选修,3,48,物理学（强基计划实验班）
PHY5311,等离子体动理学,选修,3,48,物理学（强基计划实验班）
PHY5322,量子测量学,选修,3,48,物理学（强基计划实验班）
PHY5341,凝聚态理论,选修,4,64,物理学（强基计划实验班）
PHY5351,高能天体物理,选修,3,48,物理学（强基计划实验班）
PHY5361,广义相对论,选修,4,64,物理学（强基计划实验班）
PHY5371,量子场论,选修,4,64,物理学（强基计划实验班）
PHY5381,群论,选修,4,64,物理学（强基计划实验班）
PHY5391,生物物理学,选修,4,64,物理学（强基计划实验班）
PHY5401,材料物理学,选修,3,48,物理学（强基计划实验班）
PHY5421,引力实验原理,选修,2,32,物理学（强基计划实验班）
PHY5431,精密光谱学,选修,3,48,物理学（强基计划实验班）
PHY5451,激光冷却原理,选修,2,32,物理学（强基计划实验班）
PHY5462,物理学研究前沿导论,选修,2,32,物理学（强基计划实验班）
PHY5471,微弱信号检测,选修,2,32,物理学（强基计划实验班）
PHY5491,非线性光学,选修,3,48,物理学（强基计划实验班）
PHY5501,微纳光学,选修,3,48,物理学（强基计划实验班）
PHY5521,地球动力学,选修,3,48,物理学（强基计划实验班）
PHY5531,地震学,选修,3,48,物理学（强基计划实验班）
PHY5551,精密测量技术基础,选修,2,32,物理学（强基计划实验班）
PHY5561,超快光学,选修,2,32,物理学（强基计划实验班）
PHY5571,量子光学,选修,4,64,物理学（强基计划实验班）
PHY5602,现代数理方法,选修,4,72,物理学（强基计划实验班）
SFL0004,综合英语（一）,必修,2.5,40,物理学（强基计划实验班）
SFL0014,综合英语（二）,必修,2.5,40,物理学（强基计划实验班）
AE0055,流体力学（四）,必修,2,32,环境工程
AE0056,工程力学（一）,必修,2,32,环境工程
CEM2261,工程测量,选修,2,32,环境工程
CEM2272,工程经济学,必修,1.5,24,环境工程
CEM3531,测量实习,选修,0.5,1w,环境工程
CHE0532,工程化学,必修,2,32,环境工程
CHE0852,工程化学实验,必修,0.5,16,环境工程
CHI0001,中国语文,必修,2,32,环境工程
EEE0531,电工电子学（三）,必修,3,48,环境工程
EIC0008,人工智能概论（B）,必修,2,32,环境工程
ENG3561,工程训练（六）,必修,1,2w,环境工程
ESE0000,环境物联网技术,必修,1,16,环境工程
ESE0001,生态中国,必修,1,16,环境工程
ESE0002,环境规划与管理,必修,2,32,环境工程
ESE0003,物理性污染控制工程,必修,1.5,24,环境工程
ESE0004,水污染控制工程,必修,3.5,56,环境工程
ESE0005,水污染控制工程综合实验,必修,2.5,40,环境工程
ESE0006,环境工程综合实验（渣、气、声）,必修,2.5,40,环境工程
ESE0007,环境监测综合实验,必修,2,32,环境工程
ESE0008,环境工程原理实验,必修,1,16,环境工程
ESE0009,土建工程基础,选修,1,16,环境工程
ESE0010,碳核算方法与应用（双语）,选修,1.5,24,环境工程
ESE0012,环境问题观察,必修,1,2w,环境工程
ESE0013,生物化学,选修,1,16,环境工程
ESE0014,气候变化,选修,1,16,环境工程
ESE0015,环境健康,选修,1,16,环境工程
ESE0016,环境模型分析与设计,选修,1,16,环境工程
ESE0017,建筑环境模拟技术（一）,选修,1,16,环境工程
ESE0018,智慧环境创新创业,必修,2,32,环境工程
ESE0020,环境生物学综合实验,选修,1.5,24,环境工程
ESE0022,环境信息技术,选修,1.5,24,环境工程
ESE0038,工程创新实践,必修,2,4w,环境工程
ESE0068,环境工程微生物学实验,必修,2,32,环境工程
ESE0069,毕业设计（论文）,必修,10,15w,环境工程
ESE0076,专业英语（环境工程）,选修,1.5,24,环境工程
ESE0121,企业安环与节能减排,选修,1,16,环境工程
ESE0581,环境工程微生物学,必修,2,32,环境工程
ESE0602,物理化学,选修,2,32,环境工程
ESE0651,分析化学,必修,2,32,环境工程
ESE0662,化学综合实验,必修,1,32,环境工程
ESE0681,自动控制原理,选修,2.5,40,环境工程
ESE0702,环境与建筑工程制图基础,必修,2,32,环境工程
ESE2031,大气污染控制工程（双语）,必修,2.5,40,环境工程
ESE2061,固体废物处理与处置,必修,2.5,40,环境工程
ESE2071,环境监测,必修,2,32,环境工程
ESE2091,环境评价,必修,2,32,环境工程
ESE2183,环境工程原理,必修,3.5,56,环境工程
ESE3541,大气污染控制课程设计,必修,0.5,1w,环境工程
ESE3581,固体废物处理课程设计,必修,1,2w,环境工程
ESE3591,环境评价课程设计,必修,0.5,1w,环境工程
ESE3631,环境规划课程设计,必修,0.5,1w,环境工程
ESE3661,认知实习,必修,0.5,1w,环境工程
ESE3671,生产实习,必修,2,4w,环境工程
ESE3691,水污染控制课程设计,必修,1.5,3w,环境工程
ESE5051,废水处理新技术,选修,1.5,24,环境工程
ESE5091,工程项目管理,选修,1,16,环境工程
ESE5122,环境保护法规,选修,1.5,24,环境工程
ESE5142,环境化学,选修,1.5,24,环境工程
ESE5151,环境经济学,选修,1.5,24,环境工程
ESE5161,环境生态学,选修,1.5,24,环境工程
ESE5171,环境生物及生物技术,选修,1.5,24,环境工程
ESE5191,环境系统工程,选修,1.5,24,环境工程
ESE5261,膜科学与技术,选修,1.5,24,环境工程
ESE5311,环境工程施工,选修,1.5,24,环境工程
ESE5501,水工程软件应用,选修,1.5,24,环境工程
ESE5541,水文与水文地质学,选修,2,32,环境工程
ESE5582,土壤与地下水修复技术与工程,选修,1.5,24,环境工程
ESE5601,污泥处理与资源化,选修,1.5,24,环境工程
ESE5641,仪器分析,选修,2,32,环境工程
ESE5662,有机化学,选修,2,32,环境工程
MAT0021,微积分（B）（上）,必修,5.5,88,环境工程
MAT0031,微积分（B）（下）,必修,5.5,88,环境工程
MAT0121,线性代数（B）,必修,2.5,40,环境工程
MAT0131,概率论与数理统计（B）,必修,2.5,40,环境工程
MAX0013,马克思主义基本原理,必修,2.5,40,环境工程
MAX0022,思想道德与法治,必修,2.5,40,环境工程
MAX0033,形势与政策（1-8学期）,必修,2,64,环境工程
MAX0042,中国近现代史纲要,必修,2.5,40,环境工程
MAX0064,毛泽东思想和中国特色社会主义理论体系概论,必修,2.5,40,环境工程
MAX0072,习近平新时代中国特色社会主义思想概论,必修,3,48,环境工程
MESE0611,机械原理,选修,2,32,环境工程
MESE0891,工程制图（一）,必修,2.5,40,环境工程
MESE5361,计算机网络技术及应用,必修,2,32,环境工程
NCC0001,计算机及程序设计基础（C++),选修,3,48,环境工程
NCC0051,计算机及程序设计基础（Python）,必修,3,48,环境工程
PHE0003,大学体育（一）（1-2学期）,必修,1.8,60,环境工程
PHE0013,大学体育（二）（3-4学期）,必修,1.8,60,环境工程
PHE0023,大学体育（三）（5-6学期）,必修,0.4,24,环境工程
PHY0171,大学物理（A）（上）,必修,4,64,环境工程
PHY0181,大学物理（A）（下）,必修,4,64,环境工程
PHY0191,物理实验（上）,必修,2,32,环境工程
PHY0201,物理实验（下）,必修,1.5,24,环境工程
SFL0004,综合英语（一）,必修,2.5,40,环境工程
SFL0014,综合英语（二）,必修,2.5,40,环境工程
AE0056,工程力学（一）,必修,2,32,环境科学与工程类（智慧环境启明实验班）
CEM2272,工程经济学,必修,1.5,24,环境科学与工程类（智慧环境启明实验班）
CEM6121,建设工程法规,选修,1,16,环境科学与工程类（智慧环境启明实验班）
CHE0532,工程化学,必修,2,32,环境科学与工程类（智慧环境启明实验班）
CHE0852,工程化学实验,必修,0.5,16,环境科学与工程类（智慧环境启明实验班）
CHI0001,中国语文,必修,2,32,环境科学与工程类（智慧环境启明实验班）
EEE0531,电工电子学（三）,必修,3,48,环境科学与工程类（智慧环境启明实验班）
EIC0008,人工智能概论（B）,必修,2,32,环境科学与工程类（智慧环境启明实验班）
ENG3561,工程训练（六）,必修,1,2w,环境科学与工程类（智慧环境启明实验班）
ESE0000,环境物联网技术,必修,1,16,环境科学与工程类（智慧环境启明实验班）
ESE0001,生态中国,必修,1,16,环境科学与工程类（智慧环境启明实验班）
ESE0002,环境规划与管理,选修,2,32,环境科学与工程类（智慧环境启明实验班）
ESE0003,物理性污染控制工程,选修,1.5,24,环境科学与工程类（智慧环境启明实验班）
ESE0004,水污染控制工程,选修,3.5,56,环境科学与工程类（智慧环境启明实验班）
ESE0005,水污染控制工程综合实验,选修,2.5,40,环境科学与工程类（智慧环境启明实验班）
ESE0006,环境工程综合实验（渣、气、声）,选修,2.5,40,环境科学与工程类（智慧环境启明实验班）
ESE0007,环境监测综合实验,选修,2,32,环境科学与工程类（智慧环境启明实验班）
ESE0008,环境工程原理实验,选修,1,16,环境科学与工程类（智慧环境启明实验班）
ESE0009,土建工程基础,选修,1,16,环境科学与工程类（智慧环境启明实验班）
ESE0010,碳核算方法与应用（双语）,选修,1.5,24,环境科学与工程类（智慧环境启明实验班）
ESE0013,生物化学,选修,1,16,环境科学与工程类（智慧环境启明实验班）
ESE0014,气候变化,选修,1,16,环境科学与工程类（智慧环境启明实验班）
ESE0015,环境健康,选修,1,16,环境科学与工程类（智慧环境启明实验班）
ESE0016,环境模型分析与设计,选修,1,16,环境科学与工程类（智慧环境启明实验班）
ESE0017,建筑环境模拟技术（一）,选修,1,16,环境科学与工程类（智慧环境启明实验班）
ESE0018,智慧环境创新创业,必修,2,32,环境科学与工程类（智慧环境启明实验班）
ESE0022,环境信息技术,必修,1.5,24,环境科学与工程类（智慧环境启明实验班）
ESE0025,给水排水管网系统,选修,3,48,环境科学与工程类（智慧环境启明实验班）
ESE0026,水质工程学（一）,选修,3.5,56,环境科学与工程类（智慧环境启明实验班）
ESE0027,水质工程学（二）,选修,3.5,56,环境科学与工程类（智慧环境启明实验班）
ESE0028,水工程仪表与控制,选修,1.5,24,环境科学与工程类（智慧环境启明实验班）
ESE0034,智慧给水管网课程设计,选修,0.5,1w,环境科学与工程类（智慧环境启明实验班）
ESE0035,智慧排水管网课程设计,选修,0.5,1w,环境科学与工程类（智慧环境启明实验班）
ESE0036,智慧给水厂课程设计,选修,1,2w,环境科学与工程类（智慧环境启明实验班）
ESE0037,智慧污水厂课程设计,选修,1,2w,环境科学与工程类（智慧环境启明实验班）
ESE0038,工程创新实践,必修,2,4w,环境科学与工程类（智慧环境启明实验班）
ESE0043,水工程经济学与法规,选修,1.5,24,环境科学与工程类（智慧环境启明实验班）
ESE0044,流体力学（二）,必修,3.5,56,环境科学与工程类（智慧环境启明实验班）
ESE0045,建筑概论,选修,1,16,环境科学与工程类（智慧环境启明实验班）
ESE0046,传热学,选修,3.5,56,环境科学与工程类（智慧环境启明实验班）
ESE0048,建筑环境测试技术,选修,1.5,24,环境科学与工程类（智慧环境启明实验班）
ESE0049,燃气燃烧理论与应用,选修,1.5,24,环境科学与工程类（智慧环境启明实验班）
ESE0050,供热工程,选修,1.5,24,环境科学与工程类（智慧环境启明实验班）
ESE0052,通风工程,选修,1.5,24,环境科学与工程类（智慧环境启明实验班）
ESE0055,建筑环境模拟技术（二）,选修,1,16,环境科学与工程类（智慧环境启明实验班）
ESE0060,环境工程微生物学实验,选修,1,32,环境科学与工程类（智慧环境启明实验班）
ESE0061,水质工程学综合实验（4-6学期）,选修,4,64,环境科学与工程类（智慧环境启明实验班）
ESE0062,水环境监测综合实验,选修,3,48,环境科学与工程类（智慧环境启明实验班）
ESE0063,燃气输配课程设计,选修,2,2w,环境科学与工程类（智慧环境启明实验班）
ESE0064,供热工程课程设计,选修,2,2w,环境科学与工程类（智慧环境启明实验班）
ESE0065,空调工程课程设计,选修,2,2w,环境科学与工程类（智慧环境启明实验班）
ESE0066,智能建筑（建筑自动化）课程设计,选修,1,1w,环境科学与工程类（智慧环境启明实验班）
ESE0067,燃气燃烧与应用课程设计,选修,1,1w,环境科学与工程类（智慧环境启明实验班）
ESE0069,毕业设计（论文）,必修,10,15w,环境科学与工程类（智慧环境启明实验班）
ESE0071,建环人工智能应用,选修,1,16,环境科学与工程类（智慧环境启明实验班）
ESE0073,建筑低碳与可再生能源,必修,1.5,24,环境科学与工程类（智慧环境启明实验班）
ESE0076,专业英语（环境工程）,选修,1.5,24,环境科学与工程类（智慧环境启明实验班）
ESE0077,专业英语（建筑环境与能源应用工程）,选修,1.5,24,环境科学与工程类（智慧环境启明实验班）
ESE0078,环境生物及生物技术,选修,2,32,环境科学与工程类（智慧环境启明实验班）
ESE0079,环境问题观察（二）,必修,2,3w,环境科学与工程类（智慧环境启明实验班）
ESE0083,专业英语（给排水科学与工程）,选修,1.5,24,环境科学与工程类（智慧环境启明实验班）
ESE0121,企业安环与节能减排,选修,1,16,环境科学与工程类（智慧环境启明实验班）
ESE0521,城市水工程概论,选修,1,16,环境科学与工程类（智慧环境启明实验班）
ESE0581,环境工程微生物学,选修,2,32,环境科学与工程类（智慧环境启明实验班）
ESE0602,物理化学,选修,2,32,环境科学与工程类（智慧环境启明实验班）
ESE0651,分析化学,选修,2,32,环境科学与工程类（智慧环境启明实验班）
ESE0662,化学综合实验,选修,1,32,环境科学与工程类（智慧环境启明实验班）
ESE0681,自动控制原理,选修,2.5,40,环境科学与工程类（智慧环境启明实验班）
ESE0702,环境与建筑工程制图基础,必修,2,32,环境科学与工程类（智慧环境启明实验班）
ESE2031,大气污染控制工程（双语）,选修,2.5,40,环境科学与工程类（智慧环境启明实验班）
ESE2061,固体废物处理与处置,选修,2.5,40,环境科学与工程类（智慧环境启明实验班）
ESE2071,环境监测,选修,2,32,环境科学与工程类（智慧环境启明实验班）
ESE2091,环境评价,选修,2,32,环境科学与工程类（智慧环境启明实验班）
ESE2101,建筑给水排水工程,选修,3,48,环境科学与工程类（智慧环境启明实验班）
ESE2121,建筑环境学,选修,2,32,环境科学与工程类（智慧环境启明实验班）
ESE2131,建筑环境与能源综合实验（二）,选修,0.5,16,环境科学与工程类（智慧环境启明实验班）
ESE2141,建筑环境与能源综合实验（一）,选修,0.5,16,环境科学与工程类（智慧环境启明实验班）
ESE2151,建筑环境与能源综合实验（三）,选修,0.5,16,环境科学与工程类（智慧环境启明实验班）
ESE2161,建筑自动化,选修,2,32,环境科学与工程类（智慧环境启明实验班）
ESE2171,空调工程,选修,2,32,环境科学与工程类（智慧环境启明实验班）
ESE2183,环境工程原理,选修,3.5,56,环境科学与工程类（智慧环境启明实验班）
ESE2212,燃气供应,选修,2,32,环境科学与工程类（智慧环境启明实验班）
ESE2222,水泵与水泵站,选修,1.5,24,环境科学与工程类（智慧环境启明实验班）
ESE2231,水处理生物学,选修,2,32,环境科学与工程类（智慧环境启明实验班）
ESE2242,水分析化学,选修,2,32,环境科学与工程类（智慧环境启明实验班）
ESE2311,工程热力学,选修,3.5,56,环境科学与工程类（智慧环境启明实验班）
ESE2361,水系统智能化技术,必修,1.5,24,环境科学与工程类（智慧环境启明实验班）
ESE2411,流体输配管网,选修,1.5,24,环境科学与工程类（智慧环境启明实验班）
ESE2431,热质交换理论与设备,选修,2,32,环境科学与工程类（智慧环境启明实验班）
ESE3511,泵站课程设计,选修,0.5,1w,环境科学与工程类（智慧环境启明实验班）
ESE3541,大气污染控制课程设计,选修,0.5,1w,环境科学与工程类（智慧环境启明实验班）
ESE3581,固体废物处理课程设计,选修,1,2w,环境科学与工程类（智慧环境启明实验班）
ESE3591,环境评价课程设计,选修,0.5,1w,环境科学与工程类（智慧环境启明实验班）
ESE3601,建筑给水排水工程课程设计,选修,1,2w,环境科学与工程类（智慧环境启明实验班）
ESE3631,环境规划课程设计,选修,0.5,1w,环境科学与工程类（智慧环境启明实验班）
ESE3661,认知实习,必修,0.5,1w,环境科学与工程类（智慧环境启明实验班）
ESE3671,生产实习,必修,2,4w,环境科学与工程类（智慧环境启明实验班）
ESE3691,水污染控制课程设计,选修,1.5,3w,环境科学与工程类（智慧环境启明实验班）
ESE5042,城市天然气工程,选修,1,16,环境科学与工程类（智慧环境启明实验班）
ESE5051,废水处理新技术,选修,1.5,24,环境科学与工程类（智慧环境启明实验班）
ESE5081,给排水新技术,选修,1.5,24,环境科学与工程类（智慧环境启明实验班）
ESE5091,工程项目管理,选修,1,16,环境科学与工程类（智慧环境启明实验班）
ESE5122,环境保护法规,选修,1.5,24,环境科学与工程类（智慧环境启明实验班）
ESE5142,环境化学,选修,1.5,24,环境科学与工程类（智慧环境启明实验班）
ESE5151,环境经济学,选修,1.5,24,环境科学与工程类（智慧环境启明实验班）
ESE5161,环境生态学,选修,1.5,24,环境科学与工程类（智慧环境启明实验班）
ESE5191,环境系统工程,选修,1.5,24,环境科学与工程类（智慧环境启明实验班）
ESE5261,膜科学与技术,选修,1.5,24,环境科学与工程类（智慧环境启明实验班）
ESE5311,环境工程施工,选修,1.5,24,环境科学与工程类（智慧环境启明实验班）
ESE5452,室内污染控制与洁净技术,选修,1,16,环境科学与工程类（智慧环境启明实验班）
ESE5501,水工程软件应用,选修,1.5,24,环境科学与工程类（智慧环境启明实验班）
ESE5511,水工程施工,选修,2,32,环境科学与工程类（智慧环境启明实验班）
ESE5521,水工艺设备基础,选修,1.5,24,环境科学与工程类（智慧环境启明实验班）
ESE5541,水文与水文地质学（4-5学期）,选修,2,32,环境科学与工程类（智慧环境启明实验班）
ESE5551,水资源利用与保护,选修,2,32,环境科学与工程类（智慧环境启明实验班）
ESE5582,土壤与地下水修复技术与工程,选修,1.5,24,环境科学与工程类（智慧环境启明实验班）
ESE5601,污泥处理与资源化,选修,1.5,24,环境科学与工程类（智慧环境启明实验班）
ESE5641,仪器分析,选修,2,32,环境科学与工程类（智慧环境启明实验班）
ESE5662,有机化学,选修,2,32,环境科学与工程类（智慧环境启明实验班）
ESE5681,制冷技术,选修,2,32,环境科学与工程类（智慧环境启明实验班）
ESE5861,智能化水系统应用,选修,1.5,24,环境科学与工程类（智慧环境启明实验班）
ESE5871,智慧水务管理,选修,1.5,24,环境科学与工程类（智慧环境启明实验班）
ESE5891,建筑环境与能源应用工程前沿,选修,1.5,24,环境科学与工程类（智慧环境启明实验班）
ESE5901,工业废水处理及回用,选修,1.5,24,环境科学与工程类（智慧环境启明实验班）
MAT0021,微积分（B）（上）,必修,5.5,88,环境科学与工程类（智慧环境启明实验班）
MAT0031,微积分（B）（下）,必修,5.5,88,环境科学与工程类（智慧环境启明实验班）
MAT0121,线性代数（B）,必修,2.5,40,环境科学与工程类（智慧环境启明实验班）
MAT0131,概率论与数理统计（B）,必修,2.5,40,环境科学与工程类（智慧环境启明实验班）
MAX0013,马克思主义基本原理,必修,2.5,40,环境科学与工程类（智慧环境启明实验班）
MAX0022,思想道德与法治,必修,2.5,40,环境科学与工程类（智慧环境启明实验班）
MAX0033,形势与政策（1-8学期）,必修,2,64,环境科学与工程类（智慧环境启明实验班）
MAX0042,中国近现代史纲要,必修,2.5,40,环境科学与工程类（智慧环境启明实验班）
MAX0064,毛泽东思想和中国特色社会主义理论体系概论,必修,2.5,40,环境科学与工程类（智慧环境启明实验班）
MAX0072,习近平新时代中国特色社会主义思想概论,必修,3,48,环境科学与工程类（智慧环境启明实验班）
MESE0611,机械原理,选修,2,32,环境科学与工程类（智慧环境启明实验班）
MESE0891,工程制图（一）,必修,2.5,40,环境科学与工程类（智慧环境启明实验班）
MESE0901,机械原理及零件,选修,3,48,环境科学与工程类（智慧环境启明实验班）
MESE5361,计算机网络技术及应用,必修,2,32,环境科学与工程类（智慧环境启明实验班）
NCC0001,计算机及程序设计基础（C++),选修,3,48,环境科学与工程类（智慧环境启明实验班）
NCC0051,计算机及程序设计基础（Python）,必修,3,48,环境科学与工程类（智慧环境启明实验班）
PHE0003,大学体育（一）（1-2学期）,必修,1.8,60,环境科学与工程类（智慧环境启明实验班）
PHE0013,大学体育（二）（3-4学期）,必修,1.8,60,环境科学与工程类（智慧环境启明实验班）
PHE0023,大学体育（三）（5-6学期）,必修,0.4,24,环境科学与工程类（智慧环境启明实验班）
PHY0171,大学物理（A）（上）,必修,4,64,环境科学与工程类（智慧环境启明实验班）
PHY0181,大学物理（A）（下）,必修,4,64,环境科学与工程类（智慧环境启明实验班）
PHY0191,物理实验（上）,必修,2,32,环境科学与工程类（智慧环境启明实验班）
PHY0201,物理实验（下）,必修,1.5,24,环境科学与工程类（智慧环境启明实验班）
SFL0004,综合英语（一）,必修,2.5,40,环境科学与工程类（智慧环境启明实验班）
SFL0014,综合英语（二）,必修,2.5,40,环境科学与工程类（智慧环境启明实验班）
AUP0001,美丽中国-人居环境科学导论,必修,1.5,24,环境设计
AUP0211,城市更新,必修,3.5,56,环境设计
AUP0221,印染艺术实践,选修,2,32,环境设计
AUP0231,纸纤维艺术实践,选修,1.5,24,环境设计
AUP0241,插花艺术,选修,1,16,环境设计
AUP0481,健康居住建筑设计,必修,3,48,环境设计
AUP0491,康养酒店建筑设计,必修,3,48,环境设计
AUP0501,健康居住设计,必修,3.5,56,环境设计
AUP0791,建筑安全学与法规,必修,1.5,24,环境设计
AUP1082,美学原理与艺术概论,必修,1.5,24,环境设计
AUP1531,城市规划概论,必修,1.5,24,环境设计
AUP1541,场景模型制作,必修,2,32,环境设计
AUP1561,创新创业实践课（一）,必修,2,32,环境设计
AUP1571,创新创业实践课（二）,必修,2,32,环境设计
AUP1601,创新思维能力与技法训练,必修,2,32,环境设计
AUP1641,设计创新思维,必修,1,16,环境设计
AUP1821,设计造型基础（一）,必修,4,64,环境设计
AUP1832,设计初步（一）,必修,3,48,环境设计
AUP1861,西方艺术史,必修,1.5,24,环境设计
AUP1991,设计造型基础（二）,必修,4,64,环境设计
AUP2001,设计初步（二）,必修,3,48,环境设计
AUP2981,建筑构造（一）（原理）,必修,2,32,环境设计
AUP3051,中国美术史,必修,1.5,24,环境设计
AUP3061,陈设设计,必修,2.5,40,环境设计
AUP3081,环境设计管理,必修,2.5,40,环境设计
AUP3111,木作与家具,必修,2.5,40,环境设计
AUP3121,建筑外部环境设计（一）,必修,3.5,56,环境设计
AUP3131,建筑外部环境设计（二）,必修,3.5,56,环境设计
AUP3201,装饰材料与施工,必修,2.5,40,环境设计
AUP3211,现代设计史,必修,1.5,24,环境设计
AUP3251,设计产业政策与法规,必修,1,16,环境设计
AUP3261,外环境场地施工,必修,2,32,环境设计
AUP3271,学术论文写作基础,必修,1,16,环境设计
AUP3291,未来设计策划,必修,2.5,40,环境设计
AUP3301,未来设计,必修,3,48,环境设计
AUP3311,康养酒店空间设计,必修,3.5,56,环境设计
AUP3321,服务设计空间策划,必修,2.5,40,环境设计
AUP3331,服务设计,必修,3,48,环境设计
AUP3341,环境设计专题,必修,3,48,环境设计
AUP3351,康养酒店课程设计,必修,0.5,1w,环境设计
AUP3361,服务设计课程设计,必修,0.5,1w,环境设计
AUP3512,毕业设计（论文）,必修,7,14w,环境设计
AUP3521,毕业实习,必修,2,4w,环境设计
AUP3551,传统建筑装饰测绘实习,必修,0.5,1w,环境设计
AUP3771,专业设计认识实习,必修,0.5,1w,环境设计
AUP3921,设计造型基础写生实习,必修,1,2w,环境设计
AUP3961,木作与家具课程设计,必修,0.5,1w,环境设计
AUP3971,建筑外部环境课程设计（一）,必修,0.5,1w,环境设计
AUP3981,建筑外部环境课程设计（二）,必修,0.5,1w,环境设计
AUP5241,环境色彩研究专题,选修,1.5,24,环境设计
AUP5271,建筑历史概论,选修,1.5,24,环境设计
AUP5481,无障碍设计,选修,1,16,环境设计
AUP5531,艺术设计传播学,必修,1.5,24,环境设计
AUP5541,营造十讲,选修,1.5,24,环境设计
AUP5551,园林植物学,选修,1.5,24,环境设计
AUP5731,现代艺术史,选修,1.5,24,环境设计
AUP5961,智慧城市导视设计,选修,1.5,24,环境设计
AUP6281,设计竞赛实践,选修,1.5,24,环境设计
AUP6292,东方艺术史,选修,1,16,环境设计
AUP6311,环境雕塑与壁画设计,选修,1.5,24,环境设计
AUP6341,综合版画表现技法,选修,1,16,环境设计
CHI0001,中国语文,必修,2,32,环境设计
EEE0682,建筑设备工程（电气通讯）,必修,1,16,环境设计
ESE0512,建筑设备工程（给水排水与空调）,必修,1,16,环境设计
MAX0013,马克思主义基本原理,必修,2.5,40,环境设计
MAX0022,思想道德与法治,必修,2.5,40,环境设计
MAX0033,形势与政策（1-8学期）,必修,2,64,环境设计
MAX0042,中国近现代史纲要,必修,2.5,40,环境设计
MAX0064,毛泽东思想和中国特色社会主义理论体系概论,必修,2.5,40,环境设计
MAX0072,习近平新时代中国特色社会主义思想概论,必修,3,48,环境设计
PHE0003,大学体育（一）（1-2学期）,必修,1.8,60,环境设计
PHE0013,大学体育（二）（3-4学期）,必修,1.8,60,环境设计
PHE0023,大学体育（三）（5-6学期）,必修,0.4,24,环境设计
SFL0004,综合英语（一）,必修,2.5,40,环境设计
SFL0014,综合英语（二）,必修,2.5,40,环境设计
SOD0000,人工智能概论（C）,必修,2,32,环境设计
BIO0008,生物科学大实验,选修,3,48,生物信息学
BIO0026,微生物学实验,选修,2,32,生物信息学
BIO0046,细胞生物学实验,必修,1.5,24,生物信息学
BIO0048,解剖与生理学实验,选修,2,32,生物信息学
BIO0072,生物化学与分子生物学实验（一）,必修,1.5,24,生物信息学
BIO0085,生物医学传感检测与仪器实验,选修,1.5,24,生物信息学
BIO0088,生物信息资源与实践,必修,2,32,生物信息学
BIO0090,生物大数据与人工智能,必修,3,48,生物信息学
BIO0098,生物化学与分子生物学实验（二）,必修,1.5,24,生物信息学
BIO0104,生物信息编程实践,必修,2,32,生物信息学
BIO0107,系统生物学实验,必修,2,32,生物信息学
BIO0112,BT&IT专业创新创业训练（3-6学期）,必修,2,4w,生物信息学
BIO0241,组学数据分析和可视化,必修,3,48,生物信息学
BIO0291,数据库技术及应用（生物信息）,必修,2,32,生物信息学
BIO0331,人工智能微生物组学,选修,2,32,生物信息学
BIO0511,生物医学工程与信息技术概论,必修,1,16,生物信息学
BIO0541,基础化学,必修,3,48,生物信息学
BIO0551,基因组学,必修,2,32,生物信息学
BIO0681,生物化学与分子生物学（二）,必修,2,32,生物信息学
BIO0691,生物化学与分子生物学（一）,必修,3.5,56,生物信息学
BIO0721,生物统计学,必修,2,32,生物信息学
BIO0782,细胞生物学,必修,3.5,56,生物信息学
BIO0831,药学基础,选修,2,32,生物信息学
BIO0891,遗传学,必修,3,48,生物信息学
BIO0901,遗传学实验,必修,1,32,生物信息学
BIO2011,定量生理学,必修,2,32,生物信息学
BIO2081,解剖与生理学,选修,4,64,生物信息学
BIO2211,生物芯片,必修,2,32,生物信息学
BIO2231,生物信息学,必修,3.5,56,生物信息学
BIO2261,生物医学传感检测与仪器,选修,2.5,40,生物信息学
BIO2331,微生物学,选修,3,48,生物信息学
BIO2351,系统生物学,必修,2,32,生物信息学
BIO2381,仪器分析,必修,2,32,生物信息学
BIO3511,毕业设计（论文）（7-8学期）,必修,8,16w,生物信息学
BIO3542,课程设计,必修,1,2w,生物信息学
BIO3561,生产实习,必修,2,4w,生物信息学
BIO3581,行业产业认知实习,必修,0.5,1w,生物信息学
BIO5081,代谢组学,选修,1,16,生物信息学
BIO5091,蛋白质组学,选修,2,32,生物信息学
BIO5161,化学与生物传感器,选修,2,32,生物信息学
BIO5431,生物物理学,选修,3,48,生物信息学
BIO5601,药物分子设计,选修,2,32,生物信息学
BIO5611,医学统计学,选修,1,16,生物信息学
CHE0801,有机化学,必修,4,64,生物信息学
CHE0831,有机化学实验,必修,1,32,生物信息学
CHI0001,中国语文,必修,2,32,生物信息学
CST0048,人工智能概论（A）,必修,2,32,生物信息学
EIC0691,数据结构与算法,必修,3.5,56,生物信息学
ENG3521,工程训练（五）,必修,0.5,1w,生物信息学
ENG3581,工程训练（二）,必修,1.5,3w,生物信息学
MAT0021,微积分（B）（上）,必修,5.5,88,生物信息学
MAT0031,微积分（B）（下）,必修,5.5,88,生物信息学
MAT0121,线性代数（B）,必修,2.5,40,生物信息学
MAT0131,概率论与数理统计（B）,必修,2.5,40,生物信息学
MAX0013,马克思主义基本原理,必修,2.5,40,生物信息学
MAX0022,思想道德与法治,必修,2.5,40,生物信息学
MAX0033,形势与政策（1-8学期）,必修,2,64,生物信息学
MAX0042,中国近现代史纲要,必修,2.5,40,生物信息学
MAX0064,毛泽东思想和中国特色社会主义理论体系概论,必修,2.5,40,生物信息学
MAX0072,习近平新时代中国特色社会主义思想概论,必修,3,48,生物信息学
MESE0891,工程制图（一）,必修,2.5,40,生物信息学
NCC0001,计算机及程序设计基础（C++),必修,3,48,生物信息学
PHE0003,大学体育（一）（1-2学期）,必修,1.8,60,生物信息学
PHE0013,大学体育（二）（3-4学期）,必修,1.8,60,生物信息学
PHE0023,大学体育（三）（5-6学期）,必修,0.4,24,生物信息学
PHY0171,大学物理（A）（上）,必修,4,64,生物信息学
PHY0181,大学物理（A）（下）,必修,4,64,生物信息学
PHY0191,物理实验（上）,必修,2,32,生物信息学
PHY0201,物理实验（下）,必修,1.5,24,生物信息学
SFL0004,综合英语（一）,必修,2.5,40,生物信息学
SFL0014,综合英语（二）,必修,2.5,40,生物信息学
BIO0000,创新创业训练（一）,必修,1,16,生物制药
BIO0002,创新创业训练（二）,必修,1,16,生物制药
BIO0003,创新创业训练（三）,必修,2,32,生物制药
BIO0004,创新创业训练（四）,必修,2,32,生物制药
BIO0011,微生物学,必修,2,32,生物制药
BIO0018,药学基础,必修,1.5,24,生物制药
BIO0019,纳米生物材料,必修,1.5,24,生物制药
BIO0020,药事管理,必修,2,32,生物制药
BIO0022,生物化学与分子生物学实验（一）,必修,1,24,生物制药
BIO0023,生物化学与分子生物学实验（二）,必修,1,24,生物制药
BIO0024,医学细胞生物学实验,必修,1,24,生物制药
BIO0026,微生物学实验,必修,2,32,生物制药
BIO0027,生物药物分析实验,必修,2,32,生物制药
BIO0028,纳米药物制剂实验,必修,2,32,生物制药
BIO0029,纳米生物材料实验,必修,2,32,生物制药
BIO0030,生物制药技术实验,必修,2,32,生物制药
BIO0032,纳米诊断与检测技术,必修,1.5,24,生物制药
BIO0033,纳米诊断与检测技术实验,必修,2,32,生物制药
BIO0037,生命科学与技术实验,必修,1,16,生物制药
BIO0058,实验室安全教育,必修,0,16,生物制药
BIO0076,生物医药前沿,选修,2,32,生物制药
BIO0110,免疫学实验,选修,1,24,生物制药
BIO0271,生物分离与分析技术,选修,3,48,生物制药
BIO0621,生命科学与技术导论,必修,1.5,24,生物制药
BIO0681,生物化学与分子生物学（二）,必修,2,32,生物制药
BIO0691,生物化学与分子生物学（一）,必修,3.5,56,生物制药
BIO0731,生物药物分析,必修,2,32,生物制药
BIO0801,药剂学,必修,2,32,生物制药
BIO0811,药理学,必修,2,32,生物制药
BIO0821,药物化学,必修,2,32,生物制药
BIO0871,医学细胞生物学,必修,2.5,40,生物制药
BIO2021,发酵工程,必修,2,32,生物制药
BIO2071,基因工程原理,选修,2,32,生物制药
BIO2081,解剖与生理学,选修,4,64,生物制药
BIO2091,解剖与生理学实验,选修,1,32,生物制药
BIO2101,蛋白质与酶工程,选修,2,32,生物制药
BIO2131,纳米药物制剂,必修,2,32,生物制药
BIO2251,生物药剂学与药代动力学,必修,2,32,生物制药
BIO2301,生物制药工艺与设备,必修,2,32,生物制药
BIO2311,生物制药技术,必修,2,32,生物制药
BIO3511,毕业设计（论文）,必修,8,16w,生物制药
BIO3551,认知实习,必修,1,2w,生物制药
BIO3561,生产实习,必修,2,4w,生物制药
BIO5031,GPCR药理学,选修,1,16,生物制药
BIO5111,分子医学影像学,选修,2,32,生物制药
BIO5221,科技论文写作,选修,1,16,生物制药
BIO5231,免疫学,选修,2,32,生物制药
BIO5261,纳米生物无机化学,选修,1,16,生物制药
BIO5281,纳米肿瘤学,选修,2,32,生物制药
BIO5491,天然药物化学,选修,2,32,生物制药
BIO5541,细胞工程原理,选修,2,32,生物制药
BIO5551,先进给药技术,选修,1,16,生物制药
BIO5601,药物分子设计,选修,2,32,生物制药
BIO5651,智能纳米载药系统进展,选修,2,32,生物制药
BIO5661,专业信息检索与管理,选修,1,16,生物制药
CHE0741,无机及分析化学,必修,4,64,生物制药
CHE0751,无机及分析化学实验,必修,1,32,生物制药
CHE0781,物理化学实验,选修,1,32,生物制药
CHE0801,有机化学,必修,4,64,生物制药
CHE0831,有机化学实验,必修,1,32,生物制药
CHE0861,物理化学,选修,2,32,生物制药
CHI0001,中国语文,必修,2,32,生物制药
EIC0008,人工智能概论（B）,必修,2,32,生物制药
ENG3541,工程训练（三）,必修,1,2w,生物制药
MAT0021,微积分（B）（上）,必修,5.5,88,生物制药
MAT0031,微积分（B）（下）,必修,5.5,88,生物制药
MAT0121,线性代数（B）,选修,2.5,40,生物制药
MAT0131,概率论与数理统计（B）,必修,2.5,40,生物制药
MAX0013,马克思主义基本原理,必修,2.5,40,生物制药
MAX0022,思想道德与法治,必修,2.5,40,生物制药
MAX0033,形势与政策（1-8学期）,必修,2,64,生物制药
MAX0042,中国近现代史纲要,必修,2.5,40,生物制药
MAX0064,毛泽东思想和中国特色社会主义理论体系概论,必修,2.5,40,生物制药
MAX0072,习近平新时代中国特色社会主义思想概论,必修,3,48,生物制药
NCC0001,计算机及程序设计基础（C++),必修,3,48,生物制药
PHE0003,大学体育（一）（1-2学期）,必修,1.8,60,生物制药
PHE0013,大学体育（二）（3-4学期）,必修,1.8,60,生物制药
PHE0023,大学体育（三）（5-6学期）,必修,0.4,24,生物制药
PHY0171,大学物理（A）（上）,必修,4,64,生物制药
PHY0181,大学物理（A）（下）,必修,4,64,生物制药
PHY0191,物理实验（上）,必修,2,32,生物制药
PHY0201,物理实验（下）,必修,1.5,24,生物制药
SFL0004,综合英语（一）,必修,2.5,40,生物制药
SFL0014,综合英语（二）,必修,2.5,40,生物制药
BIO0009,仿生智能材料与智能医疗器械,选修,2,32,生物医学工程
BIO0012,医疗器械生物学评价,选修,2,32,生物医学工程
BIO0013,生物化学（一）,选修,2,32,生物医学工程
BIO0014,生物化学（二）,选修,1.5,24,生物医学工程
BIO0017,应用光子学基础,选修,3,48,生物医学工程
BIO0048,解剖与生理学实验,必修,2,32,生物医学工程
BIO0053,生物化学实验（二）,选修,1.5,24,生物医学工程
BIO0054,生物化学实验（一）,选修,1.5,24,生物医学工程
BIO0070,细胞生物学实验,选修,2,32,生物医学工程
BIO0078,生物医学光子学实验,选修,1,16,生物医学工程
BIO0083,医学图像处理实验,选修,1.5,24,生物医学工程
BIO0084,生物材料与组织工程实验,选修,1.5,24,生物医学工程
BIO0085,生物医学传感检测与仪器实验,选修,1.5,24,生物医学工程
BIO0103,生物医学数字信号处理实验,选修,1,16,生物医学工程
BIO0105,生命中的人工智能,选修,2,32,生物医学工程
BIO0281,生物医学微器件系统,选修,2,32,生物医学工程
BIO0311,统计光学及其生物医学应用,选修,2,32,生物医学工程
BIO0321,医疗器械监管科学,选修,2,32,生物医学工程
BIO0511,生物医学工程与信息技术概论,必修,1,16,生物医学工程
BIO0541,基础化学,必修,3,48,生物医学工程
BIO0781,细胞生物学,选修,3,48,生物医学工程
BIO2081,解剖与生理学,必修,4,64,生物医学工程
BIO2261,生物医学传感检测与仪器,选修,2.5,40,生物医学工程
BIO2281,生物医学数字信号处理,选修,3,48,生物医学工程
BIO2381,仪器分析,选修,2,32,生物医学工程
BIO2401,应用光子学基础实验,选修,0.5,8,生物医学工程
BIO3511,毕业设计（论文）,必修,8,16w,生物医学工程
BIO3541,课程设计,必修,2,4w,生物医学工程
BIO3561,生产实习,必修,2,4w,生物医学工程
BIO3581,行业产业认知实习,必修,0.5,1w,生物医学工程
BIO3611,专业科技创新训练,必修,2,4w,生物医学工程
BIO5051,PET概论,选修,2,32,生物医学工程
BIO5061,超声概论,选修,2,32,生物医学工程
BIO5111,分子医学影像学,选修,2,32,生物医学工程
BIO5161,化学与生物传感器,选修,2,32,生物医学工程
BIO5271,纳米生物医学分析技术,选修,2,32,生物医学工程
BIO5291,人工器官概论,选修,1,16,生物医学工程
BIO5341,生物材料的分子结构,选修,2,32,生物医学工程
BIO5361,生物材料学,选修,3,48,生物医学工程
BIO5451,生物医学光子学,选修,2,32,生物医学工程
BIO5501,微机式医学仪器设计,选修,2.5,40,生物医学工程
BIO5511,微机式医学仪器设计实验,选修,0.5,16,生物医学工程
BIO5521,微弱信号获取方法,选修,2,32,生物医学工程
BIO5571,新材料概论,选修,2,32,生物医学工程
BIO5591,心理学概论,选修,1,16,生物医学工程
BIO5611,医学统计学,选修,1,16,生物医学工程
BIO5621,医学图像处理,选修,2,32,生物医学工程
BIO5631,医学影像系统原理,选修,2,32,生物医学工程
BIO5681,组织工程导论,选修,2,32,生物医学工程
BIO5841,细胞力学与生物力医学,选修,2,32,生物医学工程
BIO5851,生物3D打印,选修,2,32,生物医学工程
CHE0801,有机化学,必修,4,64,生物医学工程
CHE0831,有机化学实验,必修,1,32,生物医学工程
CHI0001,中国语文,必修,2,32,生物医学工程
CST0048,人工智能概论（A）,必修,2,32,生物医学工程
CST0611,微机原理与接口技术,必修,3,48,生物医学工程
EEE0007,电路测试基础实验,必修,2,32,生物医学工程
EEE0691,电路理论（四）,必修,4.5,72,生物医学工程
EIC0002,电子测试与实验（一）,必修,3.5,56,生物医学工程
EIC0591,模拟电子技术（二）,必修,3.5,56,生物医学工程
EIC0661,信号与线性系统,必修,4,64,生物医学工程
EIC0751,数字电路与逻辑设计,必修,3.5,56,生物医学工程
ENG3521,工程训练（五）,必修,0.5,1w,生物医学工程
ENG3581,工程训练（二）,必修,1.5,3w,生物医学工程
MAN1531,机器学习基础,选修,2,32,生物医学工程
MAT0021,微积分（B）（上）,必修,5.5,88,生物医学工程
MAT0031,微积分（B）（下）,必修,5.5,88,生物医学工程
MAT0121,线性代数（B）,必修,2.5,40,生物医学工程
MAT0131,概率论与数理统计（B）,必修,2.5,40,生物医学工程
MAT0561,复变函数与积分变换,选修,2.5,40,生物医学工程
MAT0701,数理方程与特殊函数,选修,2.5,40,生物医学工程
MAX0013,马克思主义基本原理,必修,2.5,40,生物医学工程
MAX0022,思想道德与法治,必修,2.5,40,生物医学工程
MAX0033,形势与政策（1-8学期）,必修,2,64,生物医学工程
MAX0042,中国近现代史纲要,必修,2.5,40,生物医学工程
MAX0064,毛泽东思想和中国特色社会主义理论体系概论,必修,2.5,40,生物医学工程
MAX0072,习近平新时代中国特色社会主义思想概论,必修,3,48,生物医学工程
MESE0891,工程制图（一）,必修,2.5,40,生物医学工程
NCC0001,计算机及程序设计基础（C++),必修,3,48,生物医学工程
PHE0003,大学体育（一）（1-2学期）,必修,1.8,60,生物医学工程
PHE0013,大学体育（二）（3-4学期）,必修,1.8,60,生物医学工程
PHE0023,大学体育（三）（5-6学期）,必修,0.4,24,生物医学工程
PHY0171,大学物理（A）（上）,必修,4,64,生物医学工程
PHY0181,大学物理（A）（下）,必修,4,64,生物医学工程
PHY0191,物理实验（上）,必修,2,32,生物医学工程
PHY0201,物理实验（下）,必修,1.5,24,生物医学工程
SFL0004,综合英语（一）,必修,2.5,40,生物医学工程
SFL0014,综合英语（二）,必修,2.5,40,生物医学工程
BIO0001,软件技术基础,必修,4,64,生物医学工程（医工交叉启明实验班）
BIO0008,生物科学大实验,选修,3,48,生物医学工程（医工交叉启明实验班）
BIO0009,仿生智能材料与智能医疗器械,选修,2,32,生物医学工程（医工交叉启明实验班）
BIO0010,生物医学伦理学,选修,1,16,生物医学工程（医工交叉启明实验班）
BIO0012,医疗器械生物学评价,选修,2,32,生物医学工程（医工交叉启明实验班）
BIO0013,生物化学（一）,选修,2,32,生物医学工程（医工交叉启明实验班）
BIO0014,生物化学（二）,选修,1.5,24,生物医学工程（医工交叉启明实验班）
BIO0017,应用光子学基础,选修,3,48,生物医学工程（医工交叉启明实验班）
BIO0026,微生物学实验,选修,2,32,生物医学工程（医工交叉启明实验班）
BIO0048,解剖与生理学实验,必修,2,32,生物医学工程（医工交叉启明实验班）
BIO0052,遗传学实验,选修,2,32,生物医学工程（医工交叉启明实验班）
BIO0053,生物化学实验（二）,选修,1.5,24,生物医学工程（医工交叉启明实验班）
BIO0054,生物化学实验（一）,必修,1.5,24,生物医学工程（医工交叉启明实验班）
BIO0070,细胞生物学实验,选修,2,32,生物医学工程（医工交叉启明实验班）
BIO0078,生物医学光子学实验,选修,1,16,生物医学工程（医工交叉启明实验班）
BIO0083,医学图像处理实验,选修,1.5,24,生物医学工程（医工交叉启明实验班）
BIO0084,生物材料与组织工程实验,选修,1.5,24,生物医学工程（医工交叉启明实验班）
BIO0085,生物医学传感检测与仪器实验,选修,1.5,24,生物医学工程（医工交叉启明实验班）
BIO0088,生物信息资源与实践,选修,2,32,生物医学工程（医工交叉启明实验班）
BIO0090,生物大数据与人工智能,选修,3,48,生物医学工程（医工交叉启明实验班）
BIO0103,生物医学数字信号处理实验,选修,1,16,生物医学工程（医工交叉启明实验班）
BIO0104,生物信息编程实践,选修,2,32,生物医学工程（医工交叉启明实验班）
BIO0105,生命中的人工智能（6-7学期）,选修,2,32,生物医学工程（医工交叉启明实验班）
BIO0106,人工智能算法导论,选修,2,32,生物医学工程（医工交叉启明实验班）
BIO0107,系统生物学实验,选修,2,32,生物医学工程（医工交叉启明实验班）
BIO0109,微机式医学仪器设计实验,选修,1.5,24,生物医学工程（医工交叉启明实验班）
BIO0241,组学数据分析和可视化,选修,3,48,生物医学工程（医工交叉启明实验班）
BIO0281,生物医学微器件系统,选修,2,32,生物医学工程（医工交叉启明实验班）
BIO0311,统计光学及其生物医学应用,选修,2,32,生物医学工程（医工交叉启明实验班）
BIO0321,医疗器械监管科学,选修,2,32,生物医学工程（医工交叉启明实验班）
BIO0331,人工智能微生物组学,选修,2,32,生物医学工程（医工交叉启明实验班）
BIO0541,基础化学,必修,3,48,生物医学工程（医工交叉启明实验班）
BIO0551,基因组学,选修,2,32,生物医学工程（医工交叉启明实验班）
BIO0721,生物统计学,选修,2,32,生物医学工程（医工交叉启明实验班）
BIO0751,生物医学工程前沿,必修,1,16,生物医学工程（医工交叉启明实验班）
BIO0781,细胞生物学,选修,3,48,生物医学工程（医工交叉启明实验班）
BIO0831,药学基础,选修,2,32,生物医学工程（医工交叉启明实验班）
BIO0891,遗传学,选修,3,48,生物医学工程（医工交叉启明实验班）
BIO2011,定量生理学,选修,2,32,生物医学工程（医工交叉启明实验班）
BIO2081,解剖与生理学,必修,4,64,生物医学工程（医工交叉启明实验班）
BIO2211,生物芯片,选修,2,32,生物医学工程（医工交叉启明实验班）
BIO2261,生物医学传感检测与仪器,选修,2.5,40,生物医学工程（医工交叉启明实验班）
BIO2281,生物医学数字信号处理,选修,3,48,生物医学工程（医工交叉启明实验班）
BIO2331,微生物学,选修,3,48,生物医学工程（医工交叉启明实验班）
BIO2351,系统生物学,选修,2,32,生物医学工程（医工交叉启明实验班）
BIO2371,医疗器械设计与制造业界课程,选修,1,16,生物医学工程（医工交叉启明实验班）
BIO2381,仪器分析,选修,2,32,生物医学工程（医工交叉启明实验班）
BIO2401,应用光子学基础实验,选修,0.5,8,生物医学工程（医工交叉启明实验班）
BIO3512,毕业设计（论文）,必修,6,12w,生物医学工程（医工交叉启明实验班）
BIO3541,课程设计,必修,2,4w,生物医学工程（医工交叉启明实验班）
BIO3561,生产实习,必修,2,4w,生物医学工程（医工交叉启明实验班）
BIO3581,行业产业认知实习,必修,0.5,1w,生物医学工程（医工交叉启明实验班）
BIO3611,专业科技创新训练,必修,2,4w,生物医学工程（医工交叉启明实验班）
BIO5051,PET概论,选修,2,32,生物医学工程（医工交叉启明实验班）
BIO5061,超声概论,选修,2,32,生物医学工程（医工交叉启明实验班）
BIO5081,代谢组学,选修,1,16,生物医学工程（医工交叉启明实验班）
BIO5091,蛋白质组学,选修,2,32,生物医学工程（医工交叉启明实验班）
BIO5111,分子医学影像学,选修,2,32,生物医学工程（医工交叉启明实验班）
BIO5161,化学与生物传感器,选修,2,32,生物医学工程（医工交叉启明实验班）
BIO5271,纳米生物医学分析技术,选修,2,32,生物医学工程（医工交叉启明实验班）
BIO5291,人工器官概论,选修,1,16,生物医学工程（医工交叉启明实验班）
BIO5341,生物材料的分子结构,选修,2,32,生物医学工程（医工交叉启明实验班）
BIO5361,生物材料学,选修,3,48,生物医学工程（医工交叉启明实验班）
BIO5431,生物物理学,选修,3,48,生物医学工程（医工交叉启明实验班）
BIO5451,生物医学光子学,选修,2,32,生物医学工程（医工交叉启明实验班）
BIO5501,微机式医学仪器设计,选修,2.5,40,生物医学工程（医工交叉启明实验班）
BIO5521,微弱信号获取方法,选修,2,32,生物医学工程（医工交叉启明实验班）
BIO5571,新材料概论,选修,2,32,生物医学工程（医工交叉启明实验班）
BIO5591,心理学概论,选修,1,16,生物医学工程（医工交叉启明实验班）
BIO5601,药物分子设计,选修,2,32,生物医学工程（医工交叉启明实验班）
BIO5611,医学统计学,选修,1,16,生物医学工程（医工交叉启明实验班）
BIO5621,医学图像处理,选修,2,32,生物医学工程（医工交叉启明实验班）
BIO5631,医学影像系统原理,选修,2,32,生物医学工程（医工交叉启明实验班）
BIO5681,组织工程导论,选修,2,32,生物医学工程（医工交叉启明实验班）
BIO5841,细胞力学与生物力医学,选修,2,32,生物医学工程（医工交叉启明实验班）
BIO5851,生物3D打印,选修,2,32,生物医学工程（医工交叉启明实验班）
CHE0012,有机化学实验,必修,2,32,生物医学工程（医工交叉启明实验班）
CHE0801,有机化学,必修,4,64,生物医学工程（医工交叉启明实验班）
CHI0001,中国语文,必修,2,32,生物医学工程（医工交叉启明实验班）
CST0611,微机原理与接口技术,选修,3,48,生物医学工程（医工交叉启明实验班）
EEE0007,电路测试基础实验,必修,2,32,生物医学工程（医工交叉启明实验班）
EEE0691,电路理论（四）,必修,4.5,72,生物医学工程（医工交叉启明实验班）
EIC0002,电子测试与实验（一）,选修,3.5,56,生物医学工程（医工交叉启明实验班）
EIC0591,模拟电子技术（二）,必修,3.5,56,生物医学工程（医工交叉启明实验班）
EIC0661,信号与线性系统,选修,4,64,生物医学工程（医工交叉启明实验班）
EIC0691,数据结构与算法,选修,3.5,56,生物医学工程（医工交叉启明实验班）
EIC0751,数字电路与逻辑设计,选修,3.5,56,生物医学工程（医工交叉启明实验班）
EIC5431,生物信息学,选修,3.5,56,生物医学工程（医工交叉启明实验班）
ENG3521,工程训练（五）,必修,0.5,1w,生物医学工程（医工交叉启明实验班）
ENG3581,工程训练（二）,必修,1.5,3w,生物医学工程（医工交叉启明实验班）
MAN1531,机器学习基础,选修,2,32,生物医学工程（医工交叉启明实验班）
MAT0001,高等数学（A）（上）,必修,5.5,88,生物医学工程（医工交叉启明实验班）
MAT0011,高等数学（A）（下）,必修,5.5,88,生物医学工程（医工交叉启明实验班）
MAT0121,线性代数（B）,必修,2.5,40,生物医学工程（医工交叉启明实验班）
MAT0131,概率论与数理统计（B）,必修,2.5,40,生物医学工程（医工交叉启明实验班）
MAT0561,复变函数与积分变换,选修,2.5,40,生物医学工程（医工交叉启明实验班）
MAT0701,数理方程与特殊函数,选修,2.5,40,生物医学工程（医工交叉启明实验班）
MAX0013,马克思主义基本原理,必修,2.5,40,生物医学工程（医工交叉启明实验班）
MAX0022,思想道德与法治,必修,2.5,40,生物医学工程（医工交叉启明实验班）
MAX0033,形势与政策（1-8学期）,必修,2,64,生物医学工程（医工交叉启明实验班）
MAX0042,中国近现代史纲要,必修,2.5,40,生物医学工程（医工交叉启明实验班）
MAX0064,毛泽东思想和中国特色社会主义理论体系概论,必修,2.5,40,生物医学工程（医工交叉启明实验班）
MAX0072,习近平新时代中国特色社会主义思想概论,必修,3,48,生物医学工程（医工交叉启明实验班）
MESE0891,工程制图（一）,必修,2.5,40,生物医学工程（医工交叉启明实验班）
NCC0021,数据库技术及应用,选修,2,32,生物医学工程（医工交叉启明实验班）
PHE0003,大学体育（一）（1-2学期）,必修,1.8,60,生物医学工程（医工交叉启明实验班）
PHE0013,大学体育（二）（3-4学期）,必修,1.8,60,生物医学工程（医工交叉启明实验班）
PHE0023,大学体育（三）（5-6学期）,必修,0.4,24,生物医学工程（医工交叉启明实验班）
PHY0171,大学物理（A）（上）,必修,4,64,生物医学工程（医工交叉启明实验班）
PHY0181,大学物理（A）（下）,必修,4,64,生物医学工程（医工交叉启明实验班）
PHY0191,物理实验（上）,必修,2,32,生物医学工程（医工交叉启明实验班）
PHY0201,物理实验（下）,必修,1.5,24,生物医学工程（医工交叉启明实验班）
QMXY0001,工程导论,必修,1,16,生物医学工程（医工交叉启明实验班）
QMXY0011,科学思维与研究方法（新生研讨课）,必修,1,16,生物医学工程（医工交叉启明实验班）
QMXY3511,学科交叉综合训练,必修,1,2w,生物医学工程（医工交叉启明实验班）
SFL0004,综合英语（一）,必修,2.5,40,生物医学工程（医工交叉启明实验班）
SFL0014,综合英语（二）,必修,2.5,40,生物医学工程（医工交叉启明实验班）
AUT5481,人工智能,选修,2,32,生物医学工程（留学生）
BIO0031,计算机网络技术及应用,选修,3,48,生物医学工程（留学生）
BIO0046,细胞生物学实验,必修,1.5,24,生物医学工程（留学生）
BIO0072,生物化学与分子生物学实验（一）,必修,1.5,24,生物医学工程（留学生）
BIO0073,生物化学与分子生物学（一）,必修,2.5,40,生物医学工程（留学生）
BIO0075,基础化学*,必修,3,48,生物医学工程（留学生）
BIO0681,生物化学与分子生物学（二）,必修,2,32,生物医学工程（留学生）
BIO0701,生物化学与分子生物学实验（二）,必修,0.8,24,生物医学工程（留学生）
BIO0782,细胞生物学,必修,3.5,56,生物医学工程（留学生）
BIO2081,解剖与生理学,必修,4,64,生物医学工程（留学生）
BIO2091,解剖与生理学实验,必修,1,32,生物医学工程（留学生）
BIO2261,生物医学传感检测与仪器,必修,2.5,40,生物医学工程（留学生）
BIO2281,生物医学数字信号处理,必修,3,48,生物医学工程（留学生）
BIO2391,应用光子学基础,必修,3.5,56,生物医学工程（留学生）
BIO2401,应用光子学基础实验,必修,0.5,8,生物医学工程（留学生）
BIO3512,毕业设计（论文）,必修,6,12w,生物医学工程（留学生）
BIO3661,科研创新训练（4-6学期）,必修,1,2w,生物医学工程（留学生）
BIO3671,科研认知训练,必修,1,2w,生物医学工程（留学生）
BIO5051,PET概论,选修,2,32,生物医学工程（留学生）
BIO5061,超声概论,选修,2,32,生物医学工程（留学生）
BIO5071,代谢生理与代谢工程,选修,2,32,生物医学工程（留学生）
BIO5091,蛋白质组学,选修,2,32,生物医学工程（留学生）
BIO5201,结构生物学,选修,2,32,生物医学工程（留学生）
BIO5211,结构生物学实验,选修,1,32,生物医学工程（留学生）
BIO5271,纳米生物医学分析技术,选修,2,32,生物医学工程（留学生）
BIO5291,人工器官概论,选修,1,16,生物医学工程（留学生）
BIO5301,神经生物学,选修,2,32,生物医学工程（留学生）
BIO5341,生物材料的分子结构,选修,2,32,生物医学工程（留学生）
BIO5361,生物材料学,必修,3,48,生物医学工程（留学生）
BIO5451,生物医学光子学,必修,2,32,生物医学工程（留学生）
BIO5501,微机式医学仪器设计,选修,2.5,40,生物医学工程（留学生）
BIO5521,微弱信号获取方法,选修,2,32,生物医学工程（留学生）
BIO5531,文献阅读与论文写作,选修,2,32,生物医学工程（留学生）
BIO5571,新材料概论,选修,2,32,生物医学工程（留学生）
BIO5621,医学图像处理（6-7学期）,必修,2,32,生物医学工程（留学生）
BIO5631,医学影像系统原理,必修,2,32,生物医学工程（留学生）
BIO5641,医学图像处理实验,必修,0.8,24,生物医学工程（留学生）
BIO5681,组织工程导论,选修,2,32,生物医学工程（留学生）
BIO5921,组织工程与人工器官,选修,2,32,生物医学工程（留学生）
CHE0801,有机化学,必修,4,64,生物医学工程（留学生）
CHE0831,有机化学实验,必修,1,32,生物医学工程（留学生）
CHE2152,仪器分析,必修,3.5,56,生物医学工程（留学生）
CHI0011,初级汉语,必修,7.5,120,生物医学工程（留学生）
CHI0021,中国概况,必修,2,32,生物医学工程（留学生）
EIC0012,计算机与程序设计基础（C）,必修,4.5,72,生物医学工程（留学生）
EIC0031,微积分（六）,必修,6,96,生物医学工程（留学生）
EIC0041,微积分（七）,必修,6,96,生物医学工程（留学生）
EIC0061,线性代数,必修,3.5,56,生物医学工程（留学生）
EIC0071,复变函数与积分变换,必修,3.5,56,生物医学工程（留学生）
EIC0081,概率论与数理统计,必修,3.5,56,生物医学工程（留学生）
EIC0091,大学物理（六）,必修,6,96,生物医学工程（留学生）
EIC0111,物理实验（一）*,必修,1,32,生物医学工程（留学生）
EIC0211,电路理论（六）,必修,4,64,生物医学工程（留学生）
EIC0531,电子测试与实验（一）,必修,1.8,56,生物医学工程（留学生）
EIC0681,模拟电子技术（一）,必修,4,64,生物医学工程（留学生）
EIC0691,数据结构与算法,选修,3.5,56,生物医学工程（留学生）
EIC0722,电路测试实验,必修,5,80,生物医学工程（留学生）
EIC0751,数字电路与逻辑设计,必修,3.5,56,生物医学工程（留学生）
EIC0831,工程制图*,必修,3.5,56,生物医学工程（留学生）
EIC2251,数据结构与算法（一）,必修,3.5,56,生物医学工程（留学生）
MAT0701,数理方程与特殊函数,选修,2.5,40,生物医学工程（留学生）
BIO0037,生命科学与技术实验,必修,1,16,生物技术
BIO0038,普通生物学实验（下）,选修,1,16,生物技术
BIO0039,普通生物学实验（上）,选修,1,16,生物技术
BIO0050,分子生物学实验,选修,1.5,24,生物技术
BIO0054,生物化学实验（一）,选修,1.5,24,生物技术
BIO0058,实验室安全教育,必修,0,16,生物技术
BIO0070,细胞生物学实验,选修,2,32,生物技术
BIO0087,生物技术大实验,必修,3,48,生物技术
BIO0089,专业科技创新训练（5-6学期）,必修,4,8w,生物技术
BIO0113,生物化学实验（二）,选修,1,24,生物技术
BIO0271,生物分离与分析技术,选修,3,48,生物技术
BIO0521,分子生物学,必修,3.5,56,生物技术
BIO0551,基因组学,选修,2,32,生物技术
BIO0561,普通生物学(上),必修,2.5,40,生物技术
BIO0571,普通生物学(下),必修,2,32,生物技术
BIO0621,生命科学与技术导论,必修,1.5,24,生物技术
BIO0641,生物化学（二）,必修,2.5,40,生物技术
BIO0651,生物化学（一）,必修,3,48,生物技术
BIO0721,生物统计学,选修,2,32,生物技术
BIO0782,细胞生物学,必修,3.5,56,生物技术
BIO0831,药学基础,选修,2,32,生物技术
BIO0891,遗传学,必修,3,48,生物技术
BIO0901,遗传学实验,选修,1,32,生物技术
BIO2021,发酵工程,必修,2,32,生物技术
BIO2031,发酵工程实验,选修,1,32,生物技术
BIO2041,发育生物学,选修,2.5,40,生物技术
BIO2061,合成生物学与细胞工厂,选修,2,32,生物技术
BIO2071,基因工程原理,必修,2,32,生物技术
BIO2081,解剖与生理学,选修,4,64,生物技术
BIO2101,蛋白质与酶工程,必修,2,32,生物技术
BIO2181,生物化工原理与设备,选修,3,48,生物技术
BIO2231,生物信息学,选修,3.5,56,生物技术
BIO2331,微生物学,必修,3,48,生物技术
BIO2341,微生物学实验,选修,1,32,生物技术
BIO2351,系统生物学,选修,2,32,生物技术
BIO2381,仪器分析,选修,2,32,生物技术
BIO3511,毕业设计（论文）（7-8学期）,必修,8,16w,生物技术
BIO3551,认知实习,必修,1,2w,生物技术
BIO3562,生产实习,必修,1.5,3w,生物技术
BIO3571,生物学野外实习,必修,1.5,3w,生物技术
BIO5021,FDA药物审批规范,选修,1.5,24,生物技术
BIO5071,代谢生理与代谢工程,选修,2,32,生物技术
BIO5081,代谢组学,选修,1,16,生物技术
BIO5161,化学与生物传感器,选修,2,32,生物技术
BIO5171,环境生态学,选修,2,32,生物技术
BIO5181,环境生物工程,选修,2,32,生物技术
BIO5191,环境污染及生态毒理学,选修,2,32,生物技术
BIO5221,科技论文写作,选修,1,16,生物技术
BIO5231,免疫学,选修,2,32,生物技术
BIO5381,生物产品制造工艺学,选修,2,32,生物技术
BIO5421,生物炼制与生物能源,选修,2,32,生物技术
BIO5481,天然产物化学,选修,2,32,生物技术
BIO5541,细胞工程原理,必修,2,32,生物技术
BIO5581,新药研发,选修,1,16,生物技术
BIO5621,医学图像处理,选修,2,32,生物技术
CHE0741,无机及分析化学,必修,4,64,生物技术
CHE0751,无机及分析化学实验,必修,1,32,生物技术
CHE0781,物理化学实验,必修,1,32,生物技术
CHE0801,有机化学,必修,4,64,生物技术
CHE0831,有机化学实验,必修,1,32,生物技术
CHE0861,物理化学,必修,2,32,生物技术
CHI0001,中国语文,必修,2,32,生物技术
EIC0008,人工智能概论（B）,必修,2,32,生物技术
ENG3541,工程训练（三）,必修,1,2w,生物技术
ENG3571,工程训练（八）,必修,0.5,1w,生物技术
MAT0021,微积分（B）（上）,必修,5.5,88,生物技术
MAT0031,微积分（B）（下）,必修,5.5,88,生物技术
MAT0131,概率论与数理统计（B）,必修,2.5,40,生物技术
MAX0013,马克思主义基本原理,必修,2.5,40,生物技术
MAX0022,思想道德与法治,必修,2.5,40,生物技术
MAX0033,形势与政策（1-8学期）,必修,2,64,生物技术
MAX0042,中国近现代史纲要,必修,2.5,40,生物技术
MAX0064,毛泽东思想和中国特色社会主义理论体系概论,必修,2.5,40,生物技术
MAX0072,习近平新时代中国特色社会主义思想概论,必修,3,48,生物技术
NCC0001,计算机及程序设计基础（C++),必修,3,48,生物技术
PHE0003,大学体育（一）（1-2学期）,必修,1.8,60,生物技术
PHE0013,大学体育（二）（3-4学期）,必修,1.8,60,生物技术
PHE0023,大学体育（三）（5-6学期）,必修,0.4,24,生物技术
PHY0171,大学物理（A）（上）,必修,4,64,生物技术
PHY0181,大学物理（A）（下）,必修,4,64,生物技术
PHY0191,物理实验（上）,必修,2,32,生物技术
PHY0201,物理实验（下）,必修,1.5,24,生物技术
SFL0004,综合英语（一）,必修,2.5,40,生物技术
SFL0014,综合英语（二）,必修,2.5,40,生物技术
BIO0007,生物信息学（学科交叉课程）,选修,2.5,40,生物科学
BIO0026,微生物学实验,必修,2,32,生物科学
BIO0037,生命科学与技术实验,必修,1,16,生物科学
BIO0038,普通生物学实验（下）,必修,1,16,生物科学
BIO0039,普通生物学实验（上）,必修,1,16,生物科学
BIO0048,解剖与生理学实验,选修,2,32,生物科学
BIO0049,免疫学实验,选修,1.5,24,生物科学
BIO0050,分子生物学实验,必修,1.5,24,生物科学
BIO0052,遗传学实验,必修,2,32,生物科学
BIO0053,生物化学实验（二）,必修,1.5,24,生物科学
BIO0054,生物化学实验（一）,必修,1.5,24,生物科学
BIO0058,实验室安全教育,必修,0,16,生物科学
BIO0070,细胞生物学实验,必修,2,32,生物科学
BIO0086,结构生物学实验,选修,2.5,44,生物科学
BIO0095,生物科学大实验,必修,4,64,生物科学
BIO0099,生物物理学大实验,选修,2,32,生物科学
BIO0100,发育生物学实验,必修,2,32,生物科学
BIO0521,分子生物学,必修,3.5,56,生物科学
BIO0551,基因组学,选修,2,32,生物科学
BIO0561,普通生物学(上),必修,2.5,40,生物科学
BIO0571,普通生物学(下),必修,2,32,生物科学
BIO0621,生命科学与技术导论,必修,1.5,24,生物科学
BIO0641,生物化学（二）,必修,2.5,40,生物科学
BIO0651,生物化学（一）,必修,3,48,生物科学
BIO0721,生物统计学,选修,2,32,生物科学
BIO0782,细胞生物学,必修,3.5,56,生物科学
BIO0891,遗传学,必修,3,48,生物科学
BIO1231,生态学,选修,2,32,生物科学
BIO2041,发育生物学,必修,2.5,40,生物科学
BIO2061,合成生物学与细胞工厂,选修,2,32,生物科学
BIO2071,基因工程原理,选修,2,32,生物科学
BIO2081,解剖与生理学,选修,4,64,生物科学
BIO2331,微生物学,必修,3,48,生物科学
BIO2381,仪器分析,选修,2,32,生物科学
BIO3511,毕业设计（论文）,必修,8,16w,生物科学
BIO3551,认知实习,必修,1,2w,生物科学
BIO3562,生产实习,必修,1.5,3w,生物科学
BIO3571,生物学野外实习,必修,1.5,3w,生物科学
BIO3611,专业科技创新训练,必修,2,4w,生物科学
BIO5082,代谢组学,选修,2,32,生物科学
BIO5091,蛋白质组学,选修,2,32,生物科学
BIO5201,结构生物学,选修,2,32,生物科学
BIO5231,免疫学,选修,2,32,生物科学
BIO5251,模式生物学,选修,2,32,生物科学
BIO5301,神经生物学,选修,2,32,生物科学
BIO5321,生化与分子生物学前沿,选修,1,16,生物科学
BIO5431,生物物理学,必修,3,48,生物科学
BIO5541,细胞工程原理,选修,2,32,生物科学
BIO5831,表观遗传学,选修,2,32,生物科学
CHE0741,无机及分析化学,必修,4,64,生物科学
CHE0751,无机及分析化学实验,必修,1,32,生物科学
CHE0801,有机化学,必修,4,64,生物科学
CHE0831,有机化学实验,必修,1,32,生物科学
CHI0001,中国语文,必修,2,32,生物科学
EIC0008,人工智能概论（B）,必修,2,32,生物科学
ENG3541,工程训练（三）,必修,1,2w,生物科学
ENG3571,工程训练（八）,必修,0.5,1w,生物科学
MAT0021,微积分（B）（上）,必修,5.5,88,生物科学
MAT0031,微积分（B）（下）,必修,5.5,88,生物科学
MAT0131,概率论与数理统计（B）,必修,2.5,40,生物科学
MAX0013,马克思主义基本原理,必修,2.5,40,生物科学
MAX0022,思想道德与法治,必修,2.5,40,生物科学
MAX0033,形势与政策（1-8学期）,必修,2,64,生物科学
MAX0042,中国近现代史纲要,必修,2.5,40,生物科学
MAX0064,毛泽东思想和中国特色社会主义理论体系概论,必修,2.5,40,生物科学
MAX0072,习近平新时代中国特色社会主义思想概论,必修,3,48,生物科学
NCC0001,计算机及程序设计基础（C++),必修,3,48,生物科学
NCC0021,数据库技术及应用,必修,2,32,生物科学
PHE0003,大学体育（一）（1-2学期）,必修,1.8,60,生物科学
PHE0013,大学体育（二）（3-4学期）,必修,1.8,60,生物科学
PHE0023,大学体育（三）（5-6学期）,必修,0.4,24,生物科学
PHY0171,大学物理（A）（上）,必修,4,64,生物科学
PHY0181,大学物理（A）（下）,必修,4,64,生物科学
PHY0191,物理实验（上）,必修,2,32,生物科学
PHY0201,物理实验（下）,必修,1.5,24,生物科学
SFL0004,综合英语（一）,必修,2.5,40,生物科学
SFL0014,综合英语（二）,必修,2.5,40,生物科学
BIO0015,感知生物学,选修,1,16,生物科学（中外合作办学）
BIO0016,病理生理学概要,选修,2,32,生物科学（中外合作办学）
BIO0035,微生物学实验,必修,1,16,生物科学（中外合作办学）
BIO0044,计算机与程序设计基础,必修,3,48,生物科学（中外合作办学）
BIO0045,普通生物学实验,必修,2,32,生物科学（中外合作办学）
BIO0046,细胞生物学实验,必修,1.5,24,生物科学（中外合作办学）
BIO0047,科学方法与实验1,必修,1.4,22,生物科学（中外合作办学）
BIO0048,解剖与生理学实验,必修,2,32,生物科学（中外合作办学）
BIO0049,免疫学实验,必修,1.5,24,生物科学（中外合作办学）
BIO0050,分子生物学实验,必修,1.5,24,生物科学（中外合作办学）
BIO0052,遗传学实验,必修,2,32,生物科学（中外合作办学）
BIO0053,生物化学实验（二）,必修,1.5,24,生物科学（中外合作办学）
BIO0054,生物化学实验（一）,必修,1.5,24,生物科学（中外合作办学）
BIO0056,生物学野外实习,选修,1,32,生物科学（中外合作办学）
BIO0063,创新创业训练,必修,0,4w,生物科学（中外合作办学）
BIO0081,PIX 数字技能,必修,1.4,22,生物科学（中外合作办学）
BIO0091,生物学中的数学1,必修,1,16,生物科学（中外合作办学）
BIO0094,科学方法与实验2,必修,0.6,10,生物科学（中外合作办学）
BIO0101,生物学中的数学2,必修,1,16,生物科学（中外合作办学）
BIO0111,微生物学,必修,2.3,36,生物科学（中外合作办学）
BIO0121,个性化学习与小组协作-3,必修,1.5,24,生物科学（中外合作办学）
BIO0131,个性化学习与小组协作-4,必修,1.5,24,生物科学（中外合作办学）
BIO0141,免疫学,必修,2.3,36,生物科学（中外合作办学）
BIO0151,真核基因表达调控,必修,2.5,40,生物科学（中外合作办学）
BIO0212,有机化学,必修,3,48,生物科学（中外合作办学）
BIO0522,分子生物学,必修,4,64,生物科学（中外合作办学）
BIO0552,基因组学,必修,2.5,40,生物科学（中外合作办学）
BIO0641,生物化学（二）,必修,2.5,40,生物科学（中外合作办学）
BIO0651,生物化学（一）,必修,3,48,生物科学（中外合作办学）
BIO0721,生物统计学,选修,2,32,生物科学（中外合作办学）
BIO0785,细胞生物学,必修,3.4,54,生物科学（中外合作办学）
BIO0892,遗传学,必修,2.3,36,生物科学（中外合作办学）
BIO0931,生物信息学,必修,2,32,生物科学（中外合作办学）
BIO0941,生命科学与健康导论,必修,1,16,生物科学（中外合作办学）
BIO0952,物质结构,必修,1.4,22,生物科学（中外合作办学）
BIO0962,化学生物学与进化,必修,1.4,22,生物科学（中外合作办学）
BIO1041,植物生理学II,必修,2,32,生物科学（中外合作办学）
BIO1051,植物生理学I,必修,2,32,生物科学（中外合作办学）
BIO1092,病毒学,必修,2.3,36,生物科学（中外合作办学）
BIO1121,个性化学习与小组协作PPEI 1,必修,1.5,24,生物科学（中外合作办学）
BIO1142,生物计算与序列分析,必修,2,32,生物科学（中外合作办学）
BIO1171,个性化学习与小组协作PPEI 2,必修,1.5,24,生物科学（中外合作办学）
BIO1192,动物生理学,必修,2.5,40,生物科学（中外合作办学）
BIO1202,科学史,必修,1,16,生物科学（中外合作办学）
BIO1212,光与辐射,必修,2,32,生物科学（中外合作办学）
BIO1231,生态学,选修,2,32,生物科学（中外合作办学）
BIO1252,合成生物学导论,必修,2,32,生物科学（中外合作办学）
BIO1272,普通生物学,必修,3.4,54,生物科学（中外合作办学）
BIO2021,发酵工程,选修,2,32,生物科学（中外合作办学）
BIO2071,基因工程原理,选修,2,32,生物科学（中外合作办学）
BIO2081,解剖与生理学,必修,4,64,生物科学（中外合作办学）
BIO2101,蛋白质与酶工程,选修,2,32,生物科学（中外合作办学）
BIO2351,系统生物学,选修,2,32,生物科学（中外合作办学）
BIO3511,毕业设计（论文）（7-8学期）,必修,8,16w,生物科学（中外合作办学）
BIO3551,认知实习,必修,1,2w,生物科学（中外合作办学）
BIO5301,神经生物学,选修,2,32,生物科学（中外合作办学）
BIO5431,生物物理学,选修,3,48,生物科学（中外合作办学）
BIO5541,细胞工程原理,选修,2,32,生物科学（中外合作办学）
CHE0741,无机及分析化学,必修,4,64,生物科学（中外合作办学）
CHE0751,无机及分析化学实验,必修,1,32,生物科学（中外合作办学）
CHE0831,有机化学实验,必修,1,32,生物科学（中外合作办学）
CHE0861,物理化学,必修,2,32,生物科学（中外合作办学）
CHI0001,中国语文,必修,2,32,生物科学（中外合作办学）
MAT0041,微积分（C）,必修,5,80,生物科学（中外合作办学）
MAT0131,概率论与数理统计（B）,必修,2.5,40,生物科学（中外合作办学）
MAX0013,马克思主义基本原理,必修,2.5,40,生物科学（中外合作办学）
MAX0022,思想道德与法治,必修,2.5,40,生物科学（中外合作办学）
MAX0033,形势与政策（1-8学期）,必修,2,64,生物科学（中外合作办学）
MAX0042,中国近现代史纲要,必修,2.5,40,生物科学（中外合作办学）
MAX0064,毛泽东思想和中国特色社会主义理论体系概论,必修,2.5,40,生物科学（中外合作办学）
MAX0072,习近平新时代中国特色社会主义思想概论,必修,3,48,生物科学（中外合作办学）
PHE0003,大学体育（一）（1-2学期）,必修,1.8,60,生物科学（中外合作办学）
PHE0013,大学体育（二）（3-4学期）,必修,1.8,60,生物科学（中外合作办学）
PHE0023,大学体育（三）（5-6学期）,必修,0.4,24,生物科学（中外合作办学）
PHY0191,物理实验（上）,必修,2,32,生物科学（中外合作办学）
PHY0211,大学物理（B）,必修,4,64,生物科学（中外合作办学）
SFL0004,综合英语（一）,必修,2.5,40,生物科学（中外合作办学）
SFL0014,综合英语（二）,必修,2.5,40,生物科学（中外合作办学）
SOD0000,人工智能概论（C）,必修,2,32,生物科学（中外合作办学）
BIO0005,"微生物学与免疫学（4,4学期）",选修,3,48,生物科学（强基计划实验班）
BIO0006,"微生物学与免疫学实验（4,4学期）",选修,3,48,生物科学（强基计划实验班）
BIO0018,药学基础,选修,1.5,24,生物科学（强基计划实验班）
BIO0019,纳米生物材料,选修,1.5,24,生物科学（强基计划实验班）
BIO0027,生物药物分析实验,选修,2,32,生物科学（强基计划实验班）
BIO0028,纳米药物制剂实验,选修,2,32,生物科学（强基计划实验班）
BIO0029,纳米生物材料实验,选修,2,32,生物科学（强基计划实验班）
BIO0030,生物制药技术实验,选修,2,32,生物科学（强基计划实验班）
BIO0032,纳米诊断与检测技术,选修,1.5,24,生物科学（强基计划实验班）
BIO0033,纳米诊断与检测技术实验,选修,2,32,生物科学（强基计划实验班）
BIO0046,细胞生物学实验,必修,1.5,24,生物科学（强基计划实验班）
BIO0048,解剖与生理学实验,必修,2,32,生物科学（强基计划实验班）
BIO0049,免疫学实验,选修,1.5,24,生物科学（强基计划实验班）
BIO0052,遗传学实验,必修,2,32,生物科学（强基计划实验班）
BIO0058,实验室安全教育,必修,0,16,生物科学（强基计划实验班）
BIO0072,生物化学与分子生物学实验（一）,必修,1.5,24,生物科学（强基计划实验班）
BIO0078,生物医学光子学实验,选修,1,16,生物科学（强基计划实验班）
BIO0079,发酵工程实验,选修,2,32,生物科学（强基计划实验班）
BIO0082,微机式医学仪器设计实验,选修,1,16,生物科学（强基计划实验班）
BIO0083,医学图像处理实验,选修,1.5,24,生物科学（强基计划实验班）
BIO0084,生物材料与组织工程实验,选修,1.5,24,生物科学（强基计划实验班）
BIO0090,生物大数据与人工智能,选修,3,48,生物科学（强基计划实验班）
BIO0261,普通生物学,必修,2,32,生物科学（强基计划实验班）
BIO0271,生物分离与分析技术,选修,3,48,生物科学（强基计划实验班）
BIO0681,生物化学与分子生物学（二）,必修,2,32,生物科学（强基计划实验班）
BIO0691,生物化学与分子生物学（一）,必修,3.5,56,生物科学（强基计划实验班）
BIO0701,生物化学与分子生物学实验（二）,必修,0.8,24,生物科学（强基计划实验班）
BIO0721,生物统计学,选修,2,32,生物科学（强基计划实验班）
BIO0731,生物药物分析,选修,2,32,生物科学（强基计划实验班）
BIO0782,细胞生物学,必修,3.5,56,生物科学（强基计划实验班）
BIO0801,药剂学,选修,2,32,生物科学（强基计划实验班）
BIO0811,药理学,选修,2,32,生物科学（强基计划实验班）
BIO0821,药物化学,选修,2,32,生物科学（强基计划实验班）
BIO0891,遗传学,必修,3,48,生物科学（强基计划实验班）
BIO2011,定量生理学,选修,2,32,生物科学（强基计划实验班）
BIO2021,发酵工程,选修,2,32,生物科学（强基计划实验班）
BIO2031,发酵工程实验,选修,1,32,生物科学（强基计划实验班）
BIO2041,发育生物学,选修,2.5,40,生物科学（强基计划实验班）
BIO2051,发育生物学实验,选修,1,32,生物科学（强基计划实验班）
BIO2061,合成生物学与细胞工厂,选修,2,32,生物科学（强基计划实验班）
BIO2071,基因工程原理,选修,2,32,生物科学（强基计划实验班）
BIO2081,解剖与生理学,必修,4,64,生物科学（强基计划实验班）
BIO2101,蛋白质与酶工程,选修,2,32,生物科学（强基计划实验班）
BIO2131,纳米药物制剂,选修,2,32,生物科学（强基计划实验班）
BIO2181,生物化工原理与设备,选修,3,48,生物科学（强基计划实验班）
BIO2191,生物技术大实验,选修,2,64,生物科学（强基计划实验班）
BIO2201,生物物理学大实验,选修,1,32,生物科学（强基计划实验班）
BIO2211,生物芯片,选修,2,32,生物科学（强基计划实验班）
BIO2231,"生物信息学（4,4学期）",选修,3.5,56,生物科学（强基计划实验班）
BIO2241,生物信息资源与实践,选修,3,48,生物科学（强基计划实验班）
BIO2251,生物药剂学与药代动力学,选修,2,32,生物科学（强基计划实验班）
BIO2261,生物医学传感检测与仪器,选修,2.5,40,生物科学（强基计划实验班）
BIO2271,生物医学传感检测与仪器实验,选修,0.75,24,生物科学（强基计划实验班）
BIO2281,生物医学数字信号处理,选修,3,48,生物科学（强基计划实验班）
BIO2291,生物医学数字信号处理实验,选修,0.5,16,生物科学（强基计划实验班）
BIO2301,生物制药工艺与设备,选修,2,32,生物科学（强基计划实验班）
BIO2311,生物制药技术,选修,2,32,生物科学（强基计划实验班）
BIO2351,系统生物学,选修,2,32,生物科学（强基计划实验班）
BIO2361,系统生物学实验,选修,1,32,生物科学（强基计划实验班）
BIO2381,仪器分析,选修,2,32,生物科学（强基计划实验班）
BIO2391,应用光子学基础,选修,3.5,56,生物科学（强基计划实验班）
BIO2401,应用光子学基础实验,选修,0.5,8,生物科学（强基计划实验班）
BIO3512,毕业设计（论文）（7-8学期）,必修,6,12w,生物科学（强基计划实验班）
BIO3621,科学思维与研究方法,必修,1,2w,生物科学（强基计划实验班）
BIO3632,生物学及其前沿,必修,0.5,1w,生物科学（强基计划实验班）
BIO3661,科研创新训练（4-6学期）,必修,1,2w,生物科学（强基计划实验班）
BIO3671,科研认知训练,必修,1,2w,生物科学（强基计划实验班）
BIO5051,PET概论,选修,2,32,生物科学（强基计划实验班）
BIO5061,超声概论,选修,2,32,生物科学（强基计划实验班）
BIO5071,代谢生理与代谢工程,选修,2,32,生物科学（强基计划实验班）
BIO5091,蛋白质组学,选修,2,32,生物科学（强基计划实验班）
BIO5131,干细胞与再生医学,选修,2,32,生物科学（强基计划实验班）
BIO5161,化学与生物传感器,选修,2,32,生物科学（强基计划实验班）
BIO5171,环境生态学,选修,2,32,生物科学（强基计划实验班）
BIO5181,环境生物工程,选修,2,32,生物科学（强基计划实验班）
BIO5201,结构生物学,选修,2,32,生物科学（强基计划实验班）
BIO5211,结构生物学实验,选修,1,32,生物科学（强基计划实验班）
BIO5231,免疫学,选修,2,32,生物科学（强基计划实验班）
BIO5251,模式生物学,选修,2,32,生物科学（强基计划实验班）
BIO5271,纳米生物医学分析技术,选修,2,32,生物科学（强基计划实验班）
BIO5291,人工器官概论,选修,1,16,生物科学（强基计划实验班）
BIO5301,神经生物学,选修,2,32,生物科学（强基计划实验班）
BIO5331,生命中的化学,选修,2,32,生物科学（强基计划实验班）
BIO5341,生物材料的分子结构,选修,2,32,生物科学（强基计划实验班）
BIO5351,生物材料相容性评价,选修,2,32,生物科学（强基计划实验班）
BIO5361,生物材料学,选修,3,48,生物科学（强基计划实验班）
BIO5371,生物材料与组织工程实验,选修,0.8,24,生物科学（强基计划实验班）
BIO5381,生物产品制造工艺学,选修,2,32,生物科学（强基计划实验班）
BIO5411,生物科学大实验,选修,2,64,生物科学（强基计划实验班）
BIO5412,生物科学大实验,选修,1.5,48,生物科学（强基计划实验班）
BIO5431,生物物理学,选修,3,48,生物科学（强基计划实验班）
BIO5441,生物信息Perl编程,选修,1,16,生物科学（强基计划实验班）
BIO5451,生物医学光子学,选修,2,32,生物科学（强基计划实验班）
BIO5461,生物医学光子学实验,选修,0.5,16,生物科学（强基计划实验班）
BIO5481,天然产物化学,选修,2,32,生物科学（强基计划实验班）
BIO5501,微机式医学仪器设计,选修,2.5,40,生物科学（强基计划实验班）
BIO5511,微机式医学仪器设计实验,选修,0.5,16,生物科学（强基计划实验班）
BIO5521,微弱信号获取方法,选修,2,32,生物科学（强基计划实验班）
BIO5541,细胞工程原理,选修,2,32,生物科学（强基计划实验班）
BIO5571,新材料概论,选修,2,32,生物科学（强基计划实验班）
BIO5621,医学图像处理,选修,2,32,生物科学（强基计划实验班）
BIO5631,医学影像系统原理,选修,2,32,生物科学（强基计划实验班）
BIO5641,医学图像处理实验,选修,0.8,24,生物科学（强基计划实验班）
BIO5681,组织工程导论,选修,2,32,生物科学（强基计划实验班）
BIO5831,表观遗传学,选修,2,32,生物科学（强基计划实验班）
CHE0741,无机及分析化学,必修,4,64,生物科学（强基计划实验班）
CHE0751,无机及分析化学实验,必修,1,32,生物科学（强基计划实验班）
CHE0801,有机化学,必修,4,64,生物科学（强基计划实验班）
CHE0831,有机化学实验,必修,1,32,生物科学（强基计划实验班）
CHI0001,中国语文,必修,2,32,生物科学（强基计划实验班）
CST0048,人工智能概论（A）,必修,2,32,生物科学（强基计划实验班）
EEE0007,电路测试基础实验,必修,2,32,生物科学（强基计划实验班）
EEE0641,电路理论（三）,必修,4,64,生物科学（强基计划实验班）
EIC0002,电子测试与实验（一）,选修,3.5,56,生物科学（强基计划实验班）
EIC0591,模拟电子技术（二）,选修,3.5,56,生物科学（强基计划实验班）
EIC0661,信号与线性系统,选修,4,64,生物科学（强基计划实验班）
EIC0691,数据结构与算法,选修,3.5,56,生物科学（强基计划实验班）
EIC0751,数字电路与逻辑设计,选修,3.5,56,生物科学（强基计划实验班）
ENG3541,工程训练（三）,必修,1,2w,生物科学（强基计划实验班）
ENG3571,工程训练（八）,必修,0.5,1w,生物科学（强基计划实验班）
GEC4191,基因组学与精准医学,选修,2,32,生物科学（强基计划实验班）
MAT0532,微积分（A）（下）,必修,6,96,生物科学（强基计划实验班）
MAT0552,微积分（A）（上）,必修,6,96,生物科学（强基计划实验班）
MAT0561,复变函数与积分变换,必修,2.5,40,生物科学（强基计划实验班）
MAT0592,概率论与数理统计（A）,必修,3,48,生物科学（强基计划实验班）
MAT0701,数理方程与特殊函数,选修,2.5,40,生物科学（强基计划实验班）
MAT0722,线性代数（A）,必修,3,48,生物科学（强基计划实验班）
MAX0013,马克思主义基本原理,必修,2.5,40,生物科学（强基计划实验班）
MAX0022,思想道德与法治,必修,2.5,40,生物科学（强基计划实验班）
MAX0033,形势与政策（1-8学期）,必修,2,64,生物科学（强基计划实验班）
MAX0042,中国近现代史纲要,必修,2.5,40,生物科学（强基计划实验班）
MAX0064,毛泽东思想和中国特色社会主义理论体系概论,必修,2.5,40,生物科学（强基计划实验班）
MAX0072,习近平新时代中国特色社会主义思想概论,必修,3,48,生物科学（强基计划实验班）
NCC0001,计算机及程序设计基础（C++),必修,3,48,生物科学（强基计划实验班）
PHE0003,大学体育（一）（1-2学期）,必修,1.8,60,生物科学（强基计划实验班）
PHE0013,大学体育（二）（3-4学期）,必修,1.8,60,生物科学（强基计划实验班）
PHE0023,大学体育（三）（5-6学期）,必修,0.4,24,生物科学（强基计划实验班）
PHY0171,大学物理（A）（上）,必修,4,64,生物科学（强基计划实验班）
PHY0181,大学物理（A）（下）,必修,4,64,生物科学（强基计划实验班）
PHY0191,物理实验（上）,必修,2,32,生物科学（强基计划实验班）
PHY0201,物理实验（下）,必修,1.5,24,生物科学（强基计划实验班）
SFL0004,综合英语（一）,必修,2.5,40,生物科学（强基计划实验班）
SFL0014,综合英语（二）,必修,2.5,40,生物科学（强基计划实验班）
BIO0027,生物药物分析实验,选修,2,32,生物科学（生命科学与技术启明实验班）
BIO0030,生物制药技术实验,选修,2,32,生物科学（生命科学与技术启明实验班）
BIO0032,纳米诊断与检测技术,选修,1.5,24,生物科学（生命科学与技术启明实验班）
BIO0033,纳米诊断与检测技术实验,选修,2,32,生物科学（生命科学与技术启明实验班）
BIO0034,生物化学实验（二）,必修,1,16,生物科学（生命科学与技术启明实验班）
BIO0035,微生物学实验,必修,1,16,生物科学（生命科学与技术启明实验班）
BIO0036,遗传学实验,必修,1,16,生物科学（生命科学与技术启明实验班）
BIO0038,普通生物学实验（下）,必修,1,16,生物科学（生命科学与技术启明实验班）
BIO0039,普通生物学实验（上）,必修,1,16,生物科学（生命科学与技术启明实验班）
BIO0048,解剖与生理学实验,选修,2,32,生物科学（生命科学与技术启明实验班）
BIO0049,免疫学实验,选修,1.5,24,生物科学（生命科学与技术启明实验班）
BIO0050,分子生物学实验,必修,1.5,24,生物科学（生命科学与技术启明实验班）
BIO0054,生物化学实验（一）,必修,1.5,24,生物科学（生命科学与技术启明实验班）
BIO0070,细胞生物学实验,必修,2,32,生物科学（生命科学与技术启明实验班）
BIO0078,生物医学光子学实验,选修,1,16,生物科学（生命科学与技术启明实验班）
BIO0079,发酵工程实验,选修,2,32,生物科学（生命科学与技术启明实验班）
BIO0083,医学图像处理实验,选修,1.5,24,生物科学（生命科学与技术启明实验班）
BIO0087,生物技术大实验,选修,3,48,生物科学（生命科学与技术启明实验班）
BIO0088,生物信息资源与实践,选修,2,32,生物科学（生命科学与技术启明实验班）
BIO0089,专业科技创新训练,必修,4,8w,生物科学（生命科学与技术启明实验班）
BIO0090,生物大数据与人工智能,选修,3,48,生物科学（生命科学与技术启明实验班）
BIO0092,结构生物学实验,选修,1,44,生物科学（生命科学与技术启明实验班）
BIO0099,生物物理学大实验,选修,2,32,生物科学（生命科学与技术启明实验班）
BIO0271,生物分离与分析技术,选修,3,48,生物科学（生命科学与技术启明实验班）
BIO0521,分子生物学,必修,3.5,56,生物科学（生命科学与技术启明实验班）
BIO0561,普通生物学(上),必修,2.5,40,生物科学（生命科学与技术启明实验班）
BIO0571,普通生物学(下),必修,2,32,生物科学（生命科学与技术启明实验班）
BIO0641,生物化学（二）,必修,2.5,40,生物科学（生命科学与技术启明实验班）
BIO0651,生物化学（一）,必修,3,48,生物科学（生命科学与技术启明实验班）
BIO0721,生物统计学,必修,2,32,生物科学（生命科学与技术启明实验班）
BIO0731,生物药物分析,选修,2,32,生物科学（生命科学与技术启明实验班）
BIO0782,细胞生物学,必修,3.5,56,生物科学（生命科学与技术启明实验班）
BIO0801,药剂学,选修,2,32,生物科学（生命科学与技术启明实验班）
BIO0811,药理学,选修,2,32,生物科学（生命科学与技术启明实验班）
BIO0821,药物化学,选修,2,32,生物科学（生命科学与技术启明实验班）
BIO0831,药学基础,选修,2,32,生物科学（生命科学与技术启明实验班）
BIO0891,遗传学,必修,3,48,生物科学（生命科学与技术启明实验班）
BIO2021,发酵工程,选修,2,32,生物科学（生命科学与技术启明实验班）
BIO2041,发育生物学,选修,2.5,40,生物科学（生命科学与技术启明实验班）
BIO2061,合成生物学与细胞工厂,选修,2,32,生物科学（生命科学与技术启明实验班）
BIO2071,基因工程原理,选修,2,32,生物科学（生命科学与技术启明实验班）
BIO2081,解剖与生理学,选修,4,64,生物科学（生命科学与技术启明实验班）
BIO2101,蛋白质与酶工程,选修,2,32,生物科学（生命科学与技术启明实验班）
BIO2131,纳米药物制剂,选修,2,32,生物科学（生命科学与技术启明实验班）
BIO2171,生命科学前沿课程,必修,1,16,生物科学（生命科学与技术启明实验班）
BIO2181,生物化工原理与设备,选修,3,48,生物科学（生命科学与技术启明实验班）
BIO2231,生物信息学,必修,3.5,56,生物科学（生命科学与技术启明实验班）
BIO2251,生物药剂学与药代动力学,选修,2,32,生物科学（生命科学与技术启明实验班）
BIO2301,生物制药工艺与设备,选修,2,32,生物科学（生命科学与技术启明实验班）
BIO2311,生物制药技术,选修,2,32,生物科学（生命科学与技术启明实验班）
BIO2331,微生物学,选修,3,48,生物科学（生命科学与技术启明实验班）
BIO2351,系统生物学,选修,2,32,生物科学（生命科学与技术启明实验班）
BIO2381,仪器分析,选修,2,32,生物科学（生命科学与技术启明实验班）
BIO3511,毕业设计（论文）（7-8学期）,必修,8,16w,生物科学（生命科学与技术启明实验班）
BIO3551,认知实习,必修,1,2w,生物科学（生命科学与技术启明实验班）
BIO3562,生产实习,必修,1.5,3w,生物科学（生命科学与技术启明实验班）
BIO3571,生物学野外实习,必修,1.5,3w,生物科学（生命科学与技术启明实验班）
BIO5071,代谢生理与代谢工程,选修,2,32,生物科学（生命科学与技术启明实验班）
BIO5081,代谢组学,选修,1,16,生物科学（生命科学与技术启明实验班）
BIO5161,化学与生物传感器,选修,2,32,生物科学（生命科学与技术启明实验班）
BIO5171,环境生态学,选修,2,32,生物科学（生命科学与技术启明实验班）
BIO5191,环境污染及生态毒理学,选修,2,32,生物科学（生命科学与技术启明实验班）
BIO5201,结构生物学,选修,2,32,生物科学（生命科学与技术启明实验班）
BIO5221,科技论文写作,选修,1,16,生物科学（生命科学与技术启明实验班）
BIO5231,免疫学,选修,2,32,生物科学（生命科学与技术启明实验班）
BIO5251,模式生物学,选修,2,32,生物科学（生命科学与技术启明实验班）
BIO5301,神经生物学,选修,2,32,生物科学（生命科学与技术启明实验班）
BIO5381,生物产品制造工艺学,选修,2,32,生物科学（生命科学与技术启明实验班）
BIO5421,生物炼制与生物能源,选修,2,32,生物科学（生命科学与技术启明实验班）
BIO5431,生物物理学,选修,3,48,生物科学（生命科学与技术启明实验班）
BIO5441,生物信息Perl编程,选修,1,16,生物科学（生命科学与技术启明实验班）
BIO5451,生物医学光子学,选修,2,32,生物科学（生命科学与技术启明实验班）
BIO5481,天然产物化学,选修,2,32,生物科学（生命科学与技术启明实验班）
BIO5541,细胞工程原理,选修,2,32,生物科学（生命科学与技术启明实验班）
BIO5601,药物分子设计,选修,2,32,生物科学（生命科学与技术启明实验班）
BIO5621,医学图像处理,选修,2,32,生物科学（生命科学与技术启明实验班）
BIO5661,专业信息检索与管理,选修,1,16,生物科学（生命科学与技术启明实验班）
BIO5831,表观遗传学,选修,2,32,生物科学（生命科学与技术启明实验班）
CHE0741,无机及分析化学,必修,4,64,生物科学（生命科学与技术启明实验班）
CHE0751,无机及分析化学实验,必修,1,32,生物科学（生命科学与技术启明实验班）
CHE0801,有机化学,必修,4,64,生物科学（生命科学与技术启明实验班）
CHE0831,有机化学实验,必修,1,32,生物科学（生命科学与技术启明实验班）
CHI0001,中国语文,必修,2,32,生物科学（生命科学与技术启明实验班）
CST0048,人工智能概论（A）,必修,2,32,生物科学（生命科学与技术启明实验班）
ENG3541,工程训练（三）,必修,1,2w,生物科学（生命科学与技术启明实验班）
ENG3571,工程训练（八）,必修,0.5,1w,生物科学（生命科学与技术启明实验班）
MAT0001,高等数学（A）（上）,必修,5.5,88,生物科学（生命科学与技术启明实验班）
MAT0011,高等数学（A）（下）,必修,5.5,88,生物科学（生命科学与技术启明实验班）
MAT0121,线性代数（B）,必修,2.5,40,生物科学（生命科学与技术启明实验班）
MAT0131,概率论与数理统计（B）,必修,2.5,40,生物科学（生命科学与技术启明实验班）
MAX0013,马克思主义基本原理,必修,2.5,40,生物科学（生命科学与技术启明实验班）
MAX0022,思想道德与法治,必修,2.5,40,生物科学（生命科学与技术启明实验班）
MAX0033,形势与政策（1-8学期）,必修,2,64,生物科学（生命科学与技术启明实验班）
MAX0042,中国近现代史纲要,必修,2.5,40,生物科学（生命科学与技术启明实验班）
MAX0064,毛泽东思想和中国特色社会主义理论体系概论,必修,2.5,40,生物科学（生命科学与技术启明实验班）
MAX0072,习近平新时代中国特色社会主义思想概论,必修,3,48,生物科学（生命科学与技术启明实验班）
NCC0001,计算机及程序设计基础（C++),必修,3,48,生物科学（生命科学与技术启明实验班）
PHE0003,大学体育（一）（1-2学期）,必修,1.8,60,生物科学（生命科学与技术启明实验班）
PHE0013,大学体育（二）（3-4学期）,必修,1.8,60,生物科学（生命科学与技术启明实验班）
PHE0023,大学体育（三）（5-6学期）,必修,0.4,24,生物科学（生命科学与技术启明实验班）
PHY0171,大学物理（A）（上）,必修,4,64,生物科学（生命科学与技术启明实验班）
PHY0181,大学物理（A）（下）,必修,4,64,生物科学（生命科学与技术启明实验班）
PHY0191,物理实验（上）,必修,2,32,生物科学（生命科学与技术启明实验班）
PHY0201,物理实验（下）,必修,1.5,24,生物科学（生命科学与技术启明实验班）
SFL0004,综合英语（一）,必修,2.5,40,生物科学（生命科学与技术启明实验班）
SFL0014,综合英语（二）,必修,2.5,40,生物科学（生命科学与技术启明实验班）
BIO0007,生物信息学（学科交叉课程）,选修,2.5,40,生物科学（贝时璋菁英试验班）
BIO0008,生物科学大实验（7-8学期）,选修,3,48,生物科学（贝时璋菁英试验班）
BIO0026,微生物学实验,必修,2,32,生物科学（贝时璋菁英试验班）
BIO0027,生物药物分析实验,选修,2.0,32,生物科学（贝时璋菁英试验班）
BIO0030,生物制药技术实验,选修,2.0,32,生物科学（贝时璋菁英试验班）
BIO0032,纳米诊断与检测技术,选修,1.5,24,生物科学（贝时璋菁英试验班）
BIO0033,纳米诊断与检测技术实验,选修,2.0,32,生物科学（贝时璋菁英试验班）
BIO0034,生物化学实验（二）,必修,1.0,16,生物科学（贝时璋菁英试验班）
BIO0035,微生物学实验,必修,1.0,16,生物科学（贝时璋菁英试验班）
BIO0036,遗传学实验,必修,1.0,16,生物科学（贝时璋菁英试验班）
BIO0037,生命科学与技术实验,必修,1,16,生物科学（贝时璋菁英试验班）
BIO0038,普通生物学实验（下）,必修,1,16,生物科学（贝时璋菁英试验班）
BIO0039,普通生物学实验（上）,必修,1,16,生物科学（贝时璋菁英试验班）
BIO0048,解剖与生理学实验,必修,2,32,生物科学（贝时璋菁英试验班）
BIO0049,免疫学实验,选修,1.5,24,生物科学（贝时璋菁英试验班）
BIO0050,分子生物学实验,必修,1.5,24,生物科学（贝时璋菁英试验班）
BIO0052,遗传学实验,必修,2,32,生物科学（贝时璋菁英试验班）
BIO0053,生物化学实验（二）,必修,1.5,24,生物科学（贝时璋菁英试验班）
BIO0054,生物化学实验（一）,必修,1.5,24,生物科学（贝时璋菁英试验班）
BIO0058,实验室安全教育,必修,0,16,生物科学（贝时璋菁英试验班）
BIO0070,细胞生物学实验,必修,2,32,生物科学（贝时璋菁英试验班）
BIO0078,生物医学光子学实验,选修,1.0,16,生物科学（贝时璋菁英试验班）
BIO0079,发酵工程实验,选修,2.0,32,生物科学（贝时璋菁英试验班）
BIO0083,医学图像处理实验,选修,1.5,24,生物科学（贝时璋菁英试验班）
BIO0087,生物技术大实验,选修,3.0,48,生物科学（贝时璋菁英试验班）
BIO0088,生物信息资源与实践,选修,2.0,32,生物科学（贝时璋菁英试验班）
BIO0089,专业科技创新训练,必修,4.0,8,生物科学（贝时璋菁英试验班）
BIO0090,生物大数据与人工智能,选修,3.0,48,生物科学（贝时璋菁英试验班）
BIO0092,结构生物学实验,选修,1.0,44,生物科学（贝时璋菁英试验班）
BIO0099,生物物理学大实验,选修,2.0,32,生物科学（贝时璋菁英试验班）
BIO0271,生物分离与分析技术,选修,3.0,48,生物科学（贝时璋菁英试验班）
BIO0521,分子生物学,必修,3.5,56,生物科学（贝时璋菁英试验班）
BIO0561,普通生物学(上),必修,2.5,40,生物科学（贝时璋菁英试验班）
BIO0571,普通生物学(下),必修,2,32,生物科学（贝时璋菁英试验班）
BIO0621,生命科学与技术导论,必修,1.5,24,生物科学（贝时璋菁英试验班）
BIO0641,生物化学（二）,必修,2.5,40,生物科学（贝时璋菁英试验班）
BIO0651,生物化学（一）,必修,3,48,生物科学（贝时璋菁英试验班）
BIO0721,生物统计学,选修,2,32,生物科学（贝时璋菁英试验班）
BIO0731,生物药物分析,选修,2.0,32,生物科学（贝时璋菁英试验班）
BIO0782,细胞生物学,必修,3.5,56,生物科学（贝时璋菁英试验班）
BIO0801,药剂学,选修,2.0,32,生物科学（贝时璋菁英试验班）
BIO0811,药理学,选修,2.0,32,生物科学（贝时璋菁英试验班）
BIO0821,药物化学,选修,2.0,32,生物科学（贝时璋菁英试验班）
BIO0831,药学基础,选修,2.0,32,生物科学（贝时璋菁英试验班）
BIO0891,遗传学,必修,3,48,生物科学（贝时璋菁英试验班）
BIO1231,生态学,选修,2,32,生物科学（贝时璋菁英试验班）
BIO2021,发酵工程,选修,2.0,32,生物科学（贝时璋菁英试验班）
BIO2041,发育生物学,选修,2.5,40,生物科学（贝时璋菁英试验班）
BIO2061,合成生物学与细胞工厂,选修,2.0,32,生物科学（贝时璋菁英试验班）
BIO2071,基因工程原理,选修,2.0,32,生物科学（贝时璋菁英试验班）
BIO2081,解剖与生理学,必修,4,64,生物科学（贝时璋菁英试验班）
BIO2101,蛋白质与酶工程,选修,2.0,32,生物科学（贝时璋菁英试验班）
BIO2131,纳米药物制剂,选修,2.0,32,生物科学（贝时璋菁英试验班）
BIO2171,生命科学前沿课程,必修,1.0,16,生物科学（贝时璋菁英试验班）
BIO2181,生物化工原理与设备,选修,3.0,48,生物科学（贝时璋菁英试验班）
BIO2231,生物信息学,必修,3.5,56,生物科学（贝时璋菁英试验班）
BIO2251,生物药剂学与药代动力学,选修,2.0,32,生物科学（贝时璋菁英试验班）
BIO2301,生物制药工艺与设备,选修,2.0,32,生物科学（贝时璋菁英试验班）
BIO2311,生物制药技术,选修,2.0,32,生物科学（贝时璋菁英试验班）
BIO2331,微生物学,必修,3,48,生物科学（贝时璋菁英试验班）
BIO2351,系统生物学,选修,2.0,32,生物科学（贝时璋菁英试验班）
BIO2381,仪器分析,选修,2.0,32,生物科学（贝时璋菁英试验班）
BIO3511,毕业设计（论文）（7-8学期）,必修,8,16w,生物科学（贝时璋菁英试验班）
BIO3551,认知实习,必修,1,2w,生物科学（贝时璋菁英试验班）
BIO3562,生产实习,必修,1.5,3,生物科学（贝时璋菁英试验班）
BIO3571,生物学野外实习,必修,1.5,3w,生物科学（贝时璋菁英试验班）
BIO3611,专业科技创新训练,必修,2,4w,生物科学（贝时璋菁英试验班）
BIO5071,代谢生理与代谢工程,选修,2.0,32,生物科学（贝时璋菁英试验班）
BIO5081,代谢组学,选修,1.0,16,生物科学（贝时璋菁英试验班）
BIO5161,化学与生物传感器,选修,2.0,32,生物科学（贝时璋菁英试验班）
BIO5171,环境生态学,选修,2.0,32,生物科学（贝时璋菁英试验班）
BIO5191,环境污染及生态毒理学,选修,2.0,32,生物科学（贝时璋菁英试验班）
BIO5201,结构生物学,选修,2,32,生物科学（贝时璋菁英试验班）
BIO5221,科技论文写作,选修,1.0,16,生物科学（贝时璋菁英试验班）
BIO5231,免疫学,选修,2,32,生物科学（贝时璋菁英试验班）
BIO5251,模式生物学,选修,2,32,生物科学（贝时璋菁英试验班）
BIO5301,神经生物学,选修,2,32,生物科学（贝时璋菁英试验班）
BIO5381,生物产品制造工艺学,选修,2.0,32,生物科学（贝时璋菁英试验班）
BIO5421,生物炼制与生物能源,选修,2.0,32,生物科学（贝时璋菁英试验班）
BIO5431,生物物理学,选修,3.0,48,生物科学（贝时璋菁英试验班）
BIO5441,生物信息 Perl 编程,选修,1.0,16,生物科学（贝时璋菁英试验班）
BIO5451,生物医学光子学,选修,2.0,32,生物科学（贝时璋菁英试验班）
BIO5481,天然产物化学,选修,2.0,32,生物科学（贝时璋菁英试验班）
BIO5541,细胞工程原理,选修,2.0,32,生物科学（贝时璋菁英试验班）
BIO5601,药物分子设计,选修,2.0,32,生物科学（贝时璋菁英试验班）
BIO5621,医学图像处理,选修,2.0,32,生物科学（贝时璋菁英试验班）
BIO5661,专业信息检索与管理,选修,1.0,16,生物科学（贝时璋菁英试验班）
BIO5831,表观遗传学,选修,2,32,生物科学（贝时璋菁英试验班）
BIO5861,生物化学与生物物理学前沿进展,选修,2,32,生物科学（贝时璋菁英试验班）
BIO5871,生物成像与原理技术,选修,2,32,生物科学（贝时璋菁英试验班）
BIO5891,感染与免疫前沿进展,选修,2,32,生物科学（贝时璋菁英试验班）
CHE0002,物理化学实验,必修,2,32,生物科学（贝时璋菁英试验班）
CHE0741,无机及分析化学,必修,4,64,生物科学（贝时璋菁英试验班）
CHE0751,无机及分析化学实验,必修,1,32,生物科学（贝时璋菁英试验班）
CHE0801,有机化学,必修,4,64,生物科学（贝时璋菁英试验班）
CHE0831,有机化学实验,必修,1,32,生物科学（贝时璋菁英试验班）
CHE0861,物理化学,必修,2,32,生物科学（贝时璋菁英试验班）
CHI0001,中国语文,必修,2,32,生物科学（贝时璋菁英试验班）
CST0048,人工智能概论（A）,必修,2,32,生物科学（贝时璋菁英试验班）
ENG3541,工程训练（三）,必修,1,2w,生物科学（贝时璋菁英试验班）
ENG3571,工程训练（八）,必修,0.5,1w,生物科学（贝时璋菁英试验班）
MAT0001,高等数学（A）（上）,必修,5.5,88,生物科学（贝时璋菁英试验班）
MAT0011,高等数学（A）（下）,必修,5.5,88,生物科学（贝时璋菁英试验班）
MAT0121,线性代数（B）,必修,2.5,40,生物科学（贝时璋菁英试验班）
MAT0131,概率论与数理统计（B）,必修,2.5,40,生物科学（贝时璋菁英试验班）
MAT0592,概率论与数理统计（A）,必修,3,48,生物科学（贝时璋菁英试验班）
MAX0013,马克思主义基本原理,必修,2.5,40,生物科学（贝时璋菁英试验班）
MAX0022,思想道德与法治,必修,2.5,40,生物科学（贝时璋菁英试验班）
MAX0033,形势与政策（1-8学期）,必修,2,64,生物科学（贝时璋菁英试验班）
MAX0042,中国近现代史纲要,必修,2.5,40,生物科学（贝时璋菁英试验班）
MAX0064,毛泽东思想和中国特色社会主义理论体系概论,必修,2.5,40,生物科学（贝时璋菁英试验班）
MAX0072,习近平新时代中国特色社会主义思想概论,必修,3,48,生物科学（贝时璋菁英试验班）
NCC0001,计算机及程序设计基础（C++),必修,3,48,生物科学（贝时璋菁英试验班）
NCC0021,数据库技术及应用,必修,2,32,生物科学（贝时璋菁英试验班）
PHE0003,大学体育（一）（1-2学期）,必修,1.8,60,生物科学（贝时璋菁英试验班）
PHE0013,大学体育（二）（3-4学期）,必修,1.8,60,生物科学（贝时璋菁英试验班）
PHE0023,大学体育（三）（5-6学期）,必修,0.4,24,生物科学（贝时璋菁英试验班）
PHY0171,大学物理（A）（上）,必修,4,64,生物科学（贝时璋菁英试验班）
PHY0181,大学物理（A）（下）,必修,4,64,生物科学（贝时璋菁英试验班）
PHY0191,物理实验（上）,必修,2,32,生物科学（贝时璋菁英试验班）
PHY0201,物理实验（下）,必修,1.5,24,生物科学（贝时璋菁英试验班）
SFL0004,综合英语（一）,必修,2.5,40,生物科学（贝时璋菁英试验班）
SFL0014,综合英语（二）,必修,2.5,40,生物科学（贝时璋菁英试验班）
CHI0001,中国语文,必修,2,32,电子封装技术
CST0048,人工智能概论（A）,必修,2,32,电子封装技术
EEE0651,模拟电子技术（三）,必修,2.5,40,电子封装技术
EEE0701,电路理论,必修,2.5,40,电子封装技术
EEE5321,数字电路,必修,2,32,电子封装技术
EIC0003,电子测试与实验技术,必修,3.5,56,电子封装技术
EIC0641,信号与系统,必修,3.5,56,电子封装技术
ENG3511,工程训练（一）,必修,2,4w,电子封装技术
ENG3521,工程训练（五）,必修,0.5,1w,电子封装技术
EPE2021,工程传热学（一）,必修,2,32,电子封装技术
MASE0000,先进电子制造技术,选修,1.5,24,电子封装技术
MASE0012,毕业设计（论文）,必修,14,14w,电子封装技术
MASE0036,电子封装技术工艺综合实验,必修,1,16,电子封装技术
MASE0037,电子产品组装与可靠性综合实验,必修,1,16,电子封装技术
MASE0038,材料专业创新创业导论,必修,1.5,24,电子封装技术
MASE0039,量子力学,必修,2.5,40,电子封装技术
MASE0040,专业社会实践,必修,1,1w,电子封装技术
MASE0042,专业课程设计,必修,3,3w,电子封装技术
MASE0043,生产实习,必修,3,3w,电子封装技术
MASE0044,电子制造工程训练,必修,3,3w,电子封装技术
MASE0191,固体物理,必修,3,48,电子封装技术
MASE0351,工程力学（三）,必修,2.5,40,电子封装技术
MASE0591,材料科学基础,必修,4,64,电子封装技术
MASE0631,工程化学,必修,2,32,电子封装技术
MASE0661,微电子学概论,必修,2,32,电子封装技术
MASE0681,微机原理,必修,2,32,电子封装技术
MASE0711,学科（专业）概论,必修,1,16,电子封装技术
MASE0721,计算方法与电子封装模拟,必修,2,32,电子封装技术
MASE2011,半导体工艺技术,必修,2,32,电子封装技术
MASE2112,电子制造技术基础,必修,3,48,电子封装技术
MASE2181,微连接原理,必修,2.5,40,电子封装技术
MASE5061,半导体照明,选修,1.5,24,电子封装技术
MASE5072,材料表面工程,选修,1.5,24,电子封装技术
MASE5231,电子工艺材料,必修,2,32,电子封装技术
MASE5251,电子显示技术,选修,1.5,24,电子封装技术
MASE5271,电子制造可靠性与失效分析,必修,2,32,电子封装技术
MASE5281,电子组装技术,选修,1.5,24,电子封装技术
MASE5351,光电子器件导论,选修,1.5,24,电子封装技术
MASE5621,生物芯片技术,选修,1.5,24,电子封装技术
MASE5681,先进基板技术,选修,1.5,24,电子封装技术
MASE5712,印刷线路板设计,选修,1.5,24,电子封装技术
MASE5861,功率器件封装,选修,1.5,24,电子封装技术
MAT0021,微积分（B）（上）,必修,5.5,88,电子封装技术
MAT0031,微积分（B）（下）,必修,5.5,88,电子封装技术
MAT0121,线性代数（B）,必修,2.5,40,电子封装技术
MAT0131,概率论与数理统计（B）,必修,2.5,40,电子封装技术
MAT0561,复变函数与积分变换,必修,2.5,40,电子封装技术
MAX0013,马克思主义基本原理,必修,2.5,40,电子封装技术
MAX0022,思想道德与法治,必修,2.5,40,电子封装技术
MAX0033,形势与政策（1-8学期）,必修,2,64,电子封装技术
MAX0042,中国近现代史纲要,必修,2.5,40,电子封装技术
MAX0064,毛泽东思想和中国特色社会主义理论体系概论,必修,2.5,40,电子封装技术
MAX0072,习近平新时代中国特色社会主义思想概论,必修,3,48,电子封装技术
MESE1111,机械设计理论与方法（一）上,必修,2.5,40,电子封装技术
MESE5361,计算机网络技术及应用,必修,2,32,电子封装技术
MESE5921,MEMS封装技术,选修,1.5,24,电子封装技术
NCC0001,计算机及程序设计基础（C++),必修,3,48,电子封装技术
PHE0003,大学体育（一）（1-2学期）,必修,1.8,60,电子封装技术
PHE0013,大学体育（二）（3-4学期）,必修,1.8,60,电子封装技术
PHE0023,大学体育（三）（5-6学期）,必修,0.4,24,电子封装技术
PHY0171,大学物理（A）（上）,必修,4,64,电子封装技术
PHY0181,大学物理（A）（下）,必修,4,64,电子封装技术
PHY0191,物理实验（上）,必修,2,32,电子封装技术
PHY0201,物理实验（下）,必修,1.5,24,电子封装技术
SFL0004,综合英语（一）,必修,2.5,40,电子封装技术
SFL0014,综合英语（二）,必修,2.5,40,电子封装技术
CHI0001,中国语文,必修,2,32,社会学
EIC0008,人工智能概论（B）,必修,2,32,社会学
MAT0051,微积分（D）,必修,4,64,社会学
MAX0013,马克思主义基本原理,必修,2.5,40,社会学
MAX0022,思想道德与法治,必修,2.5,40,社会学
MAX0033,形势与政策（1-8学期）,必修,2,64,社会学
MAX0042,中国近现代史纲要,必修,2.5,40,社会学
MAX0064,毛泽东思想和中国特色社会主义理论体系概论,必修,2.5,40,社会学
MAX0072,习近平新时代中国特色社会主义思想概论,必修,3,48,社会学
NCC0051,计算机及程序设计基础（Python）,必修,3,48,社会学
PHE0003,大学体育（一）（1-2学期）,必修,1.8,60,社会学
PHE0013,大学体育（二）（3-4学期）,必修,1.8,60,社会学
PHE0023,大学体育（三）（5-6学期）,必修,0.4,24,社会学
PHI0662,伦理学,选修,2,32,社会学
PHI0721,批判性思维,选修,2,32,社会学
SFL0004,综合英语（一）,必修,2.5,40,社会学
SFL0014,综合英语（二）,必修,2.5,40,社会学
SOC0000,社会学与当代中国,必修,2,32,社会学
SOC0001,人类行为与社会环境,必修,2,32,社会学
SOC0002,社会工作与当代中国,必修,2,32,社会学
SOC0003,现当代社会学理论（一）,必修,2,32,社会学
SOC0004,现当代社会学理论（二）,必修,2,32,社会学
SOC0005,古典社会学理论,必修,2,32,社会学
SOC0006,现代政治学思想,选修,2,32,社会学
SOC0007,日常生活社会学,选修,2,32,社会学
SOC0008,技术社会学,选修,2,32,社会学
SOC0009,数字社会学,选修,2,32,社会学
SOC0010,人工智能社会学,选修,2,32,社会学
SOC0011,社会保障概论,必修,2.5,40,社会学
SOC0012,政府调查与社会研究,选修,2,32,社会学
SOC0013,医学社会学,选修,2,32,社会学
SOC0014,社会保险,选修,2,32,社会学
SOC0015,公共慈善概论,选修,2,32,社会学
SOC0016,儿童社会政策,选修,2,32,社会学
SOC0017,市场调查与社会研究,选修,2,32,社会学
SOC0021,人口社会学,必修,2.5,40,社会学
SOC0024,民族志方法与写作,选修,2,32,社会学
SOC0025,金融社会学,选修,2,32,社会学
SOC0027,世界文明史,选修,2,32,社会学
SOC0028,中级社会统计软件,必修,1,16,社会学
SOC0030,专业实习,必修,6,14w,社会学
SOC0032,毕业实习,必修,9,20w,社会学
SOC0033,认知实习,必修,4,11w,社会学
SOC0034,志愿服务,必修,2,5w,社会学
SOC0531,社会调查方法,必修,3,48,社会学
SOC0551,社会工作概论,必修,4,64,社会学
SOC0561,社会统计软件,必修,2,32,社会学
SOC0581,社会学概论（一）,必修,2.5,40,社会学
SOC0591,社会学概论（二）,必修,2.5,40,社会学
SOC0602,文化人类学,必修,2.5,40,社会学
SOC0611,质性研究方法,必修,2,32,社会学
SOC0651,初级社会统计学,必修,2,32,社会学
SOC2062,中国社会思想史,必修,2.5,40,社会学
SOC2071,社会心理学,必修,3,48,社会学
SOC2171,学术论文写作,必修,2,32,社会学
SOC2181,中级社会统计学,必修,2,32,社会学
SOC2211,国外社会思想史,必修,2.5,40,社会学
SOC3511,毕业论文,必修,8,16w,社会学
SOC5011,城市社会学,选修,2,32,社会学
SOC5021,家庭社会学,选修,2,32,社会学
SOC5032,经济社会学,选修,2,32,社会学
SOC5041,劳动社会学,选修,2,32,社会学
SOC5061,老年社会学,选修,2,32,社会学
SOC5071,历史社会学,选修,2,32,社会学
SOC5081,农村社会学,选修,2,32,社会学
SOC5101,社会学原著导读,选修,2,32,社会学
SOC5121,中国社会学史,选修,2,32,社会学
SOC5131,社会分层与流动,选修,2,32,社会学
SOC5142,社会福利思想,选修,2,32,社会学
SOC5151,中国政治社会变迁,选修,2,32,社会学
SOC5161,专业英语,选修,2,32,社会学
SOC5182,发展社会学,选修,2,32,社会学
SOC5191,法律社会学,选修,2,32,社会学
SOC5201,福利社会学,选修,2,32,社会学
SOC5251,青年社会学,选修,2,32,社会学
SOC5311,社会管理与社会治理,选修,2,32,社会学
SOC5331,计算社会科学,选修,2,32,社会学
SOC5351,社会问题,选修,2,32,社会学
SOC5382,社会政策,选修,2,32,社会学
SOC5391,社区概论,选修,2,32,社会学
SOC5421,政治社会学,选修,2,32,社会学
SOC5441,性别社会学,选修,2,32,社会学
SOC5451,宗教社会学,选修,2,32,社会学
SOC5471,组织社会学,选修,2,32,社会学
SOC5491,民族社会学（族群研究）,选修,2,32,社会学
SOC5531,网络社会学,选修,2,32,社会学
SOC5591,文化社会学,选修,2,32,社会学
SOC5621,犯罪社会学,选修,2,32,社会学
CHI0001,中国语文,必修,2,32,社会工作
EIC0008,人工智能概论（B）,必修,2,32,社会工作
MAT0051,微积分（D）,必修,4,64,社会工作
MAX0013,马克思主义基本原理,必修,2.5,40,社会工作
MAX0022,思想道德与法治,必修,2.5,40,社会工作
MAX0033,形势与政策（1-8学期）,必修,2,64,社会工作
MAX0042,中国近现代史纲要,必修,2.5,40,社会工作
MAX0064,毛泽东思想和中国特色社会主义理论体系概论,必修,2.5,40,社会工作
MAX0072,习近平新时代中国特色社会主义思想概论,必修,3,48,社会工作
NCC0051,计算机及程序设计基础（Python）,必修,3,48,社会工作
PHE0003,大学体育（一）（1-2学期）,必修,1.8,60,社会工作
PHE0013,大学体育（二）（3-4学期）,必修,1.8,60,社会工作
PHE0023,大学体育（三）（5-6学期）,必修,0.4,24,社会工作
PHI0662,伦理学,选修,2,32,社会工作
PHI0721,批判性思维,选修,2,32,社会工作
SFL0004,综合英语（一）,必修,2.5,40,社会工作
SFL0014,综合英语（二）,必修,2.5,40,社会工作
SOC0000,社会学与当代中国,必修,2,32,社会工作
SOC0001,人类行为与社会环境,必修,2,32,社会工作
SOC0002,社会工作与当代中国,必修,2,32,社会工作
SOC0008,技术社会学,选修,2,32,社会工作
SOC0011,社会保障概论,必修,2.5,40,社会工作
SOC0012,政府调查与社会研究,选修,2,32,社会工作
SOC0013,医学社会学,选修,2,32,社会工作
SOC0017,市场调查与社会研究,选修,2,32,社会工作
SOC0018,数字社会工作,选修,2,32,社会工作
SOC0020,项目设计与推广,选修,2,32,社会工作
SOC0021,人口社会学,必修,2.5,40,社会工作
SOC0022,自我认知与个人成长,选修,2,32,社会工作
SOC0023,职业规划,选修,2,32,社会工作
SOC0027,世界文明史,选修,2,32,社会工作
SOC0028,中级社会统计软件,选修,1,16,社会工作
SOC0035,认知实习,必修,6,12w,社会工作
SOC0036,专业实习,必修,12,24w,社会工作
SOC0037,毕业实习,必修,6,12w,社会工作
SOC0038,哀伤辅导,选修,1,16,社会工作
SOC0531,社会调查方法,必修,3,48,社会工作
SOC0551,社会工作概论,必修,4,64,社会工作
SOC0561,社会统计软件,必修,2,32,社会工作
SOC0581,社会学概论（一）,必修,2.5,40,社会工作
SOC0591,社会学概论（二）,必修,2.5,40,社会工作
SOC0602,文化人类学,必修,2.5,40,社会工作
SOC0611,质性研究方法,必修,2,32,社会工作
SOC0651,初级社会统计学,必修,2,32,社会工作
SOC2031,个案工作,必修,3,48,社会工作
SOC2071,社会心理学,必修,3,48,社会工作
SOC2082,社会工作理论,必修,3,48,社会工作
SOC2091,社会工作评估,必修,2,32,社会工作
SOC2131,社区工作,必修,3,48,社会工作
SOC2141,小组工作,必修,3,48,社会工作
SOC2171,学术论文写作,必修,2,32,社会工作
SOC2181,中级社会统计学,选修,2,32,社会工作
SOC2192,社会工作行政,必修,2,32,社会工作
SOC3511,毕业论文,必修,8,16w,社会工作
SOC5021,家庭社会学,选修,2,32,社会工作
SOC5051,老年社会工作,选修,2,32,社会工作
SOC5061,老年社会学,选修,2,32,社会工作
SOC5142,社会福利思想,选修,2,32,社会工作
SOC5171,儿童社会工作,选修,2,32,社会工作
SOC5182,发展社会学,选修,2,32,社会工作
SOC5221,家庭社会工作,选修,2,32,社会工作
SOC5281,社会工作伦理,选修,2,32,社会工作
SOC5311,社会管理与社会治理,选修,2,32,社会工作
SOC5321,社会救助,选修,2,32,社会工作
SOC5351,社会问题,选修,2,32,社会工作
SOC5382,社会政策,选修,2,32,社会工作
SOC5391,社区概论,选修,2,32,社会工作
SOC5431,学校社会工作,选修,2,32,社会工作
SOC5531,网络社会学,选修,2,32,社会工作
SOC5571,医务社会工作,选修,2,32,社会工作
SOC5591,文化社会学,选修,2,32,社会工作
SOC5601,社会组织分析,选修,2,32,社会工作
SOC5631,社会工作专业英语,选修,2,32,社会工作
AUT0553,离散数学,选修,2,32,经济学（启明实验班）
CHI0001,中国语文,必修,2,32,经济学（启明实验班）
CST0048,人工智能概论（A）,必修,2,32,经济学（启明实验班）
ECN0002,机器学习在金融中的应用,选修,3,48,经济学（启明实验班）
ECN0004,人工智能与量化交易,选修,3,48,经济学（启明实验班）
ECN0006,数字经济导论,选修,2.5,40,经济学（启明实验班）
ECN0007,数字贸易,选修,3,48,经济学（启明实验班）
ECN0008,网络与平台经济学,选修,2,32,经济学（启明实验班）
ECN0009,新生研讨课,必修,1,2w,经济学（启明实验班）
ECN0010,科研认知实践,必修,1,2w,经济学（启明实验班）
ECN0011,程序设计基础（Python语言）,必修,3,48,经济学（启明实验班）
ECN0031,高级计量经济学,选修,2,32,经济学（启明实验班）
ECN0512,发展经济学,必修,3,48,经济学（启明实验班）
ECN0521,会计学,选修,3.5,56,经济学（启明实验班）
ECN0531,货币银行学,必修,3,48,经济学（启明实验班）
ECN0541,计量经济学,必修,4,64,经济学（启明实验班）
ECN0551,经济调查方法,必修,1.5,24,经济学（启明实验班）
ECN0571,经济学原理,必修,4,64,经济学（启明实验班）
ECN0581,经济学综合实验,选修,4,64,经济学（启明实验班）
ECN0591,中级宏观经济学,必修,4,64,经济学（启明实验班）
ECN0611,中级微观经济学,必修,4,64,经济学（启明实验班）
ECN0621,经济思想史,必修,2.5,40,经济学（启明实验班）
ECN0631,政治经济学原理,必修,3,48,经济学（启明实验班）
ECN0711,经济统计学,必修,3,48,经济学（启明实验班）
ECN0861,数据要素市场,选修,2,32,经济学（启明实验班）
ECN0881,区块链与数字货币,选修,2,32,经济学（启明实验班）
ECN0891,博弈论与信息经济学,必修,2.5,40,经济学（启明实验班）
ECN0901,习近平经济思想概论,必修,1,16,经济学（启明实验班）
ECN1001,行为经济学与实验方法,选修,2,32,经济学（启明实验班）
ECN1011,数字经济发展与治理,选修,2,32,经济学（启明实验班）
ECN1021,智能决策分析,选修,3,48,经济学（启明实验班）
ECN2021,高级宏观经济学,选修,4,64,经济学（启明实验班）
ECN2041,高级微观经济学,选修,4,64,经济学（启明实验班）
ECN2051,国际金融学,必修,3,48,经济学（启明实验班）
ECN2071,金融工程学,选修,2.5,40,经济学（启明实验班）
ECN2121,时间序列分析,选修,3,48,经济学（启明实验班）
ECN2141,证券投资学,选修,2.5,40,经济学（启明实验班）
ECN3511,毕业论文,必修,8,16w,经济学（启明实验班）
ECN3521,科研训练,必修,1,2w,经济学（启明实验班）
ECN3541,课程设计,必修,1.5,3w,经济学（启明实验班）
ECN3551,社会实践,必修,1.5,3w,经济学（启明实验班）
ECN3561,专业实习,必修,2.5,5w,经济学（启明实验班）
ECN5031,财政学,必修,2.5,40,经济学（启明实验班）
ECN5061,管理学原理,选修,2.5,40,经济学（启明实验班）
ECN5081,国际贸易学,必修,3,48,经济学（启明实验班）
ECN5131,经济预测与决策,选修,2.5,40,经济学（启明实验班）
ECN5241,中国经济改革与发展,必修,2.5,40,经济学（启明实验班）
ECN5261,最优控制,选修,2.5,40,经济学（启明实验班）
ECN5421,实分析,选修,2.5,40,经济学（启明实验班）
ECN5501,数据挖掘与机器学习,选修,2,32,经济学（启明实验班）
ECN5531,经济大数据分析,选修,2,32,经济学（启明实验班）
EIC0021,随机过程,选修,3,48,经济学（启明实验班）
GEC3092,批判性思维（公选课）,必修,2.5,40,经济学（启明实验班）
MAT0001,高等数学（A）（上）,必修,5.5,88,经济学（启明实验班）
MAT0011,高等数学（A）（下）,必修,5.5,88,经济学（启明实验班）
MAT0121,线性代数（B）,必修,2.5,40,经济学（启明实验班）
MAT0131,概率论与数理统计（B）,必修,2.5,40,经济学（启明实验班）
MAT0561,复变函数与积分变换,选修,2.5,40,经济学（启明实验班）
MAX0013,马克思主义基本原理,必修,2.5,40,经济学（启明实验班）
MAX0022,思想道德与法治,必修,2.5,40,经济学（启明实验班）
MAX0033,形势与政策（1-8学期）,必修,2,64,经济学（启明实验班）
MAX0042,中国近现代史纲要,必修,2.5,40,经济学（启明实验班）
MAX0064,毛泽东思想和中国特色社会主义理论体系概论,必修,2.5,40,经济学（启明实验班）
MAX0072,习近平新时代中国特色社会主义思想概论,必修,3,48,经济学（启明实验班）
PHE0003,大学体育（一）（1-2学期）,必修,1.8,60,经济学（启明实验班）
PHE0013,大学体育（二）（3-4学期）,必修,1.8,60,经济学（启明实验班）
PHE0023,大学体育（三）（5-6学期）,必修,0.4,24,经济学（启明实验班）
SFL0004,综合英语（一）,必修,2.5,40,经济学（启明实验班）
SFL0014,综合英语（二）,必修,2.5,40,经济学（启明实验班）
AE0055,流体力学（四）,必修,2,32,给排水科学与工程
AE0056,工程力学（一）,必修,2,32,给排水科学与工程
CEM2261,工程测量,必修,2,32,给排水科学与工程
CEM2272,工程经济学,选修,1.5,24,给排水科学与工程
CEM3531,测量实习,必修,0.5,1w,给排水科学与工程
CHE0532,工程化学,必修,2,32,给排水科学与工程
CHE0852,工程化学实验,必修,0.5,16,给排水科学与工程
CHI0001,中国语文,必修,2,32,给排水科学与工程
EEE0531,电工电子学（三）,选修,3,48,给排水科学与工程
EIC0008,人工智能概论（B）,必修,2,32,给排水科学与工程
ENG3561,工程训练（六）,必修,1,2w,给排水科学与工程
ESE0000,环境物联网技术,必修,1,16,给排水科学与工程
ESE0001,生态中国,必修,1,16,给排水科学与工程
ESE0012,环境问题观察,必修,1,2w,给排水科学与工程
ESE0018,智慧环境创新创业,必修,2,32,给排水科学与工程
ESE0024,土建工程基础,必修,1.5,24,给排水科学与工程
ESE0025,给水排水管网系统,必修,3,48,给排水科学与工程
ESE0026,水质工程学（一）,必修,3.5,56,给排水科学与工程
ESE0027,水质工程学（二）,必修,3.5,56,给排水科学与工程
ESE0028,水工程仪表与控制,必修,1.5,24,给排水科学与工程
ESE0032,智能给排水技术应用（企业专家）,选修,1,16,给排水科学与工程
ESE0033,智能水系统研讨课,选修,1,16,给排水科学与工程
ESE0034,智慧给水管网课程设计,必修,0.5,1w,给排水科学与工程
ESE0035,智慧排水管网课程设计,必修,0.5,1w,给排水科学与工程
ESE0036,智慧给水厂课程设计,必修,1,2w,给排水科学与工程
ESE0037,智慧污水厂课程设计,必修,1,2w,给排水科学与工程
ESE0038,工程创新实践,必修,2,4w,给排水科学与工程
ESE0043,水工程经济学与法规,必修,1.5,24,给排水科学与工程
ESE0061,水质工程学综合实验（4-6学期）,必修,4,64,给排水科学与工程
ESE0062,水环境监测综合实验,必修,3,48,给排水科学与工程
ESE0069,毕业设计（论文）,必修,10,15w,给排水科学与工程
ESE0072,给排水专业英语,选修,1.5,24,给排水科学与工程
ESE0521,城市水工程概论,必修,1,16,给排水科学与工程
ESE0681,自动控制原理,必修,2.5,40,给排水科学与工程
ESE0702,环境与建筑工程制图基础,必修,2,32,给排水科学与工程
ESE2091,环境评价,选修,2,32,给排水科学与工程
ESE2101,建筑给水排水工程,必修,3,48,给排水科学与工程
ESE2201,环境规划与管理,选修,2.5,40,给排水科学与工程
ESE2222,水泵与水泵站,必修,1.5,24,给排水科学与工程
ESE2231,水处理生物学,必修,2,32,给排水科学与工程
ESE2242,水分析化学,必修,2,32,给排水科学与工程
ESE2361,水系统智能化技术,必修,1.5,24,给排水科学与工程
ESE3511,泵站课程设计,必修,0.5,1w,给排水科学与工程
ESE3601,建筑给水排水工程课程设计,必修,1,2w,给排水科学与工程
ESE3661,认知实习,必修,0.5,1w,给排水科学与工程
ESE3672,生产实习,必修,3,6w,给排水科学与工程
ESE5071,给排水物理化学,选修,2,32,给排水科学与工程
ESE5081,给排水新技术,选修,1.5,24,给排水科学与工程
ESE5091,工程项目管理,选修,1,16,给排水科学与工程
ESE5122,环境保护法规,选修,1.5,24,给排水科学与工程
ESE5501,水工程软件应用,选修,1.5,24,给排水科学与工程
ESE5511,水工程施工,必修,2,32,给排水科学与工程
ESE5521,水工艺设备基础,必修,1.5,24,给排水科学与工程
ESE5541,水文与水文地质学,必修,2,32,给排水科学与工程
ESE5551,水资源利用与保护,必修,2,32,给排水科学与工程
ESE5661,有机化学,选修,1.5,24,给排水科学与工程
ESE5751,水生态学概论,选修,1.5,24,给排水科学与工程
ESE5801,工业废水处理与回用,选修,1.5,24,给排水科学与工程
ESE5831,城市垃圾及污泥处置,选修,2,32,给排水科学与工程
ESE5851,水研究前沿,选修,1.5,24,给排水科学与工程
ESE5861,智能化水系统应用,选修,1.5,24,给排水科学与工程
ESE5871,智慧水务管理,选修,1.5,24,给排水科学与工程
MAT0021,微积分（B）（上）,必修,5.5,88,给排水科学与工程
MAT0031,微积分（B）（下）,必修,5.5,88,给排水科学与工程
MAT0121,线性代数（B）,必修,2.5,40,给排水科学与工程
MAT0131,概率论与数理统计（B）,必修,2.5,40,给排水科学与工程
MAX0013,马克思主义基本原理,必修,2.5,40,给排水科学与工程
MAX0022,思想道德与法治,必修,2.5,40,给排水科学与工程
MAX0033,形势与政策（1-8学期）,必修,2,64,给排水科学与工程
MAX0042,中国近现代史纲要,必修,2.5,40,给排水科学与工程
MAX0064,毛泽东思想和中国特色社会主义理论体系概论,必修,2.5,40,给排水科学与工程
MAX0072,习近平新时代中国特色社会主义思想概论,必修,3,48,给排水科学与工程
MESE0611,机械原理,选修,2,32,给排水科学与工程
MESE0891,工程制图（一）,必修,2.5,40,给排水科学与工程
MESE5361,计算机网络技术及应用,必修,2,32,给排水科学与工程
NCC0051,计算机及程序设计基础（Python）,必修,3,48,给排水科学与工程
PHE0003,大学体育（一）（1-2学期）,必修,1.8,60,给排水科学与工程
PHE0013,大学体育（二）（3-4学期）,必修,1.8,60,给排水科学与工程
PHE0023,大学体育（三）（5-6学期）,必修,0.4,24,给排水科学与工程
PHY0171,大学物理（A）（上）,必修,4,64,给排水科学与工程
PHY0181,大学物理（A）（下）,必修,4,64,给排水科学与工程
PHY0191,物理实验（上）,必修,2,32,给排水科学与工程
PHY0201,物理实验（下）,必修,1.5,24,给排水科学与工程
SFL0004,综合英语（一）,必修,2.5,40,给排水科学与工程
SFL0014,综合英语（二）,必修,2.5,40,给排水科学与工程
CHI0001,中国语文,必修,2,32,统计学
CST0048,人工智能概论（A）,必修,2,32,统计学
MAT0008,数学分析（三）实践,必修,0,32,统计学
MAT0012,数学分析（一）实践,必修,0,32,统计学
MAT0013,数学分析（二）实践,必修,0,32,统计学
MAT0015,高等代数与解析几何（一）实践,必修,0,32,统计学
MAT0016,高等代数与解析几何（二）实践,必修,0,32,统计学
MAT0017,科技创新活动（一）,选修,1.5,2w,统计学
MAT0018,科技创新活动（二）,选修,1.5,2w,统计学
MAT0019,科技创新活动（三）,选修,1.5,2w,统计学
MAT0020,科技创新活动（四）,选修,1.5,2w,统计学
MAT0022,科技创新活动（五）,选修,1.5,2w,统计学
MAT0023,Python数据分析,必修,2,32,统计学
MAT0025,机器学习基础,选修,4,64,统计学
MAT0030,统计学原理,必修,2,32,统计学
MAT0032,数据可视化,选修,2,32,统计学
MAT0033,统计学科实践,选修,2,32,统计学
MAT0042,数理统计,必修,3.5,56,统计学
MAT0043,毕业设计（论文）,必修,12,18w,统计学
MAT0044,软件实习,必修,1.5,2w,统计学
MAT0045,生产实习,必修,3,4w,统计学
MAT0046,有限元方法,选修,3,48,统计学
MAT0048,数字信号处理,选修,3,48,统计学
MAT0049,非参数统计,必修,2.5,40,统计学
MAT0522,泛函分析,必修,4,64,统计学
MAT0582,概率论,必修,4,64,统计学
MAT0601,高等代数与解析几何（二）,必修,5.5,88,统计学
MAT0611,高等代数与解析几何（一）,必修,5,80,统计学
MAT0621,数学分析（一）,必修,5,80,统计学
MAT0631,数学分析（二）,必修,5.5,88,统计学
MAT0641,数学分析（三）,必修,5.5,88,统计学
MAT0652,常微分方程,必修,4,64,统计学
MAT0662,复变函数（一）,必修,4,64,统计学
MAT0682,实变函数,必修,4,64,统计学
MAT0731,学科（专业）概论,必修,1,16,统计学
MAT2071,数学建模,必修,2,32,统计学
MAT5061,抽样调查,选修,3,48,统计学
MAT5081,多元统计分析,选修,3,48,统计学
MAT5131,时间序列分析,选修,3,48,统计学
MAT5161,微分方程数值解,选修,4,64,统计学
MAT5171,最优化方法,选修,2.5,40,统计学
MAT5211,离散数学,选修,3,48,统计学
MAT5221,试验设计,选修,2.5,40,统计学
MAT5231,数据结构与算法,选修,3,48,统计学
MAT5241,数据挖掘,选修,2.5,40,统计学
MAT5281,数值分析,选修,3.5,56,统计学
MAT5301,随机过程,必修,4,64,统计学
MAT5321,信息论基础,选修,3,48,统计学
MAT5341,运筹学,选修,3.5,56,统计学
MAT5351,数学实验,选修,1.5,24,统计学
MAT5401,高等概率论,选修,4,64,统计学
MAT5411,高等数理统计,选修,4,64,统计学
MAT5421,回归分析,选修,3,48,统计学
MAX0013,马克思主义基本原理,必修,2.5,40,统计学
MAX0022,思想道德与法治,必修,2.5,40,统计学
MAX0033,形势与政策（1-8学期）,必修,2,64,统计学
MAX0042,中国近现代史纲要,必修,2.5,40,统计学
MAX0064,毛泽东思想和中国特色社会主义理论体系概论,必修,2.5,40,统计学
MAX0072,习近平新时代中国特色社会主义思想概论,必修,3,48,统计学
NCC0001,计算机及程序设计基础（C++）,必修,3,48,统计学
PHE0003,大学体育（一）（1-2学期）,必修,1.8,60,统计学
PHE0013,大学体育（二）（3-4学期）,必修,1.8,60,统计学
PHE0023,大学体育（三）（5-6学期）,必修,0.4,24,统计学
PHY0171,大学物理（A）（上）,必修,4,64,统计学
PHY0181,大学物理（A）（下）,必修,4,64,统计学
PHY0191,物理实验（上）,必修,2,32,统计学
PHY0201,物理实验（下）,必修,1.5,24,统计学
SFL0004,综合英语（一）,必修,2.5,40,统计学
SFL0014,综合英语（二）,必修,2.5,40,统计学
CHI0001,中国语文,必修,2,32,翻译
MAT0051,微积分（D）,必修,4,64,翻译
MAT0121,线性代数（B）,选修,2.5,40,翻译
MAT0131,概率论与数理统计（B）,选修,2.5,40,翻译
MAX0013,马克思主义基本原理,必修,2.5,40,翻译
MAX0022,思想道德与法治,必修,2.5,40,翻译
MAX0033,形势与政策（1-8学期）,必修,2,64,翻译
MAX0042,中国近现代史纲要,必修,2.5,40,翻译
MAX0064,毛泽东思想和中国特色社会主义理论体系概论,必修,2.5,40,翻译
MAX0072,习近平新时代中国特色社会主义思想概论,必修,3,48,翻译
NCC0051,计算机及程序设计基础（Python）,必修,3,48,翻译
PHE0003,大学体育（一）（1-2学期）,必修,1.8,60,翻译
PHE0013,大学体育（二）（3-4学期）,必修,1.8,60,翻译
PHE0023,大学体育（三）（5-6学期）,必修,0.4,24,翻译
SFL0006,理解当代中国英语读写,必修,2,32,翻译
SFL0007,第二外国语（一）,必修,2.5,40,翻译
SFL0008,第二外国语（二）,必修,2.5,40,翻译
SFL0032,第二外国语（三）,选修,2,32,翻译
SFL0045,学术英语写作训练,必修,1,16,翻译
SFL0046,听力训练(二),必修,1,16,翻译
SFL0047,商务口译,选修,1.5,24,翻译
SFL0048,同声传译,选修,1.5,24,翻译
SFL0832,英语语音（二）,必修,2,32,翻译
SFL0932,英语语音（一）,必修,2,32,翻译
SFL0951,英语听力（一）,必修,2,32,翻译
SFL0981,英语听力（二）,必修,2,32,翻译
SFL0993,英语基础写作,必修,2,32,翻译
SFL1002,英语高级写作,必修,1.5,24,翻译
SFL1012,英语演讲与辩论（一）,必修,2,32,翻译
SFL1022,英语中级写作（二）,必修,1.5,24,翻译
SFL1033,英语中级写作（一）,必修,2,32,翻译
SFL1042,英语演讲与辩论（二）,必修,2,32,翻译
SFL1052,英语精读（三）,必修,4,64,翻译
SFL1063,英语精读（一）,必修,4,64,翻译
SFL1092,英语精读（二）,必修,4,64,翻译
SFL1151,汉英翻译,必修,2,32,翻译
SFL1161,英汉翻译,必修,2,32,翻译
SFL1341,英语会话（一）,必修,2,32,翻译
SFL1351,英语会话（二）,必修,2,32,翻译
SFL1361,中国文化概要,必修,2,32,翻译
SFL1461,心理语言学入门,选修,2,32,翻译
SFL2152,基础口译,必修,2,32,翻译
SFL2331,语言学导论,必修,2,32,翻译
SFL2411,英语文学导论（二）,必修,2,32,翻译
SFL2421,英语文学导论（一）,必修,2,32,翻译
SFL2431,英语国家社会与文化,必修,2,32,翻译
SFL2461,翻译概论,必修,2,32,翻译
SFL2481,翻译与文化传播,选修,2,32,翻译
SFL2501,信息技术与语言服务,必修,2,32,翻译
SFL2861,高级英语阅读,必修,4,64,翻译
SFL2981,外语批判性思维读写,必修,2,32,翻译
SFL3201,语言与心智,选修,3,48,翻译
SFL3362,听力训练（一）,必修,2,32,翻译
SFL3391,翻译技术与本地化,选修,2,32,翻译
SFL3401,认知语言学,选修,2,32,翻译
SFL3411,文本与数据挖掘,选修,2,32,翻译
SFL3521,毕业设计（论文）,必修,8,16w,翻译
SFL3542,科研训练,必修,1,2w,翻译
SFL3581,专业实习,必修,2,4w,翻译
SFL5021,词汇学,选修,2,32,翻译
SFL5271,翻译研究方法,选修,2,32,翻译
SFL5341,科技翻译,选修,2,32,翻译
SFL5361,口译证书培训,必修,2,32,翻译
SFL5371,跨文化交际,选修,2,32,翻译
SFL5381,联络口译,选修,2,32,翻译
SFL5621,中国文化翻译,选修,2,32,翻译
SFL5651,实用翻译,选修,2,32,翻译
SFL5681,视译,必修,2,32,翻译
SFL5741,专题口译,选修,2,32,翻译
SFL5831,语料库语言学,选修,2,32,翻译
SFL5871,计算语言学,选修,2,32,翻译
SFL5911,交替传译,必修,2,32,翻译
SFL5921,英汉语言对比,必修,2,32,翻译
SFL6001,文学翻译,选修,2,32,翻译
SOD0000,人工智能概论（C）,必修,2,32,翻译
SSE0101,自然语言处理,选修,2,32,翻译
SSE0161,人工智能导论,选修,1.5,24,翻译
SSE5672,机器学习导论,选修,3,48,翻译
AE0054,流体力学（三）,必修,3.5,56,能源与动力工程
AE0611,理论力学（二）,必修,3.5,56,能源与动力工程
AE0662,材料力学,必修,3.5,56,能源与动力工程
CHE0532,工程化学,必修,2,32,能源与动力工程
CHI0001,中国语文,必修,2,32,能源与动力工程
CST0048,人工智能概论（A）,必修,2,32,能源与动力工程
EEE0701,电路理论,必修,2.5,40,能源与动力工程
ENG3511,工程训练（一）,必修,2,4w,能源与动力工程
EPE0000,现代电站汽轮机,选修,3,48,能源与动力工程
EPE0001,半导体声子热传导概论,选修,2,32,能源与动力工程
EPE0002,现代电站锅炉,选修,3,48,能源与动力工程
EPE0003,流体机械振动与噪声,选修,2,32,能源与动力工程
EPE0004,大型发电机组自动化,选修,2.5,40,能源与动力工程
EPE0006,生产实习（社会实践）,必修,2,2w,能源与动力工程
EPE0007,专业课程设计,必修,4,4w,能源与动力工程
EPE0008,科学研究与创新实践（二）,必修,5,5w,能源与动力工程
EPE0011,气固两相流概论,选修,2,32,能源与动力工程
EPE0021,涡轮机现代设计方法,选修,2,32,能源与动力工程
EPE0151,科学研究与创新实践（一）,必修,1,16,能源与动力工程
EPE0171,发电厂热力系统,选修,2,32,能源与动力工程
EPE0181,现代风机技术,选修,3,48,能源与动力工程
EPE0191,水泵和水轮机,选修,2.5,40,能源与动力工程
EPE0221,能源经济学,选修,2.0,32,能源与动力工程
EPE0231,学术规范与论文写作,必修,2.0,32,能源与动力工程
EPE0241,科研训练,必修,5.0,5,能源与动力工程
EPE0541,学科基础引论,必修,1,16,能源与动力工程
EPE0551,工程控制基础,必修,2,32,能源与动力工程
EPE2011,工程传热学（二）,必修,3.5,56,能源与动力工程
EPE2031,工程热力学(二),必修,4,64,能源与动力工程
EPE2042,工程数值计算方法,必修,1.5,24,能源与动力工程
EPE2053,能源与动力装置基础,必修,2,32,能源与动力工程
EPE2072,工程测试技术,必修,1.5,24,能源与动力工程
EPE2091,基础燃烧学,必修,2,32,能源与动力工程
EPE2112,工程传热学实验,必修,0.5,8,能源与动力工程
EPE2122,工程测试技术实验,必修,0.5,8,能源与动力工程
EPE3513,毕业设计（论文）,必修,13,13w,能源与动力工程
EPE3521,认知实习,必修,1,2w,能源与动力工程
EPE5011,CFD技术及应用,选修,2,32,能源与动力工程
EPE5042,低温技术原理与装置,选修,3,48,能源与动力工程
EPE5061,动力机械电子控制技术,选修,2,32,能源与动力工程
EPE5071,动力机械先进制造技术,选修,2.0,32,能源与动力工程
EPE5072,动力机械先进制造技术,选修,1.5,24,能源与动力工程
EPE5091,发动机实验（一）,选修,0.5,16,能源与动力工程
EPE5101,发动机现代设计,选修,3,48,能源与动力工程
EPE5102,发动机现代设计,选修,2.5,40,能源与动力工程
EPE5161,Matlab技术的工程应用,选修,2,32,能源与动力工程
EPE5181,固体废弃物能源利用原理与技术,选修,2,32,能源与动力工程
EPE5312,机械制造技术基础,选修,1.5,24,能源与动力工程
EPE5321,计算机辅助技术,选修,2,32,能源与动力工程
EPE5331,洁净燃烧技术,选修,2,32,能源与动力工程
EPE5341,可再生能源概论,选修,2,32,能源与动力工程
EPE5371,空气调节,选修,1.5,24,能源与动力工程
EPE5372,空气调节,选修,2,32,能源与动力工程
EPE5421,流体机械实验（一）,选修,0.5,16,能源与动力工程
EPE5452,流体机械原理,选修,3,48,能源与动力工程
EPE5461,面向对象程序设计,选修,2,32,能源与动力工程
EPE5471,内燃机燃烧与排放,选修,2,32,能源与动力工程
EPE5493,内燃机原理,选修,3,48,能源与动力工程
EPE5521,能源利用过程中重金属污染及控制,选修,2,32,能源与动力工程
EPE5541,能源与动力工程专业英语,选修,2,32,能源与动力工程
EPE5562,汽车概论,选修,2,32,能源与动力工程
EPE5591,燃烧数值模拟方法与应用,选修,2,32,能源与动力工程
EPE5601,热动实验（一）,选修,0.5,16,能源与动力工程
EPE5681,新能源经济学,选修,2,32,能源与动力工程
EPE5701,生物质热化学转化原理及高效利用技术,选修,2,32,能源与动力工程
EPE5721,生物质基新材料,选修,2,32,能源与动力工程
EPE5731,小型低温制冷机及应用,选修,1,16,能源与动力工程
EPE5752,现代制冷压缩机技术,选修,2.5,40,能源与动力工程
EPE5762,现代小型制冷空调器具,选修,2,32,能源与动力工程
EPE5832,制冷原理与装置,选修,3,48,能源与动力工程
EPE5851,制冷、低温实验（一）,选修,0.5,16,能源与动力工程
EPE5861,有限元方法在热能工程中的应用,选修,2,32,能源与动力工程
EPE5871,未来能源,选修,2,32,能源与动力工程
EPE5941,制冷装置自动化,选修,1.5,24,能源与动力工程
EPE5951,化石能源低碳利用概论,选修,2,32,能源与动力工程
EPE5961,燃气轮机与增压技术,选修,2,32,能源与动力工程
EPE5971,能源互联网与智慧能源,选修,2,32,能源与动力工程
EPE5991,能源动力装备数值模拟,选修,2,32,能源与动力工程
EPE6011,碳中和理论和技术,选修,2,32,能源与动力工程
EPE6021,先进动力技术与系统,选修,1.5,24,能源与动力工程
EPE6031,数据中心及其冷却技术,选修,2,32,能源与动力工程
EPE6041,智慧冷链物流,选修,1.5,24,能源与动力工程
GEC1031,数据库技术及应用,选修,2,32,能源与动力工程
MASE5311,工程材料学,必修,2,32,能源与动力工程
MAT0021,微积分（B）（上）,必修,5.5,88,能源与动力工程
MAT0031,微积分（B）（下）,必修,5.5,88,能源与动力工程
MAT0121,线性代数（B）,必修,2.5,40,能源与动力工程
MAT0131,概率论与数理统计（B）,必修,2.5,40,能源与动力工程
MAT0532,微积分（A）（下）,必修,6.0,96,能源与动力工程
MAT0552,微积分（A）（上）,必修,6.0,96,能源与动力工程
MAT0561,复变函数与积分变换,必修,2.5,40,能源与动力工程
MAT0722,线性代数（A）,必修,3.0,48,能源与动力工程
MAX0013,马克思主义基本原理,必修,2.5,40,能源与动力工程
MAX0022,思想道德与法治,必修,2.5,40,能源与动力工程
MAX0033,形势与政策（1-8学期）,必修,2,64,能源与动力工程
MAX0042,中国近现代史纲要,必修,2.5,40,能源与动力工程
MAX0064,毛泽东思想和中国特色社会主义理论体系概论,必修,2.5,40,能源与动力工程
MAX0072,习近平新时代中国特色社会主义思想概论,必修,3,48,能源与动力工程
MESE0611,机械原理,必修,2,32,能源与动力工程
MESE0831,机械设计,必修,2,32,能源与动力工程
MESE1111,机械设计理论与方法（一）上,必修,2.5,40,能源与动力工程
MESE1122,机械设计理论与方法（一）下,必修,1.5,24,能源与动力工程
MESE3581,机械基础工程训练（二）,必修,1.5,3w,能源与动力工程
MESE5361,计算机网络技术及应用,选修,2,32,能源与动力工程
NCC0001,计算机及程序设计基础（C++),必修,3,48,能源与动力工程
PHE0003,大学体育（一）（1-2学期）,必修,1.8,60,能源与动力工程
PHE0013,大学体育（二）（3-4学期）,必修,1.8,60,能源与动力工程
PHE0023,大学体育（三）（5-6学期）,必修,0.4,24,能源与动力工程
PHY0171,大学物理（A）（上）,必修,4,64,能源与动力工程
PHY0181,大学物理（A）（下）,必修,4,64,能源与动力工程
PHY0191,物理实验（上）,必修,2,32,能源与动力工程
PHY0201,物理实验（下）,必修,1.5,24,能源与动力工程
SFL0004,综合英语（一）,必修,2.5,40,能源与动力工程
SFL0014,综合英语（二）,必修,2.5,40,能源与动力工程
AE0054,流体力学（三）,必修,3.5,56,能源与动力工程（碳中和启明实验班）
AE0611,理论力学（二）,必修,3.5,56,能源与动力工程（碳中和启明实验班）
AE0662,材料力学,必修,3.5,56,能源与动力工程（碳中和启明实验班）
CHE0532,工程化学,必修,2,32,能源与动力工程（碳中和启明实验班）
CHI0001,中国语文,必修,2,32,能源与动力工程（碳中和启明实验班）
CST0048,人工智能概论（A）,必修,2,32,能源与动力工程（碳中和启明实验班）
EEE0701,电路理论,必修,2.5,40,能源与动力工程（碳中和启明实验班）
ENG3511,工程训练（一）,必修,2,4w,能源与动力工程（碳中和启明实验班）
EPE0000,现代电站汽轮机,选修,3,48,能源与动力工程（碳中和启明实验班）
EPE0001,半导体声子热传导概论,选修,2,32,能源与动力工程（碳中和启明实验班）
EPE0002,现代电站锅炉,选修,3,48,能源与动力工程（碳中和启明实验班）
EPE0003,流体机械振动与噪声,选修,2,32,能源与动力工程（碳中和启明实验班）
EPE0004,大型发电机组自动化,选修,2.5,40,能源与动力工程（碳中和启明实验班）
EPE0006,生产实习（社会实践）,必修,2,2w,能源与动力工程（碳中和启明实验班）
EPE0007,专业课程设计,必修,4,4w,能源与动力工程（碳中和启明实验班）
EPE0011,气固两相流概论,选修,2,32,能源与动力工程（碳中和启明实验班）
EPE0021,涡轮机现代设计方法,选修,2,32,能源与动力工程（碳中和启明实验班）
EPE0151,科学研究与创新实践（一）,必修,1,16,能源与动力工程（碳中和启明实验班）
EPE0171,发电厂热力系统,选修,2,32,能源与动力工程（碳中和启明实验班）
EPE0181,现代风机技术,选修,3,48,能源与动力工程（碳中和启明实验班）
EPE0191,水泵和水轮机,选修,2.5,40,能源与动力工程（碳中和启明实验班）
EPE0221,能源经济学,选修,2,32,能源与动力工程（碳中和启明实验班）
EPE0231,学术规范与论文写作,必修,2,32,能源与动力工程（碳中和启明实验班）
EPE0241,科研训练,必修,5,5w,能源与动力工程（碳中和启明实验班）
EPE0541,学科基础引论,必修,1,16,能源与动力工程（碳中和启明实验班）
EPE0551,工程控制基础,必修,2,32,能源与动力工程（碳中和启明实验班）
EPE2011,工程传热学（二）,必修,3.5,56,能源与动力工程（碳中和启明实验班）
EPE2031,工程热力学(二),必修,4,64,能源与动力工程（碳中和启明实验班）
EPE2042,工程数值计算方法,必修,1.5,24,能源与动力工程（碳中和启明实验班）
EPE2053,能源与动力装置基础,必修,2,32,能源与动力工程（碳中和启明实验班）
EPE2072,工程测试技术,必修,1.5,24,能源与动力工程（碳中和启明实验班）
EPE2091,基础燃烧学,必修,2,32,能源与动力工程（碳中和启明实验班）
EPE2112,工程传热学实验,必修,0.5,8,能源与动力工程（碳中和启明实验班）
EPE2122,工程测试技术实验,必修,0.5,8,能源与动力工程（碳中和启明实验班）
EPE3513,毕业设计（论文）,必修,13,13w,能源与动力工程（碳中和启明实验班）
EPE3521,认知实习,必修,1,2w,能源与动力工程（碳中和启明实验班）
EPE5011,CFD技术及应用,选修,2,32,能源与动力工程（碳中和启明实验班）
EPE5042,低温技术原理与装置,选修,3,48,能源与动力工程（碳中和启明实验班）
EPE5061,动力机械电子控制技术,选修,2,32,能源与动力工程（碳中和启明实验班）
EPE5071,动力机械先进制造技术,选修,2,32,能源与动力工程（碳中和启明实验班）
EPE5072,动力机械先进制造技术,选修,1.5,24,能源与动力工程（碳中和启明实验班）
EPE5091,发动机实验（一）,选修,0.5,16,能源与动力工程（碳中和启明实验班）
EPE5101,发动机现代设计,选修,3,48,能源与动力工程（碳中和启明实验班）
EPE5102,发动机现代设计,选修,2.5,40,能源与动力工程（碳中和启明实验班）
EPE5161,Matlab技术的工程应用,选修,2,32,能源与动力工程（碳中和启明实验班）
EPE5181,固体废弃物能源利用原理与技术,选修,2,32,能源与动力工程（碳中和启明实验班）
EPE5312,机械制造技术基础,选修,1.5,24,能源与动力工程（碳中和启明实验班）
EPE5321,计算机辅助技术,选修,2,32,能源与动力工程（碳中和启明实验班）
EPE5331,洁净燃烧技术,选修,2,32,能源与动力工程（碳中和启明实验班）
EPE5341,可再生能源概论,选修,2,32,能源与动力工程（碳中和启明实验班）
EPE5371,空气调节,选修,1.5,24,能源与动力工程（碳中和启明实验班）
EPE5372,空气调节,选修,2,32,能源与动力工程（碳中和启明实验班）
EPE5421,流体机械实验（一）,选修,0.5,16,能源与动力工程（碳中和启明实验班）
EPE5452,流体机械原理,选修,3,48,能源与动力工程（碳中和启明实验班）
EPE5461,面向对象程序设计,选修,2,32,能源与动力工程（碳中和启明实验班）
EPE5471,内燃机燃烧与排放,选修,2,32,能源与动力工程（碳中和启明实验班）
EPE5493,内燃机原理,选修,3,48,能源与动力工程（碳中和启明实验班）
EPE5521,能源利用过程中重金属污染及控制,选修,2,32,能源与动力工程（碳中和启明实验班）
EPE5541,能源与动力工程专业英语,选修,2,32,能源与动力工程（碳中和启明实验班）
EPE5562,汽车概论,选修,2,32,能源与动力工程（碳中和启明实验班）
EPE5591,燃烧数值模拟方法与应用,选修,2,32,能源与动力工程（碳中和启明实验班）
EPE5601,热动实验（一）,选修,0.5,16,能源与动力工程（碳中和启明实验班）
EPE5701,生物质热化学转化原理及高效利用技术,选修,2,32,能源与动力工程（碳中和启明实验班）
EPE5721,生物质基新材料,选修,2,32,能源与动力工程（碳中和启明实验班）
EPE5731,小型低温制冷机及应用,选修,1,16,能源与动力工程（碳中和启明实验班）
EPE5752,现代制冷压缩机技术,选修,2.5,40,能源与动力工程（碳中和启明实验班）
EPE5762,现代小型制冷空调器具,选修,2,32,能源与动力工程（碳中和启明实验班）
EPE5832,制冷原理与装置,选修,3,48,能源与动力工程（碳中和启明实验班）
EPE5851,制冷、低温实验（一）,选修,0.5,16,能源与动力工程（碳中和启明实验班）
EPE5861,有限元方法在热能工程中的应用,选修,2,32,能源与动力工程（碳中和启明实验班）
EPE5871,未来能源,选修,2,32,能源与动力工程（碳中和启明实验班）
EPE5941,制冷装置自动化,选修,1.5,24,能源与动力工程（碳中和启明实验班）
EPE5951,化石能源低碳利用概论,选修,2,32,能源与动力工程（碳中和启明实验班）
EPE5961,燃气轮机与增压技术,选修,2,32,能源与动力工程（碳中和启明实验班）
EPE5971,能源互联网与智慧能源,选修,2,32,能源与动力工程（碳中和启明实验班）
EPE5991,能源动力装备数值模拟,选修,2,32,能源与动力工程（碳中和启明实验班）
EPE6011,碳中和理论和技术,选修,2,32,能源与动力工程（碳中和启明实验班）
EPE6021,先进动力技术与系统,选修,1.5,24,能源与动力工程（碳中和启明实验班）
EPE6031,数据中心及其冷却技术,选修,2,32,能源与动力工程（碳中和启明实验班）
EPE6041,智慧冷链物流,选修,1.5,24,能源与动力工程（碳中和启明实验班）
GEC1031,数据库技术及应用,选修,2,32,能源与动力工程（碳中和启明实验班）
MASE5311,工程材料学,必修,2,32,能源与动力工程（碳中和启明实验班）
MAT0131,概率论与数理统计（B）,必修,2.5,40,能源与动力工程（碳中和启明实验班）
MAT0532,微积分（A）（下）,必修,6,96,能源与动力工程（碳中和启明实验班）
MAT0552,微积分（A）（上）,必修,6,96,能源与动力工程（碳中和启明实验班）
MAT0561,复变函数与积分变换,必修,2.5,40,能源与动力工程（碳中和启明实验班）
MAT0722,线性代数（A）,必修,3,48,能源与动力工程（碳中和启明实验班）
MAX0013,马克思主义基本原理,必修,2.5,40,能源与动力工程（碳中和启明实验班）
MAX0022,思想道德与法治,必修,2.5,40,能源与动力工程（碳中和启明实验班）
MAX0033,形势与政策（1-8学期）,必修,2,64,能源与动力工程（碳中和启明实验班）
MAX0042,中国近现代史纲要,必修,2.5,40,能源与动力工程（碳中和启明实验班）
MAX0064,毛泽东思想和中国特色社会主义理论体系概论,必修,2.5,40,能源与动力工程（碳中和启明实验班）
MAX0072,习近平新时代中国特色社会主义思想概论,必修,3,48,能源与动力工程（碳中和启明实验班）
MESE0611,机械原理,必修,2,32,能源与动力工程（碳中和启明实验班）
MESE0831,机械设计,必修,2,32,能源与动力工程（碳中和启明实验班）
MESE1111,机械设计理论与方法（一）上,必修,2.5,40,能源与动力工程（碳中和启明实验班）
MESE1122,机械设计理论与方法（一）下,必修,1.5,24,能源与动力工程（碳中和启明实验班）
MESE3581,机械基础工程训练（二）,必修,1.5,3w,能源与动力工程（碳中和启明实验班）
MESE5361,计算机网络技术及应用,选修,2,32,能源与动力工程（碳中和启明实验班）
NCC0001,计算机及程序设计基础（C++),必修,3,48,能源与动力工程（碳中和启明实验班）
PHE0003,大学体育（一）（1-2学期）,必修,1.8,60,能源与动力工程（碳中和启明实验班）
PHE0013,大学体育（二）（3-4学期）,必修,1.8,60,能源与动力工程（碳中和启明实验班）
PHE0023,大学体育（三）（5-6学期）,必修,0.4,24,能源与动力工程（碳中和启明实验班）
PHY0171,大学物理（A）（上）,必修,4,64,能源与动力工程（碳中和启明实验班）
PHY0181,大学物理（A）（下）,必修,4,64,能源与动力工程（碳中和启明实验班）
PHY0191,物理实验（上）,必修,2,32,能源与动力工程（碳中和启明实验班）
PHY0201,物理实验（下）,必修,1.5,24,能源与动力工程（碳中和启明实验班）
SFL0004,综合英语（一）,必修,2.5,40,能源与动力工程（碳中和启明实验班）
SFL0014,综合英语（二）,必修,2.5,40,能源与动力工程（碳中和启明实验班）
ART0001,毕业设计（论文）,必修,4,8w,舞蹈表演
ART0003,毕业实习,必修,2,4w,舞蹈表演
ART0004,中国舞蹈史,必修,2,32,舞蹈表演
ART0005,中国古典舞基本功训练（一）,必修,6,96,舞蹈表演
ART0006,中国少数民族民间舞风格训练（一）,必修,2,32,舞蹈表演
ART0043,外国舞蹈史,必修,2,32,舞蹈表演
ART0044,舞蹈鉴赏与批评,必修,2,32,舞蹈表演
ART0045,中国古典舞基本功训练（二）,必修,6,96,舞蹈表演
ART0046,现代舞技术（一）,必修,4,64,舞蹈表演
ART0047,现代舞技术（二）,必修,4,64,舞蹈表演
ART0048,综合技术训练（一）,必修,4,64,舞蹈表演
ART0049,综合技术训练（二）,必修,4,64,舞蹈表演
ART0050,中国汉族民间舞风格训练（一）,必修,4,64,舞蹈表演
ART0051,中国汉族民间舞风格训练（二）,必修,2,32,舞蹈表演
ART0052,中国少数民族民间舞风格训练（二）,必修,2,32,舞蹈表演
ART0053,中国少数民族民间舞风格训练（三）,必修,2,32,舞蹈表演
ART0054,中国少数民族民间舞风格训练（四）,必修,4,64,舞蹈表演
ART0055,中国古典舞身韵（一）,必修,2,32,舞蹈表演
ART0056,中国古典舞身韵（二）,必修,2,32,舞蹈表演
ART0057,舞蹈编创（一）,必修,2,32,舞蹈表演
ART0058,舞蹈编创（二）,必修,2,32,舞蹈表演
ART0059,舞蹈剧目（一）,必修,2,32,舞蹈表演
ART0060,舞蹈剧目（二）,必修,2,32,舞蹈表演
ART0061,舞蹈剧目（三）,必修,2,32,舞蹈表演
ART0062,舞蹈剧目（四）,必修,2,32,舞蹈表演
ART0063,舞蹈剧目（五）,必修,2,32,舞蹈表演
ART0064,舞蹈剧目（六）,必修,2,32,舞蹈表演
ART0065,舞蹈教学法,必修,2,32,舞蹈表演
ART0066,舞蹈打击乐技术,选修,2,32,舞蹈表演
ART0067,舞蹈道具表演,选修,2,32,舞蹈表演
ART0068,戏曲舞蹈美学导论,选修,2,32,舞蹈表演
ART0069,钢琴基础,选修,2,32,舞蹈表演
ART0070,数字音频基础,选修,2,32,舞蹈表演
ART0072,戏剧表演,选修,2,32,舞蹈表演
ART0073,教育心理学概论,选修,2,32,舞蹈表演
ART0074,田野工作方法,选修,2,32,舞蹈表演
ART0075,创意工作坊（3-6学期）,必修,4,8w,舞蹈表演
ART0076,毕业专场,必修,4,8w,舞蹈表演
ART0077,文化艺术创新专题导论,选修,2,32,舞蹈表演
ART0231,音乐经典赏析,选修,2,32,舞蹈表演
ART0511,艺术概论,必修,2,32,舞蹈表演
ART0661,论文写作,必修,2,32,舞蹈表演
ART0681,基础乐理,必修,2,32,舞蹈表演
CHI0001,中国语文,必修,2,32,舞蹈表演
MAX0013,马克思主义基本原理,必修,2.5,40,舞蹈表演
MAX0022,思想道德与法治,必修,2.5,40,舞蹈表演
MAX0033,形势与政策（1-8学期）,必修,2,64,舞蹈表演
MAX0042,中国近现代史纲要,必修,2.5,40,舞蹈表演
MAX0064,毛泽东思想和中国特色社会主义理论体系概论,必修,2.5,40,舞蹈表演
MAX0072,习近平新时代中国特色社会主义思想概论,必修,3,48,舞蹈表演
PHE0003,大学体育（一）（1-2学期）,必修,1.8,60,舞蹈表演
PHE0013,大学体育（二）（3-4学期）,必修,1.8,60,舞蹈表演
PHE0023,大学体育（三）（5-6学期）,必修,0.4,24,舞蹈表演
SFL0004,综合英语（一）,必修,2.5,40,舞蹈表演
SFL0014,综合英语（二）,必修,2.5,40,舞蹈表演
SOD0000,人工智能概论（C）,必修,2,32,舞蹈表演
AE0611,理论力学（二）,必修,3.5,56,船舶与海洋工程
CEM0561,工程力学实验,必修,0.5,16,船舶与海洋工程
CHE0532,工程化学,选修,2,32,船舶与海洋工程
CHI0001,中国语文,必修,2,32,船舶与海洋工程
EEE0741,电工电子学,必修,3.5,56,船舶与海洋工程
EIC0008,人工智能概论（B）,必修,2,32,船舶与海洋工程
ENG3511,工程训练（一）,必修,2,4w,船舶与海洋工程
ENG3521,工程训练（五）,必修,0.5,1w,船舶与海洋工程
EPE2021,工程传热学（一）,选修,2,32,船舶与海洋工程
MASE5311,工程材料学,选修,2,32,船舶与海洋工程
MAT0001,高等数学（A）（上）,选修,5.5,88,船舶与海洋工程
MAT0021,微积分（B）（上）,必修,5.5,88,船舶与海洋工程
MAT0031,微积分（B）（下）,必修,5.5,88,船舶与海洋工程
MAT0121,线性代数（B）,必修,2.5,40,船舶与海洋工程
MAT0131,概率论与数理统计（B）,必修,2.5,40,船舶与海洋工程
MAT0561,复变函数与积分变换,必修,2.5,40,船舶与海洋工程
MAX0013,马克思主义基本原理,必修,2.5,40,船舶与海洋工程
MAX0022,思想道德与法治,必修,2.5,40,船舶与海洋工程
MAX0033,形势与政策（1-8学期）,必修,2,64,船舶与海洋工程
MAX0042,中国近现代史纲要,必修,2.5,40,船舶与海洋工程
MAX0064,毛泽东思想和中国特色社会主义理论体系概论,必修,2.5,40,船舶与海洋工程
MAX0072,习近平新时代中国特色社会主义思想概论,必修,3,48,船舶与海洋工程
MESE0611,机械原理,必修,2,32,船舶与海洋工程
MESE0621,机械制造技术基础,选修,2.5,40,船舶与海洋工程
MESE0831,机械设计,必修,2,32,船舶与海洋工程
MESE0841,工程测试技术,选修,2,32,船舶与海洋工程
MESE1111,机械设计理论与方法（一）上,必修,2.5,40,船舶与海洋工程
MESE1122,机械设计理论与方法（一）下,必修,1.5,24,船舶与海洋工程
MESE5431,纳米技术导论,选修,1.5,24,船舶与海洋工程
MESE6391,数字孪生与边缘计算技术,选修,1.5,24,船舶与海洋工程
NAO0000,海洋航行器创新实践,选修,1,16,船舶与海洋工程
NAO0001,“船”承海洋强国梦想的实践教育,选修,2,32,船舶与海洋工程
NAO0003,船联网技术,选修,1.5,24,船舶与海洋工程
NAO0012,海洋开发技术,选修,1.5,24,船舶与海洋工程
NAO0016,船舶快速性Ⅰ,必修,2,32,船舶与海洋工程
NAO0017,船体振动,必修,2.25,36,船舶与海洋工程
NAO0018,船舶快速性 Ⅱ,必修,2,32,船舶与海洋工程
NAO0021,船舶营运监测,选修,1.5,24,船舶与海洋工程
NAO0022,学术规范与论文写作,必修,1.0,16,船舶与海洋工程
NAO0023,毕业设计（论文）,必修,7,14w,船舶与海洋工程
NAO0071,工程管理,选修,1.5,24,船舶与海洋工程
NAO0511,材料力学（二）,必修,3.5,56,船舶与海洋工程
NAO0521,船舶结构力学,必修,4,64,船舶与海洋工程
NAO0531,船舶结构与计算机绘图,必修,3,48,船舶与海洋工程
NAO0541,船舶静力学,必修,2,32,船舶与海洋工程
NAO0551,船舶流体力学,必修,2.5,40,船舶与海洋工程
NAO0561,计算方法（二）,必修,2,32,船舶与海洋工程
NAO0571,流体力学（一）,必修,2,32,船舶与海洋工程
NAO0581,有限元基础,必修,2,32,船舶与海洋工程
NAO0591,工程控制基础,选修,2,32,船舶与海洋工程
NAO2011,船舶操纵与摇摆,必修,3,48,船舶与海洋工程
NAO2051,船舶设计原理,必修,2.5,40,船舶与海洋工程
NAO2071,船舶与海洋工程实验技术,必修,1.5,24,船舶与海洋工程
NAO2101,船体强度与结构设计,必修,2.5,40,船舶与海洋工程
NAO2121,海洋平台结构与强度,必修,2,32,船舶与海洋工程
NAO2131,海洋平台设计原理,必修,2,32,船舶与海洋工程
NAO2161,现代造船技术,必修,2,32,船舶与海洋工程
NAO2171,学科导论,必修,2,32,船舶与海洋工程
NAO3521,船舶结构设计,必修,1,2w,船舶与海洋工程
NAO3531,船舶静水力计算,必修,0.5,1w,船舶与海洋工程
NAO3541,船舶推进器设计,必修,0.5,1w,船舶与海洋工程
NAO3551,船舶总布置及型线设计,必修,1.5,3w,船舶与海洋工程
NAO3561,大型集中Ⅰ—船舶结构设计与分析,必修,1.0,2,船舶与海洋工程
NAO3571,大型集中Ⅱ—船舶节能减排设计,必修,2.0,4,船舶与海洋工程
NAO3651,专业实习（一）,必修,1,2w,船舶与海洋工程
NAO3661,专业实习（二）,必修,1,2w,船舶与海洋工程
NAO5021,船舶动力系统,选修,1.5,24,船舶与海洋工程
NAO5081,船舶与海洋工程前沿讲座,选修,1,16,船舶与海洋工程
NAO5121,海洋工程环境,选修,1.5,24,船舶与海洋工程
NAO5161,可靠性原理,选修,1.5,24,船舶与海洋工程
NAO5221,水下作业系统,选修,1.5,24,船舶与海洋工程
NAO5241,水声学基础,选修,1.5,24,船舶与海洋工程
NAO5261,专业英语,选修,2,32,船舶与海洋工程
NCC0001,计算机及程序设计基础（C++),必修,3,48,船舶与海洋工程
PHE0003,大学体育（一）（1-2学期）,必修,1.8,60,船舶与海洋工程
PHE0013,大学体育（二）（3-4学期）,必修,1.8,60,船舶与海洋工程
PHE0023,大学体育（三）（5-6学期）,必修,0.4,24,船舶与海洋工程
PHY0171,大学物理（A）（上）,必修,4,64,船舶与海洋工程
PHY0181,大学物理（A）（下）,必修,4,64,船舶与海洋工程
PHY0191,物理实验（上）,必修,2,32,船舶与海洋工程
PHY0201,物理实验（下）,必修,1.5,24,船舶与海洋工程
SFL0004,综合英语（一）,必修,2.5,40,船舶与海洋工程
SFL0014,综合英语（二）,必修,2.5,40,船舶与海洋工程
AE0611,理论力学（二）,必修,3.5,56,船舶与海洋工程（智慧船海工程启明实验班）
CEM0561,工程力学实验,必修,0.5,16,船舶与海洋工程（智慧船海工程启明实验班）
CHE0532,工程化学,选修,2,32,船舶与海洋工程（智慧船海工程启明实验班）
CHI0001,中国语文,必修,2,32,船舶与海洋工程（智慧船海工程启明实验班）
EEE0741,电工电子学,必修,3.5,56,船舶与海洋工程（智慧船海工程启明实验班）
EIC0008,人工智能概论（B）,必修,2,32,船舶与海洋工程（智慧船海工程启明实验班）
ENG3511,工程训练（一）,必修,2,4w,船舶与海洋工程（智慧船海工程启明实验班）
ENG3521,工程训练（五）,必修,0.5,1w,船舶与海洋工程（智慧船海工程启明实验班）
EPE2021,工程传热学（一）,选修,2,32,船舶与海洋工程（智慧船海工程启明实验班）
MASE5311,工程材料学,选修,2,32,船舶与海洋工程（智慧船海工程启明实验班）
MAT0001,高等数学（A）（上）,选修,5.5,88,船舶与海洋工程（智慧船海工程启明实验班）
MAT0021,微积分（B）（上）,必修,5.5,88,船舶与海洋工程（智慧船海工程启明实验班）
MAT0031,微积分（B）（下）,必修,5.5,88,船舶与海洋工程（智慧船海工程启明实验班）
MAT0121,线性代数（B）,必修,2.5,40,船舶与海洋工程（智慧船海工程启明实验班）
MAT0131,概率论与数理统计（B）,必修,2.5,40,船舶与海洋工程（智慧船海工程启明实验班）
MAT0561,复变函数与积分变换,必修,2.5,40,船舶与海洋工程（智慧船海工程启明实验班）
MAX0013,马克思主义基本原理,必修,2.5,40,船舶与海洋工程（智慧船海工程启明实验班）
MAX0022,思想道德与法治,必修,2.5,40,船舶与海洋工程（智慧船海工程启明实验班）
MAX0033,形势与政策（1-8学期）,必修,2,64,船舶与海洋工程（智慧船海工程启明实验班）
MAX0042,中国近现代史纲要,必修,2.5,40,船舶与海洋工程（智慧船海工程启明实验班）
MAX0064,毛泽东思想和中国特色社会主义理论体系概论,必修,2.5,40,船舶与海洋工程（智慧船海工程启明实验班）
MAX0072,习近平新时代中国特色社会主义思想概论,必修,3,48,船舶与海洋工程（智慧船海工程启明实验班）
MESE0611,机械原理,必修,2,32,船舶与海洋工程（智慧船海工程启明实验班）
MESE0621,机械制造技术基础,选修,2.5,40,船舶与海洋工程（智慧船海工程启明实验班）
MESE0831,机械设计,必修,2,32,船舶与海洋工程（智慧船海工程启明实验班）
MESE0841,工程测试技术,选修,2,32,船舶与海洋工程（智慧船海工程启明实验班）
MESE1111,机械设计理论与方法（一）上,必修,2.5,40,船舶与海洋工程（智慧船海工程启明实验班）
MESE1122,机械设计理论与方法（一）下,必修,1.5,24,船舶与海洋工程（智慧船海工程启明实验班）
MESE5431,纳米技术导论,选修,1.5,24,船舶与海洋工程（智慧船海工程启明实验班）
MESE6391,数字孪生与边缘计算技术,选修,1.5,24,船舶与海洋工程（智慧船海工程启明实验班）
NAO0000,海洋航行器创新实践,选修,1,16,船舶与海洋工程（智慧船海工程启明实验班）
NAO0001,“船”承海洋强国梦想的实践教育,选修,2,32,船舶与海洋工程（智慧船海工程启明实验班）
NAO0003,船联网技术,选修,1.5,24,船舶与海洋工程（智慧船海工程启明实验班）
NAO0012,海洋开发技术,选修,1.5,24,船舶与海洋工程（智慧船海工程启明实验班）
NAO0016,船舶快速性Ⅰ,必修,2,32,船舶与海洋工程（智慧船海工程启明实验班）
NAO0017,船体振动,必修,2.25,36,船舶与海洋工程（智慧船海工程启明实验班）
NAO0018,船舶快速性Ⅱ,必修,2,32,船舶与海洋工程（智慧船海工程启明实验班）
NAO0021,船舶营运监测,选修,1.5,24,船舶与海洋工程（智慧船海工程启明实验班）
NAO0022,学术规范与论文写作,必修,1,16,船舶与海洋工程（智慧船海工程启明实验班）
NAO0023,毕业设计（论文）,必修,7,14w,船舶与海洋工程（智慧船海工程启明实验班）
NAO0071,工程管理,选修,1.5,24,船舶与海洋工程（智慧船海工程启明实验班）
NAO0511,材料力学（二）,必修,3.5,56,船舶与海洋工程（智慧船海工程启明实验班）
NAO0521,船舶结构力学,必修,4,64,船舶与海洋工程（智慧船海工程启明实验班）
NAO0531,船舶结构与计算机绘图,必修,3,48,船舶与海洋工程（智慧船海工程启明实验班）
NAO0541,船舶静力学,必修,2,32,船舶与海洋工程（智慧船海工程启明实验班）
NAO0551,船舶流体力学,必修,2.5,40,船舶与海洋工程（智慧船海工程启明实验班）
NAO0561,计算方法（二）,必修,2,32,船舶与海洋工程（智慧船海工程启明实验班）
NAO0571,流体力学（一）,必修,2,32,船舶与海洋工程（智慧船海工程启明实验班）
NAO0581,有限元基础,必修,2,32,船舶与海洋工程（智慧船海工程启明实验班）
NAO0591,工程控制基础,选修,2,32,船舶与海洋工程（智慧船海工程启明实验班）
NAO2011,船舶操纵与摇摆,必修,3,48,船舶与海洋工程（智慧船海工程启明实验班）
NAO2051,船舶设计原理,必修,2.5,40,船舶与海洋工程（智慧船海工程启明实验班）
NAO2071,船舶与海洋工程实验技术,必修,1.5,24,船舶与海洋工程（智慧船海工程启明实验班）
NAO2101,船体强度与结构设计,必修,2.5,40,船舶与海洋工程（智慧船海工程启明实验班）
NAO2121,海洋平台结构与强度,必修,2,32,船舶与海洋工程（智慧船海工程启明实验班）
NAO2131,海洋平台设计原理,必修,2,32,船舶与海洋工程（智慧船海工程启明实验班）
NAO2161,现代造船技术,必修,2,32,船舶与海洋工程（智慧船海工程启明实验班）
NAO2171,学科导论,必修,2,32,船舶与海洋工程（智慧船海工程启明实验班）
NAO3531,船舶静水力计算,必修,0.5,1w,船舶与海洋工程（智慧船海工程启明实验班）
NAO3561,大型集中Ⅰ—船舶结构设计与分析,必修,1,2w,船舶与海洋工程（智慧船海工程启明实验班）
NAO3571,大型集中Ⅱ—船舶节能减排设计,必修,2,4w,船舶与海洋工程（智慧船海工程启明实验班）
NAO3651,专业实习（一）,必修,1,2w,船舶与海洋工程（智慧船海工程启明实验班）
NAO3661,专业实习（二）,必修,1,2w,船舶与海洋工程（智慧船海工程启明实验班）
NAO5021,船舶动力系统,选修,1.5,24,船舶与海洋工程（智慧船海工程启明实验班）
NAO5081,船舶与海洋工程前沿讲座,选修,1,16,船舶与海洋工程（智慧船海工程启明实验班）
NAO5121,海洋工程环境,选修,1.5,24,船舶与海洋工程（智慧船海工程启明实验班）
NAO5161,可靠性原理,选修,1.5,24,船舶与海洋工程（智慧船海工程启明实验班）
NAO5221,水下作业系统,选修,1.5,24,船舶与海洋工程（智慧船海工程启明实验班）
NAO5241,水声学基础,选修,1.5,24,船舶与海洋工程（智慧船海工程启明实验班）
NAO5261,专业英语,选修,2,32,船舶与海洋工程（智慧船海工程启明实验班）
NCC0001,计算机及程序设计基础（C++),必修,3,48,船舶与海洋工程（智慧船海工程启明实验班）
PHE0003,大学体育（一）（1-2学期）,必修,1.8,60,船舶与海洋工程（智慧船海工程启明实验班）
PHE0013,大学体育（二）（3-4学期）,必修,1.8,60,船舶与海洋工程（智慧船海工程启明实验班）
PHE0023,大学体育（三）（5-6学期）,必修,0.4,24,船舶与海洋工程（智慧船海工程启明实验班）
PHY0171,大学物理（A）（上）,必修,4,64,船舶与海洋工程（智慧船海工程启明实验班）
PHY0181,大学物理（A）（下）,必修,4,64,船舶与海洋工程（智慧船海工程启明实验班）
PHY0191,物理实验（上）,必修,2,32,船舶与海洋工程（智慧船海工程启明实验班）
PHY0201,物理实验（下）,必修,1.5,24,船舶与海洋工程（智慧船海工程启明实验班）
SFL0004,综合英语（一）,必修,2.5,40,船舶与海洋工程（智慧船海工程启明实验班）
SFL0014,综合英语（二）,必修,2.5,40,船舶与海洋工程（智慧船海工程启明实验班）
CHI0001,中国语文,必修,2,32,英语
MAT0051,微积分（D）,必修,4,64,英语
MAT0121,线性代数（B）,选修,2.5,40,英语
MAT0131,概率论与数理统计（B）,选修,2.5,40,英语
MAX0013,马克思主义基本原理,必修,2.5,40,英语
MAX0022,思想道德与法治,必修,2.5,40,英语
MAX0033,形势与政策（1-8学期）,必修,2,64,英语
MAX0042,中国近现代史纲要,必修,2.5,40,英语
MAX0064,毛泽东思想和中国特色社会主义理论体系概论,必修,2.5,40,英语
MAX0072,习近平新时代中国特色社会主义思想概论,必修,3,48,英语
NCC0051,计算机及程序设计基础（Python）,必修,3,48,英语
PHE0003,大学体育（一）（1-2学期）,必修,1.8,60,英语
PHE0013,大学体育（二）（3-4学期）,必修,1.8,60,英语
PHE0023,大学体育（三）（5-6学期）,必修,0.4,24,英语
SFL0006,理解当代中国英语读写,必修,2,32,英语
SFL0007,第二外国语（一）,必修,2.5,40,英语
SFL0008,第二外国语（二）,必修,2.5,40,英语
SFL0030,英语语音训练,必修,2,32,英语
SFL0032,第二外国语（三）,选修,2,32,英语
SFL0034,科技实践,必修,0.5,8,英语
SFL0035,英语写作工作坊（一）,必修,0.5,8,英语
SFL0036,英语阅读工作坊（二）,必修,1,16,英语
SFL0037,英语写作工作坊（二）,必修,0.5,8,英语
SFL0038,英语演讲与辩论工作坊（一）,必修,1,16,英语
SFL0040,英语视听工作坊,必修,2,32,英语
SFL0043,英语演讲与辩论工作坊（二）,必修,1,16,英语
SFL0045,学术英语写作训练,必修,1,16,英语
SFL0331,中外文化比较,选修,2,32,英语
SFL1011,英语演讲与辩论（一）,必修,1,16,英语
SFL1041,英语演讲与辩论（二）,必修,1,16,英语
SFL1052,英语精读（三）,必修,4,64,英语
SFL1061,英语精读（一）,必修,3,48,英语
SFL1091,英语精读（二）,必修,3,48,英语
SFL1361,中国文化概要,必修,2,32,英语
SFL1401,英语文学导论,必修,2,32,英语
SFL1411,英美影视与文化,选修,2,32,英语
SFL1441,翻译简史,选修,2,32,英语
SFL1451,第二语言习得,选修,2,32,英语
SFL1461,心理语言学入门,选修,2,32,英语
SFL1481,英语语法,选修,2,32,英语
SFL1491,英语史,选修,2,32,英语
SFL1591,英汉翻译工作坊,必修,0.5,8,英语
SFL1611,汉英翻译工作坊,必修,0.5,8,英语
SFL2141,汉英翻译,必修,1.5,24,英语
SFL2152,基础口译,必修,2,32,英语
SFL2331,语言学导论,必修,2,32,英语
SFL2341,英汉翻译,必修,1.5,24,英语
SFL2352,新闻英语阅读,必修,2,32,英语
SFL2362,商务英语阅读,必修,2,32,英语
SFL2431,英语国家社会与文化,选修,2,32,英语
SFL2461,翻译概论,选修,2,32,英语
SFL2501,信息技术与语言服务,必修,2,32,英语
SFL2861,高级英语阅读,必修,4,64,英语
SFL2981,外语批判性思维读写,选修,2,32,英语
SFL3051,英语视听（一）,必修,2,32,英语
SFL3061,英语视听（二）,必修,2,32,英语
SFL3071,英语视听（三）,必修,2,32,英语
SFL3081,英语口语,必修,2,32,英语
SFL3091,英语写作（一）,必修,1.5,24,英语
SFL3101,英语写作（二）,必修,1.5,24,英语
SFL3111,英语写作（三）,必修,1.5,24,英语
SFL3121,脑电、核磁、眼动原理与实操,选修,2,32,英语
SFL3131,双语句法语义认知加工实验方法与运用,选修,2,32,英语
SFL3201,语言与心智,选修,3,48,英语
SFL3241,英语阅读工作坊（一）,必修,1,2w,英语
SFL3521,毕业设计（论文）,必修,8,16w,英语
SFL3581,专业实习,必修,2,4w,英语
SFL5011,比较文学,选修,2,32,英语
SFL5021,词汇学,选修,2,32,英语
SFL5271,翻译研究方法,选修,2,32,英语
SFL5291,古希腊罗马神话,选修,2,32,英语
SFL5341,科技翻译,选修,2,32,英语
SFL5371,跨文化交际,必修,2,32,英语
SFL5571,语用学,选修,2,32,英语
SFL5631,同声传译,选修,2,32,英语
SFL5651,实用翻译,选修,2,32,英语
SFL5671,中国文化英译,选修,2,32,英语
SFL5681,视译,选修,2,32,英语
SFL5711,商务口译,选修,2,32,英语
SFL5741,专题口译,选修,2,32,英语
SFL5801,西方文明史,选修,2,32,英语
SFL5811,西方思想经典,选修,2,32,英语
SFL5821,语义学,选修,2,32,英语
SFL5831,语料库语言学,必修,2,32,英语
SFL5841,英语戏剧,选修,2,32,英语
SFL5851,英语诗歌,选修,2,32,英语
SFL5871,计算语言学,选修,2,32,英语
SFL5911,交替传译,选修,2,32,英语
SFL5921,英汉语言对比,选修,2,32,英语
SFL5931,英语散文,选修,2,32,英语
SFL5941,英语小说,选修,2,32,英语
SFL6001,文学翻译,选修,2,32,英语
SFL6021,翻译名篇欣赏,选修,2,32,英语
SOD0000,人工智能概论（C）,必修,2,32,英语
SSE0101,"自然语言处理（5,7学期）",选修,2,32,英语
SSE0161,人工智能导论,选修,1.5,24,英语
SSE5672,机器学习导论,选修,3,48,英语
CHI0001,中国语文,必修,2,32,英语+国际商务
ECN0001,计算机程序及设计基础,必修,3,48,英语+国际商务
ECN0111,WTO与中国对外贸易,必修,2.5,40,英语+国际商务
ECN0571,经济学原理,必修,4,64,英语+国际商务
ECN0591,中级宏观经济学,必修,4,64,英语+国际商务
ECN0601,统计学,必修,3,48,英语+国际商务
ECN0611,中级微观经济学,必修,4,64,英语+国际商务
ECN0671,计量经济学基础,必修,4,64,英语+国际商务
ECN2051,国际金融学,必修,3,48,英语+国际商务
ECN5061,管理学原理,必修,2.5,40,英语+国际商务
ECN5081,国际贸易学,必修,3,48,英语+国际商务
ECN5091,国际投资学,必修,2.5,40,英语+国际商务
ECN5221,国际企业管理学,必修,2.5,40,英语+国际商务
ECN5541,国际市场营销学,必修,2,32,英语+国际商务
MAT0051,微积分（D）,必修,4,64,英语+国际商务
MAT0121,线性代数（B）,必修,2.5,40,英语+国际商务
MAT0131,概率论与数理统计（B）,必修,2.5,40,英语+国际商务
MAX0013,马克思主义基本原理,必修,2.5,40,英语+国际商务
MAX0022,思想道德与法治,必修,2.5,40,英语+国际商务
MAX0033,形势与政策（1-8学期）,必修,2,64,英语+国际商务
MAX0042,中国近现代史纲要,必修,2.5,40,英语+国际商务
MAX0064,毛泽东思想和中国特色社会主义理论体系概论,必修,2.5,40,英语+国际商务
MAX0072,习近平新时代中国特色社会主义思想概论,必修,3,48,英语+国际商务
PHE0003,大学体育（一）（1-2学期）,必修,1.8,60,英语+国际商务
PHE0013,大学体育（二）（3-4学期）,必修,1.8,60,英语+国际商务
PHE0023,大学体育（三）（5-6学期）,必修,0.4,24,英语+国际商务
SFL0006,理解当代中国英语读写,必修,2,32,英语+国际商务
SFL0007,第二外国语（一）,必修,2.5,40,英语+国际商务
SFL0008,第二外国语（二）,必修,2.5,40,英语+国际商务
SFL0030,英语语音训练,必修,2,32,英语+国际商务
SFL0032,第二外国语（三）,选修,2,32,英语+国际商务
SFL0034,科技实践,必修,0.5,8,英语+国际商务
SFL0035,英语写作工作坊（一）,必修,0.5,8,英语+国际商务
SFL0036,英语阅读工作坊（二）,必修,1,16,英语+国际商务
SFL0037,英语写作工作坊（二）,必修,0.5,8,英语+国际商务
SFL0040,英语视听工作坊,必修,2,32,英语+国际商务
SFL0045,学术英语写作训练,必修,1,16,英语+国际商务
SFL0331,中外文化比较,选修,2,32,英语+国际商务
SFL1011,英语演讲与辩论（一）,必修,1,16,英语+国际商务
SFL1041,英语演讲与辩论（二）,必修,1,16,英语+国际商务
SFL1052,英语精读（三）,必修,4,64,英语+国际商务
SFL1061,英语精读（一）,必修,3,48,英语+国际商务
SFL1091,英语精读（二）,必修,3,48,英语+国际商务
SFL1361,中国文化概要,必修,2,32,英语+国际商务
SFL1401,英语文学导论,必修,2,32,英语+国际商务
SFL1411,英美影视与文化,选修,2,32,英语+国际商务
SFL1441,翻译简史,选修,2,32,英语+国际商务
SFL1451,第二语言习得,选修,2,32,英语+国际商务
SFL1461,心理语言学入门,选修,2,32,英语+国际商务
SFL1481,英语语法,选修,2,32,英语+国际商务
SFL1491,英语史,选修,2,32,英语+国际商务
SFL1591,英汉翻译工作坊,必修,0.5,8,英语+国际商务
SFL1611,汉英翻译工作坊,必修,0.5,8,英语+国际商务
SFL2141,汉英翻译,必修,1.5,24,英语+国际商务
SFL2152,基础口译,必修,2,32,英语+国际商务
SFL2331,语言学导论,必修,2,32,英语+国际商务
SFL2341,英汉翻译,必修,1.5,24,英语+国际商务
SFL2352,新闻英语阅读,选修,2,32,英语+国际商务
SFL2362,商务英语阅读,选修,2,32,英语+国际商务
SFL2431,英语国家社会与文化,选修,2,32,英语+国际商务
SFL2461,翻译概论,选修,2,32,英语+国际商务
SFL2501,信息技术与语言服务,必修,2,32,英语+国际商务
SFL2861,高级英语阅读,必修,4,64,英语+国际商务
SFL2981,外语批判性思维读写,选修,2,32,英语+国际商务
SFL3051,英语视听（一）,必修,2,32,英语+国际商务
SFL3061,英语视听（二）,必修,2,32,英语+国际商务
SFL3071,英语视听（三）,必修,2,32,英语+国际商务
SFL3081,英语口语,必修,2,32,英语+国际商务
SFL3091,英语写作（一）,必修,1.5,24,英语+国际商务
SFL3101,英语写作（二）,必修,1.5,24,英语+国际商务
SFL3111,英语写作（三）,必修,1.5,24,英语+国际商务
SFL3131,双语句法语义认知加工实验方法与运用,选修,2,32,英语+国际商务
SFL3201,语言与心智,选修,3,48,英语+国际商务
SFL3221,英语演讲与辩论工作坊（一）,必修,1,2w,英语+国际商务
SFL3231,英语演讲与辩论工作坊（二）,必修,1,2w,英语+国际商务
SFL3241,英语阅读工作坊（一）,必修,1,2w,英语+国际商务
SFL3471,语料库与数据挖掘,选修,3,48,英语+国际商务
SFL3521,毕业设计（论文）,必修,8,16w,英语+国际商务
SFL3581,专业实习,必修,2,4w,英语+国际商务
SFL5011,比较文学,选修,2,32,英语+国际商务
SFL5021,词汇学,选修,2,32,英语+国际商务
SFL5271,翻译研究方法,选修,2,32,英语+国际商务
SFL5291,古希腊罗马神话,选修,2,32,英语+国际商务
SFL5341,科技翻译,选修,2,32,英语+国际商务
SFL5371,跨文化交际,选修,2,32,英语+国际商务
SFL5571,语用学,必修,2,32,英语+国际商务
SFL5631,同声传译,选修,2,32,英语+国际商务
SFL5651,实用翻译,选修,2,32,英语+国际商务
SFL5671,中国文化英译,选修,2,32,英语+国际商务
SFL5681,视译,选修,2,32,英语+国际商务
SFL5711,商务口译,选修,2,32,英语+国际商务
SFL5741,专题口译,选修,2,32,英语+国际商务
SFL5801,西方文明史,选修,2,32,英语+国际商务
SFL5811,西方思想经典,选修,2,32,英语+国际商务
SFL5821,语义学,选修,2,32,英语+国际商务
SFL5831,语料库语言学,必修,2,32,英语+国际商务
SFL5841,英语戏剧,必修,2,32,英语+国际商务
SFL5851,英语诗歌,选修,2,32,英语+国际商务
SFL5871,计算语言学,选修,2,32,英语+国际商务
SFL5911,交替传译,选修,2,32,英语+国际商务
SFL5921,英汉语言对比,必修,2,32,英语+国际商务
SFL5931,英语散文,选修,2,32,英语+国际商务
SFL5941,英语小说,选修,2,32,英语+国际商务
SFL6001,文学翻译,选修,2,32,英语+国际商务
SFL6021,翻译名篇欣赏,选修,2,32,英语+国际商务
SOD0000,人工智能概论（C）,必修,2,32,英语+国际商务
SSE0101,自然语言处理,选修,2,32,英语+国际商务
SSE0161,人工智能导论,选修,1.5,24,英语+国际商务
SSE5672,机器学习导论,选修,3,48,英语+国际商务
BMS0516,系统解剖学,必修,2.5,40,药学
BMS0564,组织学与胚胎学,必修,1,24,药学
BMS0745,生理学,必修,3.5,56,药学
BMS0804,医学免疫学,必修,1.5,32,药学
CHI0001,中国语文,必修,2,32,药学
CLS0231,临床医学概论,必修,3,48,药学
EIC0008,人工智能概论（B）,必修,2,32,药学
GEC1751,医药商品质量管理,选修,2,32,药学
GEC1991,体内药物分析,选修,1,16,药学
GEC2021,新药设计,选修,1,16,药学
GEC2041,药用辅料,选修,1,16,药学
GEC2501,医药市场管理,选修,2,32,药学
GEC2791,色谱仪器的使用及性能评价,选修,2,32,药学
GEC2801,有机合成化学与路线设计,选修,2,32,药学
GEC3311,分子模拟与计算药物设计基础,选修,1,16,药学
GEC3441,临床药动学,选修,2,32,药学
GEC3451,药品质量控制,选修,2,32,药学
GEC3461,天然药物化学研究方法,选修,2,32,药学
GEC3471,生物偶联技术,选修,2,32,药学
GEC3751,天然药物资源学,选修,2,32,药学
GEC3851,药物合成,选修,2,32,药学
GEC4851,微流控芯片与医学检验,选修,1,16,药学
MAT0051,微积分（D）,必修,4,64,药学
MAX0013,马克思主义基本原理,必修,2.5,40,药学
MAX0022,思想道德与法治,必修,2.5,40,药学
MAX0033,形势与政策（1-8学期）,必修,2,64,药学
MAX0042,中国近现代史纲要,必修,2.5,40,药学
MAX0064,毛泽东思想和中国特色社会主义理论体系概论,必修,2.5,40,药学
MAX0072,习近平新时代中国特色社会主义思想概论,必修,3,48,药学
NCC0051,计算机及程序设计基础（Python）,必修,3,48,药学
PHA0131,医学微生物学,必修,1,16,药学
PHA0141,药学信息检索与论文写作,必修,1,16,药学
PHA0151,药学实验安全与创新实验设计（1-5学期）,必修,2,64,药学
PHA0161,药物研究综合实验（5-7学期）,必修,3,96,药学
PHA0191,药学生物化学与分子生物学实验,必修,1.5,48,药学
PHA0211,医药伦理学,必修,1.5,24,药学
PHA0511,波谱解析,必修,3,48,药学
PHA0524,分析化学,必修,4.5,72,药学
PHA0562,无机化学,必修,2,32,药学
PHA0573,物理化学,必修,4,64,药学
PHA0582,药学导论,必修,1,16,药学
PHA0593,药用植物学,必修,2,32,药学
PHA0611,有机化学（一）,必修,2.5,40,药学
PHA0625,有机化学（二）,必修,2.5,40,药学
PHA0651,分析化学实验,必修,2,64,药学
PHA0662,生物化学,必修,3,48,药学
PHA0681,物理化学实验,必修,1.5,48,药学
PHA0691,药学分子生物学,必修,3,48,药学
PHA0711,药用植物学实验,必修,0.5,16,药学
PHA0722,医学统计学,必修,2.5,40,药学
PHA0731,有机化学（二）实验,必修,2,64,药学
PHA2115,生药学,必修,3,48,药学
PHA2124,天然药物化学,必修,3,48,药学
PHA2141,药剂学,必修,3,48,药学
PHA2154,药理学,必修,3.5,56,药学
PHA2171,药事管理学,必修,2,32,药学
PHA2192,药物分析学,必修,3,48,药学
PHA2204,药物化学,必修,4,64,药学
PHA2301,生物药剂学与药物动力学,必修,2.5,40,药学
PHA2311,生物药剂学与药物动力学实验,必修,0.5,16,药学
PHA2361,生药学实验,必修,1,32,药学
PHA2371,天然药物化学实验,必修,1.5,48,药学
PHA2381,药剂学实验,必修,2,64,药学
PHA2391,药理学实验,必修,1,32,药学
PHA2401,药物分析学实验,必修,1.5,48,药学
PHA2413,药物化学实验,必修,1.5,48,药学
PHA3511,毕业实习（7-8学期）,必修,12,24w,药学
PHA3531,野外实习,必修,1,2w,药学
PHA3542,综合实习,必修,1,2w,药学
PHE0003,大学体育（一）（1-2学期）,必修,1.8,60,药学
PHE0013,大学体育（二）（3-4学期）,必修,1.8,60,药学
PHE0023,大学体育（三）（5-6学期）,必修,0.4,24,药学
PHY0211,大学物理（B）,必修,4,64,药学
PHY0561,物理实验（二）,必修,0.75,24,药学
SFL0004,综合英语（一）,必修,2.5,40,药学
SFL0014,综合英语（二）,必修,2.5,40,药学
CHI0001,中国语文,必修,2,32,药学（中外合作办学）
EIC0008,人工智能概论（B）,必修,2,32,药学（中外合作办学）
MAT0051,微积分（D）,必修,4,64,药学（中外合作办学）
MAX0013,马克思主义基本原理,必修,2.5,40,药学（中外合作办学）
MAX0022,思想道德与法治,必修,2.5,40,药学（中外合作办学）
MAX0033,形势与政策（1-8学期）,必修,2,64,药学（中外合作办学）
MAX0042,中国近现代史纲要,必修,2.5,40,药学（中外合作办学）
MAX0064,毛泽东思想和中国特色社会主义理论体系概论,必修,2.5,40,药学（中外合作办学）
MAX0072,习近平新时代中国特色社会主义思想概论,必修,3,48,药学（中外合作办学）
PHA0006,大学新生导航与生物科学英语,必修,2.5,40,药学（中外合作办学）
PHA0009,批判性思维,必修,1,16,药学（中外合作办学）
PHA0010,生物医学研究导论,必修,2.5,40,药学（中外合作办学）
PHA0012,物理化学（一）,必修,4.5,72,药学（中外合作办学）
PHA0013,物理化学（二）,必修,1.5,24,药学（中外合作办学）
PHA0014,药物化学（一）,必修,5,80,药学（中外合作办学）
PHA0015,药物分析（一）,必修,4.5,72,药学（中外合作办学）
PHA0016,生命科学基础,必修,4,64,药学（中外合作办学）
PHA0017,细胞生物化学与生物学,必修,4,64,药学（中外合作办学）
PHA0018,心血管和呼吸科学,必修,3.5,56,药学（中外合作办学）
PHA0019,消化与肾脏科学,必修,3,48,药学（中外合作办学）
PHA0020,神经科学基础,必修,3,48,药学（中外合作办学）
PHA0022,药理学基础,必修,2,32,药学（中外合作办学）
PHA0023,学生选择科学项目,必修,2.5,40,药学（中外合作办学）
PHA0024,高级学术技能（一）,必修,2,32,药学（中外合作办学）
PHA0025,高级学术技能（二）,必修,2,32,药学（中外合作办学）
PHA0026,全球性挑战,必修,1,16,药学（中外合作办学）
PHA0027,药物化学（二）,必修,5,80,药学（中外合作办学）
PHA0028,药物分析（二）,必修,3,48,药学（中外合作办学）
PHA0029,社会与管理药学,必修,2.5,40,药学（中外合作办学）
PHA0030,药物设计,必修,3,48,药学（中外合作办学）
PHA0032,中医药,必修,3,48,药学（中外合作办学）
PHA0033,药学高级实验,必修,6,96,药学（中外合作办学）
PHA0034,神经科学，内分泌和生殖,必修,4.5,72,药学（中外合作办学）
PHA0035,癌症和分层医学,必修,3,48,药学（中外合作办学）
PHA0036,干细胞和遗传,必修,4,64,药学（中外合作办学）
PHA0037,心肺生理学和药理学,必修,3.5,56,药学（中外合作办学）
PHA0038,免疫和感染,必修,4.5,72,药学（中外合作办学）
PHA0045,实验数据解读,必修,2,32,药学（中外合作办学）
PHA0053,生物药剂学与药物动力学#,必修,3,48,药学（中外合作办学）
PHA0054,生物技术制药#,必修,2,32,药学（中外合作办学）
PHA0055,天然药物化学#,必修,3,48,药学（中外合作办学）
PHA0056,药剂学#,必修,4,64,药学（中外合作办学）
PHA0057,分子药理学,必修,6,96,药学（中外合作办学）
PHA0058,毕业设计（7-8学期）,必修,12,24w,药学（中外合作办学）
PHA0059,学生全球化就业辅导（7-8学期）,必修,1,16,药学（中外合作办学）
PHA0582,药学导论,必修,1,16,药学（中外合作办学）
PHA3531,野外实习,必修,1,2w,药学（中外合作办学）
PHE0003,大学体育（一）（1-2学期）,必修,1.8,60,药学（中外合作办学）
PHE0013,大学体育（二）（3-4学期）,必修,1.8,60,药学（中外合作办学）
PHE0023,大学体育（三）（5-6学期）,必修,0.4,24,药学（中外合作办学）
SFL0004,综合英语（一）,必修,2.5,40,药学（中外合作办学）
SFL0014,综合英语（二）,必修,2.5,40,药学（中外合作办学）
AUT2241,人工智能导论,必修,2,32,药学（智慧管理药学方向）
BMS0516,系统解剖学,必修,2.5,40,药学（智慧管理药学方向）
BMS0745,生理学,必修,3.5,56,药学（智慧管理药学方向）
BMS0804,医学免疫学,必修,1.5,32,药学（智慧管理药学方向）
CHI0001,中国语文,必修,2,32,药学（智慧管理药学方向）
CLS0231,临床医学概论,必修,3,48,药学（智慧管理药学方向）
EIC0008,人工智能概论（B）,必修,2,32,药学（智慧管理药学方向）
GEC1751,医药商品质量管理,选修,2,32,药学（智慧管理药学方向）
GEC1991,体内药物分析,选修,1,16,药学（智慧管理药学方向）
GEC2021,新药设计,选修,1,16,药学（智慧管理药学方向）
GEC2041,药用辅料,选修,1,16,药学（智慧管理药学方向）
GEC2501,医药市场管理,选修,2,32,药学（智慧管理药学方向）
GEC2791,色谱仪器的使用及性能评价,选修,2,32,药学（智慧管理药学方向）
GEC2801,有机合成化学与路线设计,选修,2,32,药学（智慧管理药学方向）
GEC3311,分子模拟与计算药物设计基础,选修,1,16,药学（智慧管理药学方向）
GEC3441,临床药动学,选修,2,32,药学（智慧管理药学方向）
GEC3451,药品质量控制,选修,2,32,药学（智慧管理药学方向）
GEC3461,天然药物化学研究方法,选修,2,32,药学（智慧管理药学方向）
GEC3471,生物偶联技术,选修,2,32,药学（智慧管理药学方向）
GEC3751,天然药物资源学,选修,2,32,药学（智慧管理药学方向）
GEC3851,药物合成,选修,2,32,药学（智慧管理药学方向）
GEC4851,微流控芯片与医学检验,选修,1,16,药学（智慧管理药学方向）
MAT0051,微积分（D）,必修,4,64,药学（智慧管理药学方向）
MAT0131,概率论与数理统计（B）,必修,2.5,40,药学（智慧管理药学方向）
MAX0013,马克思主义基本原理,必修,2.5,40,药学（智慧管理药学方向）
MAX0022,思想道德与法治,必修,2.5,40,药学（智慧管理药学方向）
MAX0033,形势与政策（1-8学期）,必修,2,64,药学（智慧管理药学方向）
MAX0042,中国近现代史纲要,必修,2.5,40,药学（智慧管理药学方向）
MAX0064,毛泽东思想和中国特色社会主义理论体系概论,必修,2.5,40,药学（智慧管理药学方向）
MAX0072,习近平新时代中国特色社会主义思想概论,必修,3,48,药学（智慧管理药学方向）
MHM0121,数据库设计,必修,3.5,56,药学（智慧管理药学方向）
MHM0541,管理信息系统,必修,2,40,药学（智慧管理药学方向）
NCC0051,计算机及程序设计基础（Python）,必修,3,48,药学（智慧管理药学方向）
PHA0000,智慧管理药学实践,必修,6,12w,药学（智慧管理药学方向）
PHA0002,经济学原理在医药市场中的应用,必修,2,32,药学（智慧管理药学方向）
PHA0003,线性代数（A）,必修,3,48,药学（智慧管理药学方向）
PHA0004,人工智能药物研发,必修,2,32,药学（智慧管理药学方向）
PHA0005,药学服务与管理,必修,3.5,56,药学（智慧管理药学方向）
PHA0047,医药商品学（含GSP）,必修,2,32,药学（智慧管理药学方向）
PHA0048,生物信息学,必修,1.5,24,药学（智慧管理药学方向）
PHA0049,计量经济学,必修,2,32,药学（智慧管理药学方向）
PHA0050,药物流行病学,必修,2,32,药学（智慧管理药学方向）
PHA0052,机器学习,必修,1.5,24,药学（智慧管理药学方向）
PHA0211,医药伦理学,必修,1.5,24,药学（智慧管理药学方向）
PHA0231,药物经济学,必修,2,32,药学（智慧管理药学方向）
PHA0241,药物警戒,必修,2,32,药学（智慧管理药学方向）
PHA0251,药物政策评价与分析,必修,2,32,药学（智慧管理药学方向）
PHA0261,大数据分析,必修,4,64,药学（智慧管理药学方向）
PHA0562,无机化学,必修,2,32,药学（智慧管理药学方向）
PHA0582,药学导论,必修,1,16,药学（智慧管理药学方向）
PHA0593,药用植物学,必修,2,32,药学（智慧管理药学方向）
PHA0611,有机化学（一）,必修,2.5,40,药学（智慧管理药学方向）
PHA0662,生物化学,必修,3,48,药学（智慧管理药学方向）
PHA0691,药学分子生物学,必修,3,48,药学（智慧管理药学方向）
PHA0701,药学实验安全教育（1-3学期）,必修,1,16,药学（智慧管理药学方向）
PHA0723,医学统计学,必修,4.5,72,药学（智慧管理药学方向）
PHA2115,生药学,必修,3,48,药学（智慧管理药学方向）
PHA2124,天然药物化学,必修,3,48,药学（智慧管理药学方向）
PHA2141,药剂学,必修,3,48,药学（智慧管理药学方向）
PHA2154,药理学,必修,3.5,56,药学（智慧管理药学方向）
PHA2171,药事管理学,必修,2,32,药学（智慧管理药学方向）
PHA2192,药物分析学,必修,3,48,药学（智慧管理药学方向）
PHA2241,医药市场营销,必修,2,32,药学（智慧管理药学方向）
PHA2291,管理学原理,必修,2,32,药学（智慧管理药学方向）
PHA3511,毕业实习（7-8学期）,必修,12,24w,药学（智慧管理药学方向）
PHA3531,野外实习,必修,1,2w,药学（智慧管理药学方向）
PHA3542,综合实习,必修,1,2w,药学（智慧管理药学方向）
PHE0003,大学体育（一）（1-2学期）,必修,1.8,60,药学（智慧管理药学方向）
PHE0013,大学体育（二）（3-4学期）,必修,1.8,60,药学（智慧管理药学方向）
PHE0023,大学体育（三）（5-6学期）,必修,0.4,24,药学（智慧管理药学方向）
SFL0004,综合英语（一）,必修,2.5,40,药学（智慧管理药学方向）
SFL0014,综合英语（二）,必修,2.5,40,药学（智慧管理药学方向）
BMS0516,系统解剖学,必修,2.5,40,药学（生物药学基地）
BMS0564,组织学与胚胎学,必修,1,24,药学（生物药学基地）
BMS0745,生理学,必修,3.5,56,药学（生物药学基地）
BMS0804,医学免疫学,必修,1.5,32,药学（生物药学基地）
CHI0001,中国语文,必修,2,32,药学（生物药学基地）
CLS0231,临床医学概论,必修,3,48,药学（生物药学基地）
EIC0008,人工智能概论（B）,必修,2,32,药学（生物药学基地）
GEC1751,医药商品质量管理,选修,2,32,药学（生物药学基地）
GEC1991,体内药物分析,选修,1,16,药学（生物药学基地）
GEC2021,新药设计,选修,1,16,药学（生物药学基地）
GEC2041,药用辅料,选修,1,16,药学（生物药学基地）
GEC2501,医药市场管理,选修,2,32,药学（生物药学基地）
GEC2791,色谱仪器的使用及性能评价,选修,2,32,药学（生物药学基地）
GEC2801,有机合成化学与路线设计,选修,2,32,药学（生物药学基地）
GEC3311,分子模拟与计算药物设计基础,选修,1,16,药学（生物药学基地）
GEC3441,临床药动学,选修,2,32,药学（生物药学基地）
GEC3451,药品质量控制,选修,2,32,药学（生物药学基地）
GEC3461,天然药物化学研究方法,选修,2,32,药学（生物药学基地）
GEC3471,生物偶联技术,选修,2,32,药学（生物药学基地）
GEC3751,天然药物资源学,选修,2,32,药学（生物药学基地）
GEC3851,药物合成,选修,2,32,药学（生物药学基地）
GEC4851,微流控芯片与医学检验,选修,1,16,药学（生物药学基地）
MAT0051,微积分（D）,必修,4,64,药学（生物药学基地）
MAX0013,马克思主义基本原理,必修,2.5,40,药学（生物药学基地）
MAX0022,思想道德与法治,必修,2.5,40,药学（生物药学基地）
MAX0033,形势与政策（1-8学期）,必修,2,64,药学（生物药学基地）
MAX0042,中国近现代史纲要,必修,2.5,40,药学（生物药学基地）
MAX0064,毛泽东思想和中国特色社会主义理论体系概论,必修,2.5,40,药学（生物药学基地）
MAX0072,习近平新时代中国特色社会主义思想概论,必修,3,48,药学（生物药学基地）
NCC0051,计算机及程序设计基础（Python）,必修,3,48,药学（生物药学基地）
PHA0131,医学微生物学,必修,1,16,药学（生物药学基地）
PHA0141,药学信息检索与论文写作,必修,1,16,药学（生物药学基地）
PHA0151,药学实验安全与创新实验设计（1-5学期）,必修,2,64,药学（生物药学基地）
PHA0171,细胞生物学,必修,2,32,药学（生物药学基地）
PHA0181,生物药物前沿,必修,1.5,24,药学（生物药学基地）
PHA0191,药学生物化学与分子生物学实验,必修,1.5,48,药学（生物药学基地）
PHA0211,医药伦理学,必修,1.5,24,药学（生物药学基地）
PHA0524,分析化学,必修,4.5,72,药学（生物药学基地）
PHA0562,无机化学,必修,2,32,药学（生物药学基地）
PHA0573,物理化学,必修,4,64,药学（生物药学基地）
PHA0582,药学导论,必修,1,16,药学（生物药学基地）
PHA0593,药用植物学,必修,2,32,药学（生物药学基地）
PHA0611,有机化学（一）,必修,2.5,40,药学（生物药学基地）
PHA0625,有机化学（二）,必修,2.5,40,药学（生物药学基地）
PHA0651,分析化学实验,必修,2,64,药学（生物药学基地）
PHA0662,生物化学,必修,3,48,药学（生物药学基地）
PHA0681,物理化学实验,必修,1.5,48,药学（生物药学基地）
PHA0691,药学分子生物学,必修,3,48,药学（生物药学基地）
PHA0711,药用植物学实验,必修,0.5,16,药学（生物药学基地）
PHA0722,医学统计学,必修,2.5,40,药学（生物药学基地）
PHA0731,有机化学（二）实验,必修,2,64,药学（生物药学基地）
PHA2073,生物技术制药,必修,3,48,药学（生物药学基地）
PHA2092,生物药物分析学,必修,3.5,56,药学（生物药学基地）
PHA2102,生物药物制剂学,必修,3,48,药学（生物药学基地）
PHA2154,药理学,必修,3.5,56,药学（生物药学基地）
PHA2171,药事管理学,必修,2,32,药学（生物药学基地）
PHA2206,药物化学,必修,3.5,56,药学（生物药学基地）
PHA2271,分子生药学,必修,2.5,40,药学（生物药学基地）
PHA2281,分子生药学实验,必修,1,32,药学（生物药学基地）
PHA2301,生物药剂学与药物动力学,必修,2.5,40,药学（生物药学基地）
PHA2311,生物药剂学与药物动力学实验,必修,0.5,16,药学（生物药学基地）
PHA2321,生物药物分析学实验,必修,1.5,48,药学（生物药学基地）
PHA2341,生物药物制剂学实验,必修,2,64,药学（生物药学基地）
PHA2352,生物制药工艺学,必修,2.5,40,药学（生物药学基地）
PHA2391,药理学实验,必修,1,32,药学（生物药学基地）
PHA2411,药物化学实验,必修,1,32,药学（生物药学基地）
PHA2441,生物药学综合实验 (II),必修,1.5,48,药学（生物药学基地）
PHA2451,生物药学综合实验 (I),必修,1.5,48,药学（生物药学基地）
PHA3511,毕业实习（7-8学期）,必修,12,24w,药学（生物药学基地）
PHA3531,野外实习,必修,1,2w,药学（生物药学基地）
PHA3542,综合实习,必修,1,2w,药学（生物药学基地）
PHE0003,大学体育（一）（1-2学期）,必修,1.8,60,药学（生物药学基地）
PHE0013,大学体育（二）（3-4学期）,必修,1.8,60,药学（生物药学基地）
PHE0023,大学体育（三）（5-6学期）,必修,0.4,24,药学（生物药学基地）
PHY0211,大学物理（B）,必修,4,64,药学（生物药学基地）
PHY0561,物理实验（二）,必修,0.75,24,药学（生物药学基地）
SFL0004,综合英语（一）,必修,2.5,40,药学（生物药学基地）
SFL0014,综合英语（二）,必修,2.5,40,药学（生物药学基地）
BMS0191,临床药理学,必修,3,48,药学（留学生班）
BMS0515,系统解剖学,必修,8,128,药学（留学生班）
BMS0744,生理学,必修,7,112,药学（留学生班）
BMS0806,医学免疫学,必修,2,36,药学（留学生班）
BMS0953,病原生物学（一）,必修,1.5,24,药学（留学生班）
BMS0961,病原生物学（二）,必修,3.5,72,药学（留学生班）
PHA0121,微积分,必修,4,64,药学（留学生班）
PHA0522,分析化学,必修,8.5,136,药学（留学生班）
PHA0551,生物化学与分子生物学,必修,7.5,120,药学（留学生班）
PHA0561,无机化学,必修,6.5,104,药学（留学生班）
PHA0572,物理化学,必修,6,96,药学（留学生班）
PHA0581,药学导论,必修,2,32,药学（留学生班）
PHA0591,药用植物学,必修,4,64,药学（留学生班）
PHA0612,有机化学（一）,必修,3.5,56,药学（留学生班）
PHA0622,有机化学（二）,必修,7.5,120,药学（留学生班）
PHA0631,中医药学概论,必修,2,32,药学（留学生班）
PHA2061,临床药物治疗学,必修,3,48,药学（留学生班）
PHA2071,生物技术制药,必修,6,96,药学（留学生班）
PHA2082,生物药剂学与药代动力学,必修,6,96,药学（留学生班）
PHA2112,生药学,必修,6.5,104,药学（留学生班）
PHA2121,天然药物化学,必修,7,112,药学（留学生班）
PHA2132,新药研究与开发,必修,6,96,药学（留学生班）
PHA2143,药剂学,必修,8.5,136,药学（留学生班）
PHA2151,药理学,必修,6,96,药学（留学生班）
PHA2171,药事管理学,必修,2,32,药学（留学生班）
PHA2181,药物分析,必修,7,112,药学（留学生班）
PHA2202,药物化学,必修,6.5,104,药学（留学生班）
PHA2211,药物流行病学,必修,1,16,药学（留学生班）
PHA2241,医药市场营销,必修,2,32,药学（留学生班）
PHA2251,医院药房管理,必修,2,32,药学（留学生班）
PHA3511,毕业实习（7-8学期）,必修,12,24w,药学（留学生班）
PHA3541,综合实习,必修,0.5,1w,药学（留学生班）
PUH2081,卫生统计学,必修,4.5,72,药学（留学生班）
SIE0001,国际学生新生导入课,必修,1,16,药学（留学生班）
SIE0011,中国概况,必修,2,32,药学（留学生班）
SIE0031,汉语（一）,必修,4,64,药学（留学生班）
SIE0041,汉语（二）,必修,4,64,药学（留学生班）
BMS0516,系统解剖学,必修,2.5,40,药学（药学科学家启明实验班）
BMS0564,组织学与胚胎学,必修,1,24,药学（药学科学家启明实验班）
BMS0745,生理学,必修,3.5,56,药学（药学科学家启明实验班）
BMS0804,医学免疫学,必修,1.5,32,药学（药学科学家启明实验班）
CHI0001,中国语文,必修,2,32,药学（药学科学家启明实验班）
CLS0231,临床医学概论,必修,3,48,药学（药学科学家启明实验班）
EIC0008,人工智能概论（B）,必修,2,32,药学（药学科学家启明实验班）
GEC1751,医药商品质量管理,选修,2,32,药学（药学科学家启明实验班）
GEC1991,体内药物分析,选修,1,16,药学（药学科学家启明实验班）
GEC2021,新药设计,选修,1,16,药学（药学科学家启明实验班）
GEC2041,药用辅料,选修,1,16,药学（药学科学家启明实验班）
GEC2501,医药市场管理,选修,2,32,药学（药学科学家启明实验班）
GEC2791,色谱仪器的使用及性能评价,选修,2,32,药学（药学科学家启明实验班）
GEC2801,有机合成化学与路线设计,选修,2,32,药学（药学科学家启明实验班）
GEC3311,分子模拟与计算药物设计基础,选修,1,16,药学（药学科学家启明实验班）
GEC3441,临床药动学,选修,2,32,药学（药学科学家启明实验班）
GEC3451,药品质量控制,选修,2,32,药学（药学科学家启明实验班）
GEC3461,天然药物化学研究方法,选修,2,32,药学（药学科学家启明实验班）
GEC3471,生物偶联技术,选修,2,32,药学（药学科学家启明实验班）
GEC3751,天然药物资源学,选修,2,32,药学（药学科学家启明实验班）
GEC3851,药物合成,选修,2,32,药学（药学科学家启明实验班）
GEC4851,微流控芯片与医学检验,选修,1,16,药学（药学科学家启明实验班）
MAT0051,微积分（D）,必修,4,64,药学（药学科学家启明实验班）
MAX0013,马克思主义基本原理,必修,2.5,40,药学（药学科学家启明实验班）
MAX0022,思想道德与法治,必修,2.5,40,药学（药学科学家启明实验班）
MAX0033,形势与政策（1-8学期）,必修,2,64,药学（药学科学家启明实验班）
MAX0042,中国近现代史纲要,必修,2.5,40,药学（药学科学家启明实验班）
MAX0064,毛泽东思想和中国特色社会主义理论体系概论,必修,2.5,40,药学（药学科学家启明实验班）
MAX0072,习近平新时代中国特色社会主义思想概论,必修,3,48,药学（药学科学家启明实验班）
NCC0051,计算机及程序设计基础（Python）,必修,3,48,药学（药学科学家启明实验班）
PHA0131,医学微生物学,必修,1,16,药学（药学科学家启明实验班）
PHA0141,药学信息检索与论文写作,必修,1,16,药学（药学科学家启明实验班）
PHA0151,药学实验安全与创新实验设计（1-5学期）,必修,2,64,药学（药学科学家启明实验班）
PHA0191,药学生物化学与分子生物学实验,必修,1.5,48,药学（药学科学家启明实验班）
PHA0211,医药伦理学,必修,1.5,24,药学（药学科学家启明实验班）
PHA0511,波谱解析,必修,3,48,药学（药学科学家启明实验班）
PHA0524,分析化学,必修,4.5,72,药学（药学科学家启明实验班）
PHA0562,无机化学,必修,2,32,药学（药学科学家启明实验班）
PHA0573,物理化学,必修,4,64,药学（药学科学家启明实验班）
PHA0582,药学导论,必修,1,16,药学（药学科学家启明实验班）
PHA0593,药用植物学,必修,2,32,药学（药学科学家启明实验班）
PHA0611,有机化学（一）,必修,2.5,40,药学（药学科学家启明实验班）
PHA0625,有机化学（二）,必修,2.5,40,药学（药学科学家启明实验班）
PHA0651,分析化学实验,必修,2,64,药学（药学科学家启明实验班）
PHA0662,生物化学,必修,3,48,药学（药学科学家启明实验班）
PHA0681,物理化学实验,必修,1.5,48,药学（药学科学家启明实验班）
PHA0691,药学分子生物学,必修,3,48,药学（药学科学家启明实验班）
PHA0711,药用植物学实验,必修,0.5,16,药学（药学科学家启明实验班）
PHA0722,医学统计学,必修,2.5,40,药学（药学科学家启明实验班）
PHA0731,有机化学（二）实验,必修,2,64,药学（药学科学家启明实验班）
PHA2074,生物技术制药,必修,2,32,药学（药学科学家启明实验班）
PHA2115,生药学,必修,3,48,药学（药学科学家启明实验班）
PHA2124,天然药物化学,必修,3,48,药学（药学科学家启明实验班）
PHA2141,药剂学,必修,3,48,药学（药学科学家启明实验班）
PHA2154,药理学,必修,3.5,56,药学（药学科学家启明实验班）
PHA2171,药事管理学,必修,2,32,药学（药学科学家启明实验班）
PHA2192,药物分析学,必修,3,48,药学（药学科学家启明实验班）
PHA2204,药物化学,必修,4,64,药学（药学科学家启明实验班）
PHA2301,生物药剂学与药物动力学,必修,2.5,40,药学（药学科学家启明实验班）
PHA2311,生物药剂学与药物动力学实验,必修,0.5,16,药学（药学科学家启明实验班）
PHA2361,生药学实验,必修,1,32,药学（药学科学家启明实验班）
PHA2371,天然药物化学实验,必修,1.5,48,药学（药学科学家启明实验班）
PHA2381,药剂学实验,必修,2,64,药学（药学科学家启明实验班）
PHA2391,药理学实验,必修,1,32,药学（药学科学家启明实验班）
PHA2401,药物分析学实验,必修,1.5,48,药学（药学科学家启明实验班）
PHA2413,药物化学实验,必修,1.5,48,药学（药学科学家启明实验班）
PHA3511,毕业实习（7-8学期）,必修,12,24w,药学（药学科学家启明实验班）
PHA3522,药学高级实训,必修,4,8w,药学（药学科学家启明实验班）
PHA3531,野外实习,必修,1,2w,药学（药学科学家启明实验班）
PHA3542,综合实习,必修,1,2w,药学（药学科学家启明实验班）
PHE0003,大学体育（一）（1-2学期）,必修,1.8,60,药学（药学科学家启明实验班）
PHE0013,大学体育（二）（3-4学期）,必修,1.8,60,药学（药学科学家启明实验班）
PHE0023,大学体育（三）（5-6学期）,必修,0.4,24,药学（药学科学家启明实验班）
PHY0211,大学物理（B）,必修,4,64,药学（药学科学家启明实验班）
PHY0561,物理实验（二）,必修,0.75,24,药学（药学科学家启明实验班）
SFL0004,综合英语（一）,必修,2.5,40,药学（药学科学家启明实验班）
SFL0014,综合英语（二）,必修,2.5,40,药学（药学科学家启明实验班）
CHI0001,中国语文,必修,2,32,行政管理
EIC0008,人工智能概论（B）,必修,2,32,行政管理
GEC1061,数据库技术与应用,必修,2,32,行政管理
MAT0041,微积分（C）,必修,5,80,行政管理
MAT0121,线性代数（B）,必修,2.5,40,行政管理
MAT0131,概率论与数理统计（B）,必修,2.5,40,行政管理
MAX0013,马克思主义基本原理,必修,2.5,40,行政管理
MAX0022,思想道德与法治,必修,2.5,40,行政管理
MAX0033,形势与政策（1-8学期）,必修,2,64,行政管理
MAX0042,中国近现代史纲要,必修,2.5,40,行政管理
MAX0064,毛泽东思想和中国特色社会主义理论体系概论,必修,2.5,40,行政管理
MAX0072,习近平新时代中国特色社会主义思想概论,必修,3,48,行政管理
NCC0051,计算机及程序设计基础（Python）,必修,3,48,行政管理
PHE0003,大学体育（一）（1-2学期）,必修,1.8,60,行政管理
PHE0013,大学体育（二）（3-4学期）,必修,1.8,60,行政管理
PHE0023,大学体育（三）（5-6学期）,必修,0.4,24,行政管理
PHI0731,公共伦理学,必修,2,32,行政管理
PUBA0001,学科导论,必修,1,16,行政管理
PUBA0004,公文写作,必修,2,32,行政管理
PUBA0006,公共管理大数据分析,选修,2,32,行政管理
PUBA0008,应急管理,必修,2,32,行政管理
PUBA0010,政治经济学,选修,2,32,行政管理
PUBA0013,地方政府公共政策案例分析,选修,2,32,行政管理
PUBA0014,政府规制,必修,2,32,行政管理
PUBA0016,科学研究训练与社会调查（2-6学期）,必修,6,96,行政管理
PUBA0018,数字风险治理,选修,2,32,行政管理
PUBA0041,社会组织管理,必修,2,32,行政管理
PUBA0513,政治学原理,必修,3,48,行政管理
PUBA0521,城市管理学,选修,2.5,40,行政管理
PUBA0531,当代中国政治与政府,必修,2.5,40,行政管理
PUBA0551,公共管理学,必修,2.5,40,行政管理
PUBA0561,管理学,必修,2.5,40,行政管理
PUBA0571,宏观经济学,必修,3,48,行政管理
PUBA0591,微观经济学,必修,3,48,行政管理
PUBA0601,行政法学,必修,2.5,40,行政管理
PUBA0681,管理文秘,选修,2,32,行政管理
PUBA0693,公共管理研究方法（2-3学期）,必修,4,64,行政管理
PUBA0701,管理定量研究方法,必修,3,48,行政管理
PUBA0711,行政管理学,必修,3,48,行政管理
PUBA0721,行政组织学,必修,2.5,40,行政管理
PUBA0731,公共经济学,必修,3,48,行政管理
PUBA2031,公共政策分析,必修,2.5,40,行政管理
PUBA2061,政治思想史,必修,2.5,40,行政管理
PUBA2071,电子政务,选修,2.5,40,行政管理
PUBA2141,地方政府学,必修,3,48,行政管理
PUBA2151,行政著作经典选读,必修,2,32,行政管理
PUBA2161,比较公共行政,必修,2.5,40,行政管理
PUBA2171,公共部门人力资源管理,必修,2.5,40,行政管理
PUBA2191,社会政策,选修,2.5,40,行政管理
PUBA3511,毕业论文,必修,8,16w,行政管理
PUBA5042,公务员制度与公务员选拔,选修,2,32,行政管理
PUBA5071,领导学,选修,2,32,行政管理
PUBA5101,项目管理,选修,2,32,行政管理
PUBA5111,政府绩效管理,选修,2,32,行政管理
PUBA5121,演讲与沟通,选修,2,32,行政管理
SFL0004,综合英语（一）,必修,2.5,40,行政管理
SFL0014,综合英语（二）,必修,2.5,40,行政管理
SOC0571,社会学概论,必修,2,32,行政管理
CHI0001,中国语文,必修,2,32,计算金融
CST0048,人工智能概论（A）,必修,2,32,计算金融
ENG3541,工程训练（三）,必修,1,2w,计算金融
MAN0004,金融大数据分析,选修,2.5,40,计算金融
MAN0005,量化金融方法,选修,2.5,40,计算金融
MAN0006,金融科技导论,选修,2.5,40,计算金融
MAN0032,C语言程序设计,必修,3,48,计算金融
MAN0043,数据库原理及应用,必修,2.5,40,计算金融
MAN0201,大数据分析与可视化,选修,2,32,计算金融
MAN0241,公司金融,必修,3,48,计算金融
MAN0331,大数据与云计算,选修,2,32,计算金融
MAN0361,大数据证券投资专题研究,选修,2,32,计算金融
MAN0401,Python与量化投资实训,必修,2,2w,计算金融
MAN0461,编程和计算机科学基础,必修,2.5,40,计算金融
MAN0521,宏观经济学,必修,2.5,40,计算金融
MAN0533,会计学,必修,2,32,计算金融
MAN0601,学科发展前沿专题研究,必修,1,16,计算金融
MAN0611,学科（专业）概论,必修,1,16,计算金融
MAN0653,运筹学（一）,必修,3,48,计算金融
MAN0691,管理经济学,必修,3,48,计算金融
MAN0742,组织行为学,必修,1.5,24,计算金融
MAN0751,管理学,必修,1.5,24,计算金融
MAN0771,运营管理,必修,2.5,40,计算金融
MAN0781,金融风险管理与企业战略,选修,2,32,计算金融
MAN0791,财务会计,必修,2.5,40,计算金融
MAN0891,金融数据结构与算法,选修,2,32,计算金融
MAN0921,行为金融学,必修,2,32,计算金融
MAN0931,数字金融导论,选修,2,32,计算金融
MAN0941,金融随机分析,选修,2,32,计算金融
MAN0981,量化策略开发与程序化交易,选修,2,32,计算金融
MAN1071,实物期权,选修,2,32,计算金融
MAN1101,区块链与数字货币,选修,2,32,计算金融
MAN1111,量化大类资产配置,选修,2,32,计算金融
MAN1191,期权、期货与其他衍生品,选修,2,32,计算金融
MAN1361,数值计算,必修,2,32,计算金融
MAN1371,数据科学与智能决策,必修,2,32,计算金融
MAN1381,实验金融,必修,2,2w,计算金融
MAN1401,人工智能与投资决策,必修,2,32,计算金融
MAN1471,金融数学建模,必修,2,2w,计算金融
MAN1481,金融数据挖掘实训,必修,2,2w,计算金融
MAN1491,金融实务综合实训,必修,2,2w,计算金融
MAN1501,金融时间序列分析,选修,2,32,计算金融
MAN1561,AI与金融分析实训,必修,2,2w,计算金融
MAN2101,固定收益证券,选修,2,32,计算金融
MAN2121,投资学,必修,3,48,计算金融
MAN2551,财务分析与证券估值,必修,2,32,计算金融
MAN2651,计量经济学,必修,3,48,计算金融
MAN3521,毕业设计（论文）,必修,8,16w,计算金融
MAN3541,管理类综合实验（ERP）,必修,1,2w,计算金融
MAN3571,课程设计,必修,1,2w,计算金融
MAN3581,生产实习,必修,2,4w,计算金融
MAN3631,专业实验,必修,1,2w,计算金融
MAN5011,博弈论,必修,2,32,计算金融
MAN5121,金融工程,必修,2.5,40,计算金融
MAN5131,金融市场与金融机构,选修,2,32,计算金融
MAN5421,金融经济学,必修,2.5,40,计算金融
MAT0021,微积分（B）（上）,必修,5.5,88,计算金融
MAT0031,微积分（B）（下）,必修,5.5,88,计算金融
MAT0121,线性代数（B）,必修,2.5,40,计算金融
MAT0131,概率论与数理统计（B）,必修,2.5,40,计算金融
MAX0013,马克思主义基本原理,必修,2.5,40,计算金融
MAX0022,思想道德与法治,必修,2.5,40,计算金融
MAX0033,形势与政策（1-8学期）,必修,2,64,计算金融
MAX0042,中国近现代史纲要,必修,2.5,40,计算金融
MAX0064,毛泽东思想和中国特色社会主义理论体系概论,必修,2.5,40,计算金融
MAX0072,习近平新时代中国特色社会主义思想概论,必修,3,48,计算金融
PHE0003,大学体育（一）（1-2学期）,必修,1.8,60,计算金融
PHE0013,大学体育（二）（3-4学期）,必修,1.8,60,计算金融
PHE0023,大学体育（三）（5-6学期）,必修,0.4,24,计算金融
SFL0004,综合英语（一）,必修,2.5,40,计算金融
SFL0014,综合英语（二）,必修,2.5,40,计算金融
AE0611,理论力学（二）,必修,3.5,56,轮机工程
AUT6061,机器学习,选修,2,32,轮机工程
CEM0561,工程力学实验,必修,0.5,16,轮机工程
CHE0532,工程化学,选修,2,32,轮机工程
CHI0001,中国语文,必修,2,32,轮机工程
EEE0741,电工电子学,选修,3.5,56,轮机工程
EIC0008,人工智能概论（B）,必修,2,32,轮机工程
ENG3511,工程训练（一）,必修,2,4w,轮机工程
ENG3521,工程训练（五）,必修,0.5,1w,轮机工程
EPE0531,热力发动机原理,必修,2,32,轮机工程
MAT0021,微积分（B）（上）,必修,5.5,88,轮机工程
MAT0031,微积分（B）（下）,必修,5.5,88,轮机工程
MAT0121,线性代数（B）,必修,2.5,40,轮机工程
MAT0131,概率论与数理统计（B）,必修,2.5,40,轮机工程
MAT0561,复变函数与积分变换,必修,2.5,40,轮机工程
MAX0013,马克思主义基本原理,必修,2.5,40,轮机工程
MAX0022,思想道德与法治,必修,2.5,40,轮机工程
MAX0033,形势与政策（1-8学期）,必修,2,64,轮机工程
MAX0042,中国近现代史纲要,必修,2.5,40,轮机工程
MAX0064,毛泽东思想和中国特色社会主义理论体系概论,必修,2.5,40,轮机工程
MAX0072,习近平新时代中国特色社会主义思想概论,必修,3,48,轮机工程
MESE0561,工程控制实验(一),选修,0.25,8,轮机工程
MESE0611,机械原理,选修,2,32,轮机工程
MESE0831,机械设计,选修,2,32,轮机工程
MESE1111,机械设计理论与方法（一）上,必修,2.5,40,轮机工程
MESE1122,机械设计理论与方法（一）下,必修,1.5,24,轮机工程
MESE5361,计算机网络技术及应用,选修,2,32,轮机工程
MESE5511,数据库技术及应用,选修,2,32,轮机工程
NAO0001,“船”承海洋强国梦想的实践教育,选修,2,32,轮机工程
NAO0002,船舶辅机基础,必修,2,32,轮机工程
NAO0003,船联网技术,选修,1.5,24,轮机工程
NAO0004,海洋智能机器人,选修,1.5,24,轮机工程
NAO0005,船舶智能监测与诊断,选修,2,32,轮机工程
NAO0006,船舶智能化设计与创新实践,选修,2,32,轮机工程
NAO0009,轮机工程仿真技术,选修,2,32,轮机工程
NAO0010,船舶辅机系统,必修,2,32,轮机工程
NAO0014,船舶智能系统原理与设计,必修,2,32,轮机工程
NAO0023,毕业设计（论文）,必修,7,14w,轮机工程
NAO0026,课程设计（二）船舶智能系统课程设计,必修,2,2w,轮机工程
NAO0027,船舶动力装置原理与设计,必修,2,32,轮机工程
NAO0028,课程设计(三)船舶电力系统设计,必修,2,2w,轮机工程
NAO0029,课程设计(四)轮机自动化课程设计,必修,2,2w,轮机工程
NAO0030,课程设计（五）船舶动力装置课程设计,必修,2,2w,轮机工程
NAO0032,课程设计（一）船舶辅机课程设计,必修,1,1w,轮机工程
NAO0033,轮机自动化,必修,2,32,轮机工程
NAO0041,轮机智能建造技术,选修,2,32,轮机工程
NAO0071,工程管理,选修,1.5,24,轮机工程
NAO0091,有限元分析,选修,2,32,轮机工程
NAO0511,材料力学（二）,必修,3.5,56,轮机工程
NAO0561,计算方法（二）,选修,2,32,轮机工程
NAO0571,流体力学（一）,必修,2,32,轮机工程
NAO0591,工程控制基础,选修,2,32,轮机工程
NAO2081,船舶原理,必修,2,32,轮机工程
NAO2171,学科导论,必修,2,32,轮机工程
NAO3651,专业实习（一）,必修,1,2w,轮机工程
NAO3661,专业实习（二）,必修,1,2w,轮机工程
NAO5011,船舶电力系统与装置,必修,2,32,轮机工程
NAO5041,船舶机电传动控制技术,必修,2,32,轮机工程
NAO5051,船舶机电系统可靠性,选修,2,32,轮机工程
NAO5081,船舶与海洋工程前沿讲座,选修,1,16,轮机工程
NAO5091,动力机械振动噪声与测量,选修,2,32,轮机工程
NAO5172,轮机工程专业英语,选修,1,16,轮机工程
NAO5291,测试与智能传感技术,选修,2,32,轮机工程
NAO5311,微机原理与船舶应用,选修,2,32,轮机工程
NAO5341,船舶智能控制,选修,2,32,轮机工程
NCC0001,计算机及程序设计基础（C++),必修,3,48,轮机工程
PHE0003,大学体育（一）（1-2学期）,必修,1.8,60,轮机工程
PHE0013,大学体育（二）（3-4学期）,必修,1.8,60,轮机工程
PHE0023,大学体育（三）（5-6学期）,必修,0.4,24,轮机工程
PHY0171,大学物理（A）（上）,必修,4,64,轮机工程
PHY0181,大学物理（A）（下）,必修,4,64,轮机工程
PHY0191,物理实验（上）,必修,2,32,轮机工程
PHY0201,物理实验（下）,必修,1.5,24,轮机工程
PUBA0015,国家安全教育,必修,0,16,轮机工程
SFL0004,综合英语（一）,必修,2.5,40,轮机工程
SFL0014,综合英语（二）,必修,2.5,40,轮机工程
CHI0001,中国语文,必修,2,32,运动训练（冠军班）
MAX0013,马克思主义基本原理,必修,2.5,40,运动训练（冠军班）
MAX0022,思想道德与法治,必修,2.5,40,运动训练（冠军班）
MAX0033,形势与政策（1-8学期）,必修,2,64,运动训练（冠军班）
MAX0042,中国近现代史纲要,必修,2.5,40,运动训练（冠军班）
MAX0064,毛泽东思想和中国特色社会主义理论体系概论,必修,2.5,40,运动训练（冠军班）
MAX0072,习近平新时代中国特色社会主义思想概论,必修,3,48,运动训练（冠军班）
SFL0004,综合英语（一）,必修,2.5,40,运动训练（冠军班）
SFL0014,综合英语（二）,必修,2.5,40,运动训练（冠军班）
SOD0000,人工智能概论（C）,必修,2,32,运动训练（冠军班）
SPE0000,智能体育概论,必修,2,32,运动训练（冠军班）
SPE0001,社会调查,必修,1,2w,运动训练（冠军班）
SPE0002,专业见习,必修,1,4w,运动训练（冠军班）
SPE0003,创新创业实践,必修,1,2w,运动训练（冠军班）
SPE0004,学术交流,必修,1,2w,运动训练（冠军班）
SPE0103,运动生理学,必修,4,64,运动训练（冠军班）
SPE0117,就业指导,必修,1,2w,运动训练（冠军班）
SPE0118,体育竞赛学,必修,2,32,运动训练（冠军班）
SPE0119,运动训练学（一）,必修,2,32,运动训练（冠军班）
SPE0120,运动训练学（二）,必修,2,32,运动训练（冠军班）
SPE0121,体能训练理论与方法（一）,必修,2,32,运动训练（冠军班）
SPE0122,体能训练理论与方法（二）,必修,2,32,运动训练（冠军班）
SPE0711,体育概论,必修,2,32,运动训练（冠军班）
SPE0721,健康教育学,必修,2,32,运动训练（冠军班）
SPE0731,体育心理学,必修,2,32,运动训练（冠军班）
SPE0752,体育科学研究方法,必修,3,48,运动训练（冠军班）
SPE0761,体育社会学,必修,2,32,运动训练（冠军班）
SPE0772,学术规范与论文写作,必修,1,16,运动训练（冠军班）
SPE1431,体育教材教法,必修,2,32,运动训练（冠军班）
SPE1911,大学计算机基础,必修,3,48,运动训练（冠军班）
SPE1922,运动解剖学（一）,必修,2.5,40,运动训练（冠军班）
SPE1932,运动解剖学（二）,必修,2.5,40,运动训练（冠军班）
SPE2061,体育赛事管理,必修,2,32,运动训练（冠军班）
SPE2071,运动技能学习与控制,必修,2,32,运动训练（冠军班）
SPE2961,教育学,必修,2,32,运动训练（冠军班）
SPE2981,专项理论与实践（1）,必修,4,64,运动训练（冠军班）
SPE2991,专项理论与实践（2）,必修,4,64,运动训练（冠军班）
SPE3001,专项理论与实践（3）,必修,4,64,运动训练（冠军班）
SPE3011,专项理论与实践（4）,必修,4,64,运动训练（冠军班）
SPE3021,专项理论与实践（5）,必修,4,64,运动训练（冠军班）
SPE3031,专项理论与实践（6）,必修,4,64,运动训练（冠军班）
SPE3061,运动训练实践（1）,必修,3,96,运动训练（冠军班）
SPE3071,运动训练实践（2）,必修,3,96,运动训练（冠军班）
SPE3081,运动训练实践（3）,必修,3,96,运动训练（冠军班）
SPE3091,运动训练实践（4）,必修,3,96,运动训练（冠军班）
SPE3101,运动训练实践（5）,必修,3,96,运动训练（冠军班）
SPE3111,运动训练实践（6）,必修,3,96,运动训练（冠军班）
SPE3521,毕业论文（设计）,必修,8,16w,运动训练（冠军班）
SPE3551,专业实习,必修,10,16w,运动训练（冠军班）
SPE5261,体育统计学,必修,2,32,运动训练（冠军班）
SPE5291,学校体育学,必修,2,32,运动训练（冠军班）
CHI0001,中国语文,必修,2,32,运动训练（创新班）
MAX0013,马克思主义基本原理,必修,2.5,40,运动训练（创新班）
MAX0022,思想道德与法治,必修,2.5,40,运动训练（创新班）
MAX0033,形势与政策（1-8学期）,必修,2,64,运动训练（创新班）
MAX0042,中国近现代史纲要,必修,2.5,40,运动训练（创新班）
MAX0064,毛泽东思想和中国特色社会主义理论体系概论,必修,2.5,40,运动训练（创新班）
MAX0072,习近平新时代中国特色社会主义思想概论,必修,3,48,运动训练（创新班）
SFL0004,综合英语（一）,必修,2.5,40,运动训练（创新班）
SFL0014,综合英语（二）,必修,2.5,40,运动训练（创新班）
SOD0000,人工智能概论（C）,必修,2,32,运动训练（创新班）
SPE0001,社会调查,必修,1,2w,运动训练（创新班）
SPE0002,专业见习,必修,1,4w,运动训练（创新班）
SPE0003,创新创业实践,必修,1,2w,运动训练（创新班）
SPE0004,学术交流,必修,1,2w,运动训练（创新班）
SPE0005,体育产业概论,选修,1,32,运动训练（创新班）
SPE0103,运动生理学,必修,4,64,运动训练（创新班）
SPE0104,运动技能专选-游泳（1）,必修,3,64,运动训练（创新班）
SPE0105,运动技能专选-游泳（2）,必修,3,64,运动训练（创新班）
SPE0106,运动技能专选-武术（1）,必修,3,64,运动训练（创新班）
SPE0107,运动技能专选-武术（2）,必修,3,64,运动训练（创新班）
SPE0108,体育法学概论,必修,1,32,运动训练（创新班）
SPE0109,运动伤害防护与急救,选修,1,32,运动训练（创新班）
SPE0110,体育史,选修,1,32,运动训练（创新班）
SPE0111,体育游戏,选修,1,32,运动训练（创新班）
SPE0112,体育保健学,选修,1,32,运动训练（创新班）
SPE0113,民族传统体育概论,选修,1,32,运动训练（创新班）
SPE0115,运动处方理论与实践,必修,1,32,运动训练（创新班）
SPE0116,体育市场营销,选修,1,32,运动训练（创新班）
SPE0117,就业指导,必修,1,2w,运动训练（创新班）
SPE0118,体育竞赛学,必修,2,32,运动训练（创新班）
SPE0119,运动训练学（一）,必修,2,32,运动训练（创新班）
SPE0120,运动训练学（二）,必修,2,32,运动训练（创新班）
SPE0122,体能训练理论与方法（二）（5-6学期）,必修,2,32,运动训练（创新班）
SPE0711,体育概论,必修,2,32,运动训练（创新班）
SPE0721,健康教育学,必修,2,32,运动训练（创新班）
SPE0731,体育心理学,必修,2,32,运动训练（创新班）
SPE0752,体育科学研究方法,必修,3,48,运动训练（创新班）
SPE0761,体育社会学,必修,2,32,运动训练（创新班）
SPE0772,学术规范与论文写作,必修,1,16,运动训练（创新班）
SPE0801,运动生物力学,必修,2,32,运动训练（创新班）
SPE1911,大学计算机基础,必修,3,48,运动训练（创新班）
SPE1922,运动解剖学（一）,必修,2.5,40,运动训练（创新班）
SPE1932,运动解剖学（二）,必修,2.5,40,运动训练（创新班）
SPE2061,体育赛事管理,必修,2,32,运动训练（创新班）
SPE2071,运动技能学习与控制,必修,2,32,运动训练（创新班）
SPE2961,教育学,必修,2,32,运动训练（创新班）
SPE2971,体育经济与管理,必修,2,32,运动训练（创新班）
SPE2981,专项理论与实践（1）,必修,4,64,运动训练（创新班）
SPE2991,专项理论与实践（2）,必修,4,64,运动训练（创新班）
SPE3001,专项理论与实践（3）,必修,4,64,运动训练（创新班）
SPE3011,专项理论与实践（4）,必修,4,64,运动训练（创新班）
SPE3021,专项理论与实践（5）,必修,4,64,运动训练（创新班）
SPE3031,专项理论与实践（6）,必修,4,64,运动训练（创新班）
SPE3041,运动技能专选-田径（1）,必修,3,64,运动训练（创新班）
SPE3051,运动技能专选-田径（2）,必修,3,64,运动训练（创新班）
SPE3521,毕业论文（设计）,必修,8,16w,运动训练（创新班）
SPE3551,专业实习,必修,10,16w,运动训练（创新班）
SPE5261,体育统计学,必修,2,32,运动训练（创新班）
SPE5291,学校体育学,必修,2,32,运动训练（创新班）
CHI0001,中国语文,必修,2,32,金融学
ECN0003,区块链技术与应用,选修,1,16,金融学
ECN0011,程序设计基础（Python语言）,必修,3,48,金融学
ECN0512,发展经济学,选修,3,48,金融学
ECN0521,会计学,必修,3.5,56,金融学
ECN0531,货币银行学,必修,3,48,金融学
ECN0541,计量经济学,必修,4,64,金融学
ECN0551,经济调查方法,选修,1.5,24,金融学
ECN0571,经济学原理,必修,4,64,金融学
ECN0581,经济学综合实验,必修,4,64,金融学
ECN0591,中级宏观经济学,必修,4,64,金融学
ECN0601,统计学,必修,3,48,金融学
ECN0611,中级微观经济学,必修,4,64,金融学
ECN0621,经济思想史,选修,2.5,40,金融学
ECN0631,政治经济学原理,必修,3,48,金融学
ECN0901,习近平经济思想概论,必修,1,16,金融学
ECN0971,金融科技导论,选修,2,32,金融学
ECN1071,投资组合管理,选修,2,32,金融学
ECN2011,财务报表分析,选修,2,32,金融学
ECN2051,国际金融学,必修,3,48,金融学
ECN2061,金融风险管理,必修,2,32,金融学
ECN2141,证券投资学,必修,2.5,40,金融学
ECN2161,固定收益证券,选修,2,32,金融学
ECN2171,期货、期权与衍生证券,选修,2,32,金融学
ECN3511,毕业论文,必修,8,16w,金融学
ECN3521,科研训练,必修,1,2w,金融学
ECN3541,课程设计,必修,1.5,3w,金融学
ECN3551,社会实践,必修,1.5,3w,金融学
ECN3561,专业实习,必修,2.5,5w,金融学
ECN5021,财务管理,必修,2.5,40,金融学
ECN5041,房地产金融与投资,选修,2,32,金融学
ECN5051,公司金融,必修,2.5,40,金融学
ECN5061,管理学原理,选修,2.5,40,金融学
ECN5141,公司金融案例分析,选修,1,16,金融学
ECN5191,应用计量经济学,选修,2.5,40,金融学
ECN5201,投资银行学,选修,2,32,金融学
ECN5231,中级金融理论,选修,2.5,40,金融学
ECN5241,中国经济改革与发展,选修,2.5,40,金融学
ECN5251,银行业务与管理,选修,2,32,金融学
ECN5441,行为金融学,选修,2,32,金融学
ECN5451,结构金融学,选修,2,32,金融学
ECN5481,开发性金融,选修,2,32,金融学
ECN5501,数据挖掘与机器学习,选修,2,32,金融学
ECN5531,经济大数据分析,选修,2,32,金融学
EIC0008,人工智能概论（B）,必修,2,32,金融学
GEC3092,批判性思维（公选课）,必修,2.5,40,金融学
MAT0021,微积分（B）（上）,必修,5.5,88,金融学
MAT0031,微积分（B）（下）,必修,5.5,88,金融学
MAT0121,线性代数（B）,必修,2.5,40,金融学
MAT0131,概率论与数理统计（B）,必修,2.5,40,金融学
MAX0013,马克思主义基本原理,必修,2.5,40,金融学
MAX0022,思想道德与法治,必修,2.5,40,金融学
MAX0033,形势与政策（1-8学期）,必修,2,64,金融学
MAX0042,中国近现代史纲要,必修,2.5,40,金融学
MAX0064,毛泽东思想和中国特色社会主义理论体系概论,必修,2.5,40,金融学
MAX0072,习近平新时代中国特色社会主义思想概论,必修,3,48,金融学
PHE0003,大学体育（一）（1-2学期）,必修,1.8,60,金融学
PHE0013,大学体育（二）（3-4学期）,必修,1.8,60,金融学
PHE0023,大学体育（三）（5-6学期）,必修,0.4,24,金融学
SFL0004,综合英语（一）,必修,2.5,40,金融学
SFL0014,综合英语（二）,必修,2.5,40,金融学
CHI0001,中国语文,必修,2,32,金融工程
CST0048,人工智能概论（A）,必修,2,32,金融工程
ECN0011,程序设计基础（Python 语言）,必修,3,48,金融工程
ECN0021,人工智能与量化交易,选修,2,32,金融工程
ECN0521,会计学,必修,3.5,56,金融工程
ECN0531,货币银行学,必修,3,48,金融工程
ECN0541,计量经济学,必修,4,64,金融工程
ECN0571,经济学原理,必修,4,64,金融工程
ECN0581,经济学综合实验,必修,4,64,金融工程
ECN0591,中级宏观经济学,必修,4,64,金融工程
ECN0601,统计学,必修,3,48,金融工程
ECN0611,中级微观经济学,必修,4,64,金融工程
ECN0621,经济思想史,选修,2.5,40,金融工程
ECN0631,政治经济学原理,必修,3,48,金融工程
ECN0891,博弈论与信息经济学,选修,2.5,40,金融工程
ECN0901,习近平经济思想概论,必修,1,16,金融工程
ECN1031,偏微分方程,选修,2.5,40,金融工程
ECN1041,金融建模,选修,2,32,金融工程
ECN1061,金融产品开发设计,选修,2,32,金融工程
ECN1071,投资组合管理,选修,2,32,金融工程
ECN1081,多因子策略分析,选修,2,32,金融工程
ECN2061,金融风险管理,必修,2,32,金融工程
ECN2071,金融工程学,必修,2.5,40,金融工程
ECN2121,时间序列分析,选修,3,48,金融工程
ECN2141,证券投资学,必修,2.5,40,金融工程
ECN2161,固定收益证券,选修,2,32,金融工程
ECN2171,期货、期权与衍生证券,选修,2,32,金融工程
ECN3511,毕业论文,必修,8,16w,金融工程
ECN3521,科研训练,必修,1,2w,金融工程
ECN3541,课程设计,必修,1.5,3w,金融工程
ECN3551,社会实践,必修,1.5,3w,金融工程
ECN3561,专业实习,必修,2.5,5w,金融工程
ECN5051,公司金融,必修,2.5,40,金融工程
ECN5061,管理学原理,选修,2.5,40,金融工程
ECN5131,经济预测与决策,选修,2.5,40,金融工程
ECN5191,应用计量经济学,选修,2.5,40,金融工程
ECN5231,中级金融理论,选修,2.5,40,金融工程
ECN5241,中国经济改革与发展,选修,2.5,40,金融工程
ECN5291,计算方法,选修,2.5,40,金融工程
ECN5451,结构金融学,选修,2,32,金融工程
ECN5471,市场微观结构,选修,2,32,金融工程
ECN5501,数据挖掘与机器学习,选修,2,32,金融工程
ECN5531,经济大数据分析,选修,2,32,金融工程
EIC0021,随机过程,必修,3,48,金融工程
GEC3092,批判性思维（公选课）,必修,2.5,40,金融工程
MAT0001,高等数学（A）（上）,必修,5.5,88,金融工程
MAT0011,高等数学（A）（下）,必修,5.5,88,金融工程
MAT0121,线性代数（B）,必修,2.5,40,金融工程
MAT0131,概率论与数理统计（B）,必修,2.5,40,金融工程
MAX0013,马克思主义基本原理,必修,2.5,40,金融工程
MAX0022,思想道德与法治,必修,2.5,40,金融工程
MAX0033,形势与政策（1-8学期）,必修,2,64,金融工程
MAX0042,中国近现代史纲要,必修,2.5,40,金融工程
MAX0064,毛泽东思想和中国特色社会主义理论体系概论,必修,2.5,40,金融工程
MAX0072,习近平新时代中国特色社会主义思想概论,必修,3,48,金融工程
PHE0003,大学体育（一）（1-2学期）,必修,1.8,60,金融工程
PHE0013,大学体育（二）（3-4学期）,必修,1.8,60,金融工程
PHE0023,大学体育（三）（5-6学期）,必修,0.4,24,金融工程
SFL0004,综合英语（一）,必修,2.5,40,金融工程
SFL0014,综合英语（二）,必修,2.5,40,金融工程
ART0000,舞台表演课（一）,选修,1.5,24,音乐表演
ART0001,毕业设计（论文）,必修,4,8w,音乐表演
ART0002,舞台表演课（二）,选修,1.5,24,音乐表演
ART0003,毕业实习,必修,2,4w,音乐表演
ART0008,声乐演唱（一）,选修,1,16,音乐表演
ART0009,声乐演唱（二）,选修,1,16,音乐表演
ART0010,声乐演唱（三）,选修,1,16,音乐表演
ART0012,声乐演唱（四）,选修,1,16,音乐表演
ART0013,声乐演唱（五）,选修,1,16,音乐表演
ART0014,声乐演唱（六）,选修,1,16,音乐表演
ART0015,声乐演唱（七）,选修,1,16,音乐表演
ART0016,声乐演唱（八）,选修,1,16,音乐表演
ART0017,器乐演奏（一）,选修,1,16,音乐表演
ART0018,器乐演奏（二）,选修,1,16,音乐表演
ART0019,器乐演奏（三）,选修,1,16,音乐表演
ART0020,器乐演奏（四）,选修,1,16,音乐表演
ART0022,器乐演奏（五）,选修,1,16,音乐表演
ART0023,器乐演奏（六）,选修,1,16,音乐表演
ART0024,器乐演奏（七）,选修,1,16,音乐表演
ART0025,器乐演奏（八）,选修,1,16,音乐表演
ART0026,乐队训练与表演（一）,选修,2.5,60,音乐表演
ART0027,乐队训练与表演（二）,选修,2.5,60,音乐表演
ART0028,乐队训练与表演（三）,选修,2.5,60,音乐表演
ART0029,乐队训练与表演（四）,选修,2.5,60,音乐表演
ART0030,乐队训练与表演（五）,选修,2.5,60,音乐表演
ART0032,乐队训练与表演（六）,选修,2.5,60,音乐表演
ART0033,乐队训练与表演（七）,选修,2.5,60,音乐表演
ART0034,乐队训练与表演（八）,选修,2.5,60,音乐表演
ART0035,合唱（一）,选修,3,72,音乐表演
ART0036,合唱（二）,选修,3,72,音乐表演
ART0037,合唱（三）,选修,3,72,音乐表演
ART0038,合唱（四）,选修,3,72,音乐表演
ART0039,合唱（五）,选修,3,72,音乐表演
ART0040,合唱（六）,选修,3,72,音乐表演
ART0042,专业小组课（1-8学期）,必修,4,64,音乐表演
ART0231,音乐经典赏析,选修,2,32,音乐表演
ART0241,音乐美学概论,选修,2,32,音乐表演
ART0261,音乐工学（一）,必修,2,32,音乐表演
ART0271,音乐工学（二）,必修,2,32,音乐表演
ART0281,室内乐（五）,选修,2,32,音乐表演
ART0291,室内乐（六）,选修,2,32,音乐表演
ART0371,中国传统音乐（二）,选修,2,32,音乐表演
ART0381,音乐文化创新专题导论,选修,2,32,音乐表演
ART0391,音乐英语,选修,2,32,音乐表演
ART0511,艺术概论,必修,2,32,音乐表演
ART0521,钢琴基础（一）,必修,1,32,音乐表演
ART0531,钢琴基础（二）,必修,1,32,音乐表演
ART0541,视唱练耳（一）,必修,4,64,音乐表演
ART0551,视唱练耳（二）,必修,4,64,音乐表演
ART0561,视唱练耳（三）,必修,4,64,音乐表演
ART0571,视唱练耳（四）,必修,4,64,音乐表演
ART0581,和声（一）,必修,2,32,音乐表演
ART0591,计算机音乐（一）,选修,2,32,音乐表演
ART0601,计算机音乐（二）,选修,2,32,音乐表演
ART0611,西方音乐史（一）,必修,2,32,音乐表演
ART0621,西方音乐史（二）,必修,2,32,音乐表演
ART0631,中国传统音乐（一）,必修,2,32,音乐表演
ART0641,中国音乐史（一）,必修,2,32,音乐表演
ART0651,中国音乐史（二）,必修,2,32,音乐表演
ART0661,论文写作,必修,2,32,音乐表演
ART0671,和声（二）,必修,2,32,音乐表演
ART0681,基础乐理,必修,2,32,音乐表演
ART0691,曲式与作品分析（二）,必修,2,32,音乐表演
ART0701,曲式与作品分析（一）,必修,2,32,音乐表演
ART2011,正音与台词,选修,2,32,音乐表演
ART2021,歌唱语言课（一）,选修,2,32,音乐表演
ART2031,歌唱语言课（二）,选修,2,32,音乐表演
ART2181,室内乐（一）,选修,2,32,音乐表演
ART2191,室内乐（二）,选修,2,32,音乐表演
ART2201,室内乐（三）,选修,2,32,音乐表演
ART2211,室内乐（四）,选修,2,32,音乐表演
ART2301,形体训练（一）,选修,1,32,音乐表演
ART2311,形体训练（二）,选修,1,32,音乐表演
ART3581,毕业音乐会,必修,4,8w,音乐表演
CHI0001,中国语文,必修,2,32,音乐表演
MAX0013,马克思主义基本原理,必修,2.5,40,音乐表演
MAX0022,思想道德与法治,必修,2.5,40,音乐表演
MAX0033,形势与政策（1-8学期）,必修,2,64,音乐表演
MAX0042,中国近现代史纲要,必修,2.5,40,音乐表演
MAX0064,毛泽东思想和中国特色社会主义理论体系概论,必修,2.5,40,音乐表演
MAX0072,习近平新时代中国特色社会主义思想概论,必修,3,48,音乐表演
PHE0003,大学体育（一）（1-2学期）,必修,1.8,60,音乐表演
PHE0013,大学体育（二）（3-4学期）,必修,1.8,60,音乐表演
PHE0023,大学体育（三）（5-6学期）,必修,0.4,24,音乐表演
SFL0004,综合英语（一）,必修,2.5,40,音乐表演
SFL0014,综合英语（二）,必修,2.5,40,音乐表演
SOD0000,人工智能概论（C）,必修,2,32,音乐表演
BIO0786,细胞生物学,必修,2.5,48,预防医学
BMS0518,系统解剖学,必修,3.5,80,预防医学
BMS0533,病理生理学,必修,3,48,预防医学
BMS0544,病理学,必修,4,80,预防医学
BMS0561,组织学与胚胎学,必修,3.5,80,预防医学
BMS0587,药理学,必修,3,48,预防医学
BMS0599,生物化学与分子生物学,必修,5,104,预防医学
BMS0671,机能实验1,必修,1,32,预防医学
BMS0681,机能实验2,必修,2,64,预防医学
BMS0747,生理学,必修,4.5,72,预防医学
BMS0802,医学免疫学,必修,2.5,48,预防医学
BMS0952,病原生物学（一）,必修,2,47,预防医学
BMS0962,病原生物学（二）,必修,3,62,预防医学
CHE0721,基础化学（一）,必修,4.5,72,预防医学
CHE0821,有机化学（一）,必修,6,96,预防医学
CHI0001,中国语文,必修,2,32,预防医学
CLF0007,内科学,必修,5.5,82,预防医学
CLF0008,妇产科学,必修,2.5,36,预防医学
CLF0009,儿科学,必修,2.5,36,预防医学
CLF0010,眼科学,必修,1.5,20,预防医学
CLF0013,耳鼻咽喉科学,必修,1.5,20,预防医学
CLF0014,皮肤性病学,必修,1.5,20,预防医学
CLF0015,传染病学,必修,2,30,预防医学
CLF0016,神经及精神病学,必修,2,27,预防医学
CLF0017,中医学,必修,3,40,预防医学
CLF0571,实验诊断学,必修,2,40,预防医学
CLF0593,外科学,必修,3.5,56,预防医学
CLF0603,物理诊断学,必修,4,80,预防医学
CLF0611,医学影像学,必修,2,32,预防医学
CLF3561,传染病学实习,必修,2,4w,预防医学
CLF3583,儿科学实习,必修,2,4w,预防医学
CLF3613,妇产科学实习,必修,2,4w,预防医学
CLF3724,内科学实习,必修,4,8w,预防医学
CLF3761,外科学实习,必修,2,4w,预防医学
EIC0008,人工智能概论（B）,必修,2,32,预防医学
MAT0051,微积分（D）,必修,4,64,预防医学
MAX0013,马克思主义基本原理,必修,2.5,40,预防医学
MAX0022,思想道德与法治,必修,2.5,40,预防医学
MAX0033,形势与政策（1-8学期）,必修,2,64,预防医学
MAX0042,中国近现代史纲要,必修,2.5,40,预防医学
MAX0064,毛泽东思想和中国特色社会主义理论体系概论,必修,2.5,40,预防医学
MAX0072,习近平新时代中国特色社会主义思想概论,必修,3,48,预防医学
MHM0692,医学伦理学,必修,1.5,24,预防医学
NCC0051,计算机及程序设计基础（Python）,必修,3,48,预防医学
PHE0003,大学体育（一）（1-2学期）,必修,1.8,60,预防医学
PHE0013,大学体育（二）（3-4学期）,必修,1.8,60,预防医学
PHE0023,大学体育（三）（5-6学期）,必修,0.4,24,预防医学
PHY0211,大学物理（B）,必修,4,64,预防医学
PHY0561,物理实验（二）,必修,0.75,24,预防医学
PUH0004,公共卫生与预防医学导论,必修,1.5,32,预防医学
PUH0011,卫生统计学（一）,必修,1.5,32,预防医学
PUH0021,卫生统计学（二）,必修,2,40,预防医学
PUH0031,卫生事业管理,必修,1,16,预防医学
PUH0041,流行病学（一）,必修,2.5,48,预防医学
PUH0051,流行病学（二）,必修,2,40,预防医学
PUH0061,卫生化学,必修,4,64,预防医学
PUH0521,儿童少年卫生学,必修,1.5,32,预防医学
PUH0552,卫生法规与监督,必修,1,16,预防医学
PUH0592,医学心理学,必修,1.5,24,预防医学
PUH2011,妇幼保健学,必修,2,32,预防医学
PUH2021,环境卫生学,必修,3.5,72,预防医学
PUH2031,健康教育,必修,1,16,预防医学
PUH2051,社会医学,必修,2,32,预防医学
PUH2071,卫生毒理学,必修,2.5,56,预防医学
PUH2101,职业卫生与职业医学,必修,4.5,88,预防医学
PUH2111,预防医学综合实验,必修,1.5,48,预防医学
PUH2121,营养与食品卫生学,必修,3.5,72,预防医学
PUH3531,毕业设计（论文）,必修,6.5,13w,预防医学
PUH3541,毕业现场实习,必修,3,6w,预防医学
SFL0004,综合英语（一）,必修,2.5,40,预防医学
SFL0014,综合英语（二）,必修,2.5,40,预防医学
SFL0202,医学英语基础,必修,1.5,24,预防医学
BIO0786,细胞生物学,必修,2.5,48,预防医学（启明实验班）
BMS0518,系统解剖学,必修,3.5,80,预防医学（启明实验班）
BMS0533,病理生理学,必修,3,48,预防医学（启明实验班）
BMS0544,病理学,必修,4,80,预防医学（启明实验班）
BMS0561,组织学与胚胎学,必修,3.5,80,预防医学（启明实验班）
BMS0587,药理学,必修,3,48,预防医学（启明实验班）
BMS0599,生物化学与分子生物学,必修,5,104,预防医学（启明实验班）
BMS0671,机能实验1,必修,1,32,预防医学（启明实验班）
BMS0681,机能实验2,必修,2,64,预防医学（启明实验班）
BMS0747,生理学,必修,4.5,72,预防医学（启明实验班）
BMS0802,医学免疫学,必修,2.5,48,预防医学（启明实验班）
BMS0952,病原生物学（一）,必修,2,47,预防医学（启明实验班）
BMS0962,病原生物学（二）,必修,3,62,预防医学（启明实验班）
CHE0721,基础化学（一）,必修,4.5,72,预防医学（启明实验班）
CHE0821,有机化学（一）,必修,6,96,预防医学（启明实验班）
CHI0001,中国语文,必修,2,32,预防医学（启明实验班）
CLF0007,内科学,必修,5.5,82,预防医学（启明实验班）
CLF0008,妇产科学,必修,2.5,36,预防医学（启明实验班）
CLF0009,儿科学,必修,2.5,36,预防医学（启明实验班）
CLF0010,眼科学,必修,1.5,20,预防医学（启明实验班）
CLF0013,耳鼻咽喉科学,必修,1.5,20,预防医学（启明实验班）
CLF0014,皮肤性病学,必修,1.5,20,预防医学（启明实验班）
CLF0015,传染病学,必修,2,30,预防医学（启明实验班）
CLF0016,神经及精神病学,必修,2,27,预防医学（启明实验班）
CLF0017,中医学,必修,3,40,预防医学（启明实验班）
CLF0571,实验诊断学,必修,2,40,预防医学（启明实验班）
CLF0593,外科学,必修,3.5,56,预防医学（启明实验班）
CLF0603,物理诊断学,必修,4,80,预防医学（启明实验班）
CLF0611,医学影像学,必修,2,32,预防医学（启明实验班）
CLF3561,传染病学实习,必修,2,4w,预防医学（启明实验班）
CLF3583,儿科学实习,必修,2,4w,预防医学（启明实验班）
CLF3613,妇产科学实习,必修,2,4w,预防医学（启明实验班）
CLF3724,内科学实习,必修,4,8w,预防医学（启明实验班）
CLF3761,外科学实习,必修,2,4w,预防医学（启明实验班）
EIC0008,人工智能概论（B）,必修,2,32,预防医学（启明实验班）
MAT0051,微积分（D）,必修,4,64,预防医学（启明实验班）
MAT0131,概率论与数理统计（B）,必修,2.5,40,预防医学（启明实验班）
MAX0013,马克思主义基本原理,必修,2.5,40,预防医学（启明实验班）
MAX0022,思想道德与法治,必修,2.5,40,预防医学（启明实验班）
MAX0033,形势与政策（1-8学期）,必修,2,64,预防医学（启明实验班）
MAX0042,中国近现代史纲要,必修,2.5,40,预防医学（启明实验班）
MAX0064,毛泽东思想和中国特色社会主义理论体系概论,必修,2.5,40,预防医学（启明实验班）
MAX0072,习近平新时代中国特色社会主义思想概论,必修,3,48,预防医学（启明实验班）
MHM0692,医学伦理学,必修,1.5,24,预防医学（启明实验班）
NCC0051,计算机及程序设计基础（Python）,必修,3,48,预防医学（启明实验班）
PHE0003,大学体育（一）（1-2学期）,必修,1.8,60,预防医学（启明实验班）
PHE0013,大学体育（二）（3-4学期）,必修,1.8,60,预防医学（启明实验班）
PHE0023,大学体育（三）（5-6学期）,必修,0.4,24,预防医学（启明实验班）
PHY0211,大学物理（B）,必修,4,64,预防医学（启明实验班）
PHY0561,物理实验（二）,必修,0.75,24,预防医学（启明实验班）
PUH0004,公共卫生与预防医学导论,必修,1.5,32,预防医学（启明实验班）
PUH0011,卫生统计学（一）,必修,1.5,32,预防医学（启明实验班）
PUH0021,卫生统计学（二）,必修,2,40,预防医学（启明实验班）
PUH0041,流行病学（一）,必修,2.5,48,预防医学（启明实验班）
PUH0051,流行病学（二）,必修,2,40,预防医学（启明实验班）
PUH0061,卫生化学,必修,4,64,预防医学（启明实验班）
PUH0071,公共卫生综合技能,必修,1,32,预防医学（启明实验班）
PUH0081,健康实施科学,必修,1,16,预防医学（启明实验班）
PUH0091,环境与健康PBL,必修,1.5,48,预防医学（启明实验班）
PUH0111,科研思维训练与实践,必修,1.5,32,预防医学（启明实验班）
PUH0121,公共卫生政策与管理,必修,2,32,预防医学（启明实验班）
PUH0131,医学大数据与人工智能应用,必修,1,16,预防医学（启明实验班）
PUH0521,儿童少年卫生学,必修,1.5,32,预防医学（启明实验班）
PUH0592,医学心理学,必修,1.5,24,预防医学（启明实验班）
PUH2011,妇幼保健学,必修,2,32,预防医学（启明实验班）
PUH2022,环境卫生学,必修,2.5,56,预防医学（启明实验班）
PUH2051,社会医学,必修,2,32,预防医学（启明实验班）
PUH2071,卫生毒理学,必修,2.5,56,预防医学（启明实验班）
PUH2102,职业卫生与职业医学,必修,3.5,72,预防医学（启明实验班）
PUH2122,营养与食品卫生学,必修,2.5,56,预防医学（启明实验班）
PUH3531,毕业设计（论文）,必修,6.5,13w,预防医学（启明实验班）
PUH3541,毕业现场实习,必修,3,6w,预防医学（启明实验班）
SFL0004,综合英语（一）,必修,2.5,40,预防医学（启明实验班）
SFL0014,综合英语（二）,必修,2.5,40,预防医学（启明实验班）
SFL0202,医学英语基础,必修,1.5,24,预防医学（启明实验班）
AUP0001,美丽中国-人居环境科学导论,必修,1.5,24,风景园林（四年制）
AUP0003,批判性思维,选修,1,16,风景园林（四年制）
AUP0012,艺术与视知觉（一）,必修,3,48,风景园林（四年制）
AUP0013,景观设计初步,必修,4,64,风景园林（四年制）
AUP0014,风景园林与建筑设计（一）,必修,4,64,风景园林（四年制）
AUP0015,风景园林与建筑设计（二）,必修,4,64,风景园林（四年制）
AUP0016,风景园林植物学（二）,必修,1.5,24,风景园林（四年制）
AUP0017,艺术与视知觉（二）,必修,1.5,24,风景园林（四年制）
AUP0018,风景园林遗产保护与管理,必修,1.5,24,风景园林（四年制）
AUP0019,风景园林与建筑设计（三）,必修,4,64,风景园林（四年制）
AUP0020,风景园林与建筑设计（四）,必修,4,64,风景园林（四年制）
AUP0022,风景园林工程技术与实践,必修,3.5,56,风景园林（四年制）
AUP0023,生态修复规划原理,必修,1.5,24,风景园林（四年制）
AUP0024,县市国土空间总体规划及生态修复规划,必修,6,96,风景园林（四年制）
AUP0025,城市更新与城市设计,必修,4,64,风景园林（四年制）
AUP0026,风景园林管理与法规,必修,1.5,24,风景园林（四年制）
AUP0027,城市环境行为学,选修,1.5,24,风景园林（四年制）
AUP0028,艺术与视知觉（三）,选修,1.5,24,风景园林（四年制）
AUP0029,艺术与视知觉实习,必修,1,2w,风景园林（四年制）
AUP0032,城市设计工作周,必修,0.5,1w,风景园林（四年制）
AUP0033,未来人居与人因设计,选修,1,16,风景园林（四年制）
AUP0041,景观创新实践（二）,选修,2,32,风景园林（四年制）
AUP0044,城市设计基础,必修,2.5,40,风景园林（四年制）
AUP0045,毕业设计（论文）,必修,8,16w,风景园林（四年制）
AUP0046,县市国土空间总体规划及生态修复规划实习,必修,1,2w,风景园林（四年制）
AUP0131,中国风景园林史,必修,1.5,24,风景园林（四年制）
AUP0201,数字景观技术,必修,1.5,24,风景园林（四年制）
AUP0261,工程数学,必修,3,48,风景园林（四年制）
AUP0321,数智城市设计（一）（理论）,选修,1,16,风景园林（四年制）
AUP0331,数智城市设计（二）（实践）,选修,3,48,风景园林（四年制）
AUP0341,智慧建筑与智慧城市（一）（理论）,选修,1,16,风景园林（四年制）
AUP0351,智慧建筑与智慧城市（二）（实践）,选修,3,48,风景园林（四年制）
AUP0512,测量与地图学,必修,1.5,24,风景园林（四年制）
AUP0672,风景园林植物学（一）,必修,2,32,风景园林（四年制）
AUP0692,风景园林专业导论,必修,1,16,风景园林（四年制）
AUP0741,画法几何与建筑图学,选修,2,32,风景园林（四年制）
AUP0761,计算机辅助设计,必修,1.5,24,风景园林（四年制）
AUP1111,社会调查研究方法,必修,1.5,24,风景园林（四年制）
AUP1132,设计初步,必修,5,80,风景园林（四年制）
AUP1432,专业英语,必修,1,16,风景园林（四年制）
AUP1641,设计创新思维,必修,1,16,风景园林（四年制）
AUP1662,外国风景园林史,必修,1.5,24,风景园林（四年制）
AUP1952,生态修复理论,必修,1.5,24,风景园林（四年制）
AUP1961,植景营造概论,必修,1.5,24,风景园林（四年制）
AUP2361,景观生态概论,必修,1.5,24,风景园林（四年制）
AUP2731,国土空间总体规划原理,选修,2.5,40,风景园林（四年制）
AUP2871,自然保护地规划概论,必修,1.5,24,风景园林（四年制）
AUP2881,自然保护地规划,必修,4,64,风景园林（四年制）
AUP3021,外国近现代建筑史,选修,2,32,风景园林（四年制）
AUP3371,城乡文化遗产保护,选修,1.5,24,风景园林（四年制）
AUP3611,风景园林工程认知实习,必修,0.5,1w,风景园林（四年制）
AUP3621,风景园林职业实践,必修,4,8w,风景园林（四年制）
AUP3631,风景园林植物认知实习,必修,0.5,1w,风景园林（四年制）
AUP3642,风景园林综合实习,必修,1,2w,风景园林（四年制）
AUP5051,城市住房与社区规划,选修,1.5,24,风景园林（四年制）
AUP5192,当代风景园林思潮与动态专题,选修,1,16,风景园林（四年制）
AUP5541,营造十讲,选修,1.5,24,风景园林（四年制）
AUP5561,中国古代建筑史,选修,2,32,风景园林（四年制）
AUP5581,中外城市规划与建设史,选修,2.5,40,风景园林（四年制）
AUP5761,景观创新实践（一）,选修,2,32,风景园林（四年制）
AUP5891,大数据导论,选修,1,16,风景园林（四年制）
AUP5911,机器学习,选修,3,48,风景园林（四年制）
AUP5951,游乐空间设计概论,选修,1.5,24,风景园林（四年制）
AUP6012,智慧旅游与游憩规划概论,选修,1.5,24,风景园林（四年制）
AUP6041,文化遗产保护（一）（理论）,选修,1,16,风景园林（四年制）
AUP6051,文化遗产保护（二）（实践）,选修,3,48,风景园林（四年制）
CHI0001,中国语文,必修,2,32,风景园林（四年制）
EIC0008,人工智能概论（B）,必修,2,32,风景园林（四年制）
ESE5131,环境保护与可持续发展,选修,1.5,24,风景园林（四年制）
MAX0013,马克思主义基本原理,必修,2.5,40,风景园林（四年制）
MAX0022,思想道德与法治,必修,2.5,40,风景园林（四年制）
MAX0033,形势与政策（1-8学期）,必修,2,64,风景园林（四年制）
MAX0042,中国近现代史纲要,必修,2.5,40,风景园林（四年制）
MAX0064,毛泽东思想和中国特色社会主义理论体系概论,必修,2.5,40,风景园林（四年制）
MAX0072,习近平新时代中国特色社会主义思想概论,必修,3,48,风景园林（四年制）
NCC0051,计算机及程序设计基础（Python）,选修,3,48,风景园林（四年制）
PHE0003,大学体育（一）（1-2学期）,必修,1.8,60,风景园林（四年制）
PHE0013,大学体育（二）（3-4学期）,必修,1.8,60,风景园林（四年制）
PHE0023,大学体育（三）（5-6学期）,必修,0.4,24,风景园林（四年制）
SFL0004,综合英语（一）,必修,2.5,40,风景园林（四年制）
SFL0014,综合英语（二）,必修,2.5,40,风景园林（四年制）
AE0000,航空航天材料与制造基础,必修,3,48,飞行器设计与工程
AE0002,航空航天推进技术基础,必修,4,64,飞行器设计与工程
AE0003,飞行动力学,必修,3.5,56,飞行器设计与工程
AE0004,飞行器创新设计与实践,必修,2,32,飞行器设计与工程
AE0005,多相流体力学,选修,2,32,飞行器设计与工程
AE0006,飞行器气动设计,选修,2,32,飞行器设计与工程
AE0007,飞/发一体化设计基础,选修,2,32,飞行器设计与工程
AE0008,CFD仿真实践,选修,2,32,飞行器设计与工程
AE0009,航空结构精密加工和特种加工,选修,1.5,24,飞行器设计与工程
AE0010,结构动力学,选修,2,32,飞行器设计与工程
AE0012,航空复合材料结构力学与设计,选修,1.5,24,飞行器设计与工程
AE0013,飞行器材料与结构实验,选修,2,32,飞行器设计与工程
AE0014,飞行控制与飞行仿真,选修,2,32,飞行器设计与工程
AE0015,机器学习导论,选修,2,32,飞行器设计与工程
AE0016,惯性导航基础,选修,2,32,飞行器设计与工程
AE0017,空天科技前沿与实践,选修,1,16,飞行器设计与工程
AE0018,飞行器创新设计与实践课程设计,必修,2,4w,飞行器设计与工程
AE0019,飞行器总体设计软件实践及课程设计,必修,2,4w,飞行器设计与工程
AE0020,飞行器结构软件实践与课程设计,必修,2,4w,飞行器设计与工程
AE0036,自动控制原理,必修,3.5,56,飞行器设计与工程
AE0040,飞行器结构力学,必修,3.5,56,飞行器设计与工程
AE0042,叶轮机械原理,选修,3,48,飞行器设计与工程
AE0043,飞行器控制软件实践及课程设计,必修,2,4w,飞行器设计与工程
AE0050,毕业设计（论文）,必修,12,18w,飞行器设计与工程
AE0051,热工基础,必修,3,48,飞行器设计与工程
AE0053,理论力学（四）,必修,3.5,56,飞行器设计与工程
AE0261,航空航天与力学概论,必修,1.5,24,飞行器设计与工程
AE0561,空气动力学（二）,必修,2,32,飞行器设计与工程
AE0592,空气动力学（一）,必修,3,48,飞行器设计与工程
AE0621,材料力学（二）,必修,3.5,56,飞行器设计与工程
AE2011,飞行器总体设计,必修,2,32,飞行器设计与工程
AE3531,生产实习,必修,1.5,3w,飞行器设计与工程
AE3541,专业认知实习,必修,0.5,1w,飞行器设计与工程
AE5091,计算流体力学,选修,2,32,飞行器设计与工程
AE5151,结构设计优化理论与方法,必修,2,32,飞行器设计与工程
AE5211,有限元素法,选修,2,32,飞行器设计与工程
AE5341,燃烧理论及应用,选修,2,32,飞行器设计与工程
AE5361,稀薄气体动力学,选修,1.5,24,飞行器设计与工程
AE5481,数据结构与算法,选修,2,32,飞行器设计与工程
AE5551,实验空气动力学,选修,2,32,飞行器设计与工程
AE5621,航空电子技术,选修,3,48,飞行器设计与工程
CHI0001,中国语文,必修,2,32,飞行器设计与工程
CST0048,人工智能概论（A）,必修,2,32,飞行器设计与工程
EEE0741,电工电子学,必修,3.5,56,飞行器设计与工程
ENG3521,工程训练（五）,必修,0.5,1w,飞行器设计与工程
ENG3581,工程训练（二）,必修,1.5,3w,飞行器设计与工程
MAT0021,微积分（B）（上）,必修,5.5,88,飞行器设计与工程
MAT0031,微积分（B）（下）,必修,5.5,88,飞行器设计与工程
MAT0121,线性代数（B）,必修,2.5,40,飞行器设计与工程
MAT0131,概率论与数理统计（B）,必修,2.5,40,飞行器设计与工程
MAT0561,复变函数与积分变换,必修,2.5,40,飞行器设计与工程
MAX0013,马克思主义基本原理,必修,2.5,40,飞行器设计与工程
MAX0022,思想道德与法治,必修,2.5,40,飞行器设计与工程
MAX0033,形势与政策（1-8学期）,必修,2,64,飞行器设计与工程
MAX0042,中国近现代史纲要,必修,2.5,40,飞行器设计与工程
MAX0064,毛泽东思想和中国特色社会主义理论体系概论,必修,2.5,40,飞行器设计与工程
MAX0072,习近平新时代中国特色社会主义思想概论,必修,3,48,飞行器设计与工程
MESE0611,机械原理,必修,2,32,飞行器设计与工程
MESE1111,机械设计理论与方法（一）上,必修,2.5,40,飞行器设计与工程
MESE1122,机械设计理论与方法（一）下,必修,1.5,24,飞行器设计与工程
NCC0051,计算机及程序设计基础（Python）,必修,3,48,飞行器设计与工程
PHE0003,大学体育（一）（1-2学期）,必修,1.8,60,飞行器设计与工程
PHE0013,大学体育（二）（3-4学期）,必修,1.8,60,飞行器设计与工程
PHE0023,大学体育（三）（5-6学期）,必修,0.4,24,飞行器设计与工程
PHY0171,大学物理（A）（上）,必修,4,64,飞行器设计与工程
PHY0181,大学物理（A）（下）,必修,4,64,飞行器设计与工程
PHY0191,物理实验（上）,必修,2,32,飞行器设计与工程
PHY0201,物理实验（下）,必修,1.5,24,飞行器设计与工程
SFL0004,综合英语（一）,必修,2.5,40,飞行器设计与工程
SFL0014,综合英语（二）,必修,2.5,40,飞行器设计与工程
BIO0786,细胞生物学,必修,2.5,48,麻醉学
BMS0514,系统解剖学,必修,4.5,96,麻醉学
BMS0521,局部解剖学,必修,2,72,麻醉学
BMS0533,病理生理学,必修,3,"48
(8)",麻醉学
BMS0544,病理学,必修,4,"80
(24)",麻醉学
BMS0561,组织学与胚胎学,必修,3.5,80,麻醉学
BMS0585,药理学,必修,4,"64
(16)",麻醉学
BMS0599,生物化学与分子生物学,必修,5,"104
(16)",麻醉学
BMS0603,PBL专题教学（一）,必修,1,"14
(18)",麻醉学
BMS0615,PBL专题教学（二）,必修,1,"12
(20)",麻醉学
BMS0671,机能实验1,必修,1,32,麻醉学
BMS0681,机能实验2,必修,2,64,麻醉学
BMS0747,生理学,必修,4.5,"72
(24)",麻醉学
BMS0802,医学免疫学,必修,2.5,48,麻醉学
BMS0832,医学遗传学,必修,1.5,32,麻醉学
BMS0952,病原生物学（一）,必修,2,"47
(9)",麻醉学
BMS0962,病原生物学（二）,必修,3,"62
(10)",麻醉学
CHE0721,基础化学（一）,必修,4.5,72,麻醉学
CHE0821,有机化学（一）,必修,6,96,麻醉学
CHI0001,中国语文,必修,2,32,麻醉学
CLF0002,眼科见习,必修,0.5,1w,麻醉学
CLF0012,皮肤性病科见习,必修,0.5,1w,麻醉学
CLF0020,神经及精神科见习,必修,1,2w,麻醉学
CLF0022,感染科见习,必修,0.5,1w,麻醉学
CLF0024,外科学实习（9-10学期）,必修,5.5,11w,麻醉学
CLF0025,内科学实习（含社区医院实习2周）（9-10学期）,必修,5.5,11w,麻醉学
CLF0032,耳鼻咽喉科见习,必修,0.5,1w,麻醉学
CLF0091,影像科见习,必修,1,2w,麻醉学
CLF0132,临床麻醉学,必修,2,32,麻醉学
CLF0142,疼痛科见习,必修,1,2w,麻醉学
CLF0152,重症医学科见习,必修,1,2w,麻醉学
CLF0161,麻醉科实习（9-10学期）,必修,8,16w,麻醉学
CLF0171,疼痛诊疗学,必修,1,16,麻醉学
CLF0181,重症医学,必修,1,16,麻醉学
CLF0201,床旁见习专题（内外妇儿）（6-7学期）,必修,9,36w,麻醉学
CLF0211,麻醉生理学,必修,1,16,麻醉学
CLF0221,麻醉药理学,必修,1,16,麻醉学
CLF0231,急诊内科见习,必修,0.5,1w,麻醉学
CLF0241,急诊外科见习,必修,0.5,1w,麻醉学
CLF0251,麻醉科见习,必修,1,2w,麻醉学
CLF0261,神经内科实习（9-10学期）,必修,1,2w,麻醉学
CLF0522,儿科学（6-7学期）,必修,2.5,40,麻醉学
CLF0531,妇产科学（6-7学期）,必修,2.5,40,麻醉学
CLF0542,核医学,必修,1.5,"27
(5)",麻醉学
CLF0571,实验诊断学,必修,2,40,麻醉学
CLF0582,手术学,必修,1,32,麻醉学
CLF0603,物理诊断学,必修,4,80,麻醉学
CLF0611,医学影像学,必修,2,32,麻醉学
CLF2021,传染病学,必修,2,32,麻醉学
CLF2041,耳鼻咽喉科学,必修,1.5,24,麻醉学
CLF2092,急诊医学,必修,1,16,麻醉学
CLF2214,内科学（6-7学期）,必修,5.5,88,麻醉学
CLF2221,皮肤性病学,必修,1.5,24,麻醉学
CLF2231,神经及精神病学,必修,2,32,麻醉学
CLF2244,外科学（6-7学期）,必修,5.5,88,麻醉学
CLF2251,眼科学,必修,1.5,24,麻醉学
CLF2262,中医学（含针灸学）,必修,3,"48
(8)",麻醉学
CLF2282,临床模拟技能训练,必修,1,24,麻醉学
CLF2291,临床模拟思维训练,必修,1,16,麻醉学
CLF3583,儿科学实习（9-10学期）,必修,2,4w,麻醉学
CLF3613,妇产科学实习（9-10学期）,必修,2,4w,麻醉学
CLF3831,临床实践考试,必修,0.5,1w,麻醉学
CLS0612,医学导论,必修,1,16,麻醉学
CLS3961,临床技能毕业考试,必修,0.5,1w,麻醉学
CLS3971,临床理论毕业考试,必修,0.5,1w,麻醉学
EIC0008,人工智能概论（B）,必修,2,32,麻醉学
GEC1881,口腔医学,选修,1,16,麻醉学
GEC1891,老年病学,选修,1,16,麻醉学
GEC2121,肿瘤医学,选修,1,16,麻醉学
GEC2141,糖尿病足,选修,1,16,麻醉学
GEC2151,足外科学,选修,1,16,麻醉学
GEC2621,CT诊断学,选修,1,16,麻醉学
GEC2631,超声诊断学,选修,1.5,24,麻醉学
GEC2651,医疗质量与安全,选修,1,16,麻醉学
GEC2741,肿瘤学,选修,2,32,麻醉学
GEC2751,常用急救知识与技能,选修,1,16,麻醉学
GEC2761,老年医学,选修,2,32,麻醉学
GEC3001,临床变态反应学,选修,1,16,麻醉学
GEC3051,康复医学（公选课）,选修,1.5,24,麻醉学
GEC3341,临床医学沟通,选修,1,16,麻醉学
GEC3741,心脏移植与心室辅助,选修,1.5,24,麻醉学
GEC4031,健康管理,选修,1.5,24,麻醉学
GEC4041,整形美容外科学,选修,2,32,麻醉学
GEC4061,创面修复学,选修,1.5,24,麻醉学
GEC4721,缓和医疗,选修,1.5,24,麻醉学
GEC4891,科学应对微生物耐药,选修,1,16,麻醉学
GEC4961,医学营养学,选修,2,32,麻醉学
GEC4981,多学科综合临床技能模拟训练,选修,1,16,麻醉学
GEC5401,生命教育与临终关怀,选修,1,16,麻醉学
GEC6121,结构化医学沟通技能,选修,2,32,麻醉学
GEC6131,精准制导——脊柱外科微创的精与美,选修,2,32,麻醉学
GEC6141,Adobe Illustrator 科研绘图,选修,1,16,麻醉学
GEC6161,平衡的美学——脊柱畸形矫形的艺术,选修,2,32,麻醉学
MAT0051,微积分（D）,必修,4,64,麻醉学
MAX0013,马克思主义基本原理,必修,2.5,40,麻醉学
MAX0022,思想道德与法治,必修,2.5,40,麻醉学
MAX0033,形势与政策（1-8学期）,必修,2,64,麻醉学
MAX0042,中国近现代史纲要,必修,2.5,40,麻醉学
MAX0064,毛泽东思想和中国特色社会主义理论体系概论,必修,2.5,40,麻醉学
MAX0072,习近平新时代中国特色社会主义思想概论,必修,3,48,麻醉学
MHM0692,医学伦理学,必修,1.5,24,麻醉学
NCC0051,计算机及程序设计基础（Python）,必修,3,48,麻醉学
PHE0003,大学体育（一）（1-2学期）,必修,1.8,60,麻醉学
PHE0013,大学体育（二）（3-4学期）,必修,1.8,60,麻醉学
PHE0023,大学体育（三）（5-6学期）,必修,0.4,24,麻醉学
PHY0211,大学物理（B）,必修,4,64,麻醉学
PHY0561,物理实验（二）,必修,0.75,24,麻醉学
PUH0002,全球健康,必修,1.5,"24
(8)",麻醉学
PUH0141,公共卫生应急管理,必修,1,"16
(16)",麻醉学
PUH0585,医学统计学,必修,1.5,32,麻醉学
PUH0592,医学心理学,必修,1.5,24,麻醉学
PUH0606,预防医学,必修,2,36,麻醉学
PUH2091,循证医学,必修,1,"16
(8)",麻醉学
SFL0004,综合英语（一）,必修,2.5,"40
(16)",麻醉学
SFL0014,综合英语（二）,必修,2.5,"40
(16)",麻醉学
SFL0202,医学英语基础,必修,1.5,24,麻醉学
